feature_timestamp,forecast_timestamp,vib_x_rms_current,vib_x_rms_prediction,vib_x_rms_change,vib_y_rms_current,vib_y_rms_prediction,vib_y_rms_change,vib_z_rms_current,vib_z_rms_prediction,vib_z_rms_change,mag_x_current,mag_x_prediction,mag_x_change,mag_y_current,mag_y_prediction,mag_y_change,mag_z_current,mag_z_prediction,mag_z_change,temperature_current,temperature_prediction,temperature_change
2026-06-08 00:01:26,2026-06-08 00:02:26,0.107575,0.1057664304971695,-0.0018085695028305093,0.153031,0.13629797101020813,-0.01673302898979187,0.07271,0.06313824653625488,-0.009571753463745114,157.416,232.55476022571892,75.13876022571893,297.654,228.28922647472638,-69.36477352527362,4.928,222.61420083311344,217.68620083311345,45.25,45.25,0.0
2026-06-08 00:01:28,2026-06-08 00:02:28,0.112811,0.10819882899522781,-0.004612171004772181,0.13907,0.13487225770950317,-0.004197742290496825,0.062509,0.06333937495946884,0.0008303749594688464,437.108,220.83296975547273,-216.27503024452727,346.402,232.26294014519294,-114.13905985480704,298.858,229.04262337864805,-69.81537662135196,45.25,45.25,0.0
2026-06-08 00:01:29,2026-06-08 00:02:29,0.125232,0.10891515761613846,-0.01631684238386155,0.154818,0.13800248503684998,-0.016815514963150036,0.082712,0.06348155438899994,-0.019230445611000055,147.518,232.42886977425835,84.91086977425834,384.496,230.68905321760047,-153.8069467823995,371.518,226.8928053966717,-144.62519460332828,45.25,45.25,0.0
2026-06-08 00:01:31,2026-06-08 00:02:31,0.126166,0.10742921382188797,-0.01873678617811203,0.127775,0.13774611055850983,0.009971110558509827,0.072664,0.06309908628463745,-0.009564913715362555,103.306,224.20509938968598,120.89909938968599,284.704,232.81481055695284,-51.88918944304717,77.966,225.9638084229124,147.99780842291239,45.25,45.25,0.0
2026-06-08 00:01:32,2026-06-08 00:02:32,0.117426,0.1072755753993988,-0.010150424600601199,0.126935,0.13859155774116516,0.011656557741165169,0.064844,0.0635862648487091,-0.0012577351512908924,210.35,225.6831602787753,15.333160278775296,354.172,235.61859079557388,-118.55340920442615,456.932,223.44859949444395,-233.48340050555606,45.25,45.25,0.0
2026-06-08 00:01:34,2026-06-08 00:02:34,0.116956,0.10619878023862839,-0.010757219761371617,0.130425,0.13608378171920776,0.0056587817192077505,0.070224,0.0643586590886116,-0.005865340911388392,40.754,229.69754230851922,188.94354230851923,137.438,227.67175040361897,90.23375040361898,34.23,227.76660689717292,193.53660689717293,45.25,45.25,0.0
2026-06-08 00:01:35,2026-06-08 00:02:35,0.09848,0.10668071359395981,0.00820071359395981,0.129365,0.14013752341270447,0.01077252341270446,0.062856,0.06263107061386108,-0.00022492938613891122,37.59,226.22021333613117,188.63021333613116,49.336,231.02037048639914,181.68437048639913,153.566,221.63974293918318,68.07374293918318,45.25,45.25,0.0
2026-06-08 00:01:37,2026-06-08 00:02:37,0.096603,0.1074368953704834,0.010833895370483404,0.130207,0.143016055226326,0.012809055226326,0.064598,0.06368693709373474,-0.0009110629062652614,92.708,230.68122803071537,137.97322803071538,426.664,238.60719369261753,-188.05680630738246,283.01,226.92251398426433,-56.087486015735664,45.25,45.25,0.0
2026-06-08 00:01:38,2026-06-08 00:02:38,0.115572,0.10642493516206741,-0.00914706483793258,0.124349,0.14217863976955414,0.017829639769554137,0.067111,0.06363315135240555,-0.003477848647594456,211.414,229.25865845272477,17.844658452724786,282.786,226.41899262761683,-56.36700737238317,413.672,226.50510809682615,-187.16689190317388,45.25,45.25,0.0
2026-06-08 00:01:39,2026-06-08 00:02:39,0.122997,0.10491342842578888,-0.018083571574211116,0.134318,0.13782797753810883,0.0035099775381088327,0.064001,0.06290803849697113,-0.001092961503028872,374.122,229.5421574994258,-144.57984250057422,54.306,227.9994848320165,173.6934848320165,354.004,233.71080079172597,-120.29319920827405,45.25,45.25,0.0
2026-06-08 00:01:41,2026-06-08 00:02:41,0.093207,0.10326553136110306,0.01005853136110306,0.134058,0.13830967247486115,0.0042516724748611345,0.067395,0.06270647794008255,-0.0046885220599174465,440.468,230.10673198451812,-210.3612680154819,323.218,223.90980557195726,-99.30819442804275,20.79,223.93782329163741,203.14782329163742,45.25,45.25,0.0
2026-06-08 00:01:42,2026-06-08 00:02:42,0.102644,0.10381196439266205,0.0011679643926620492,0.14926,0.13931693136692047,-0.009943068633079533,0.062102,0.06240333989262581,0.00030133989262581123,429.24,226.85685272777818,-202.38314727222183,209.412,226.6798245346293,17.267824534629284,299.558,228.0426417641885,-71.5153582358115,45.25,45.25,0.0
2026-06-08 00:01:44,2026-06-08 00:02:44,0.101222,0.10821809619665146,0.006996096196651452,0.140427,0.13813389837741852,-0.002293101622581478,0.067699,0.06182882934808731,-0.0058701706519126845,207.97,230.17158993324017,22.20158993324017,125.832,228.89317257572358,103.06117257572359,414.218,232.6399580431463,-181.57804195685372,45.25,45.25,0.0
2026-06-08 00:01:45,2026-06-08 00:02:45,0.104554,0.10427732020616531,-0.00027667979383468044,0.124969,0.13994400203227997,0.014975002032279972,0.061696,0.06220180541276932,0.0005058054127693168,418.642,228.8522597607068,-189.7897402392932,181.818,232.10680877982279,50.28880877982277,422.8,222.30564603328074,-200.49435396671927,45.25,45.25,0.0
2026-06-08 00:01:47,2026-06-08 00:02:47,0.123715,0.10457748174667358,-0.01913751825332642,0.104073,0.13989879190921783,0.035825791909217836,0.063711,0.06279321759939194,-0.0009177824006080665,443.954,231.81602298643554,-212.13797701356447,12.768,227.3240753993682,214.5560753993682,278.46,225.02987983657044,-53.430120163429535,45.25,45.25,0.0
2026-06-08 00:01:48,2026-06-08 00:02:48,0.117646,0.10281751304864883,-0.014828486951351166,0.120904,0.13589394092559814,0.014989940925598147,0.060466,0.06095841899514198,0.0004924189951419841,335.468,231.94670825443055,-103.52129174556947,369.726,223.8409428411282,-145.8850571588718,213.36,225.0347049985103,11.674704998510293,45.25,45.25,0.0
2026-06-08 00:01:49,2026-06-08 00:02:49,0.101315,0.10151425749063492,0.00019925749063491593,0.127902,0.13737328350543976,0.00947128350543977,0.065544,0.0626014769077301,-0.0029425230922699025,94.318,231.31311126026407,136.99511126026408,232.232,224.25168034686746,-7.98031965313254,323.33,227.90167206103519,-95.4283279389648,45.25,45.25,0.0
2026-06-08 00:01:51,2026-06-08 00:02:51,0.105865,0.10400818288326263,-0.0018568171167373665,0.117095,0.13648946583271027,0.01939446583271026,0.057432,0.06275521218776703,0.005323212187767032,166.012,224.23035239063992,58.21835239063992,91.658,236.48055335126296,144.82255335126297,420.252,231.60522601192469,-188.64677398807532,45.25,45.25,0.0
2026-06-08 00:01:52,2026-06-08 00:02:52,0.108886,0.10431110113859177,-0.00457489886140823,0.154408,0.13503897190093994,-0.01936902809906005,0.054371,0.061020590364933014,0.006649590364933011,329.616,231.5147668871874,-98.1012331128126,364.042,231.73890274506593,-132.30309725493404,439.81,226.15013686449055,-213.65986313550945,45.25,45.25,0.0
2026-06-08 00:01:54,2026-06-08 00:02:54,0.105419,0.09710055589675903,-0.008318444103240966,0.130155,0.13113828003406525,0.0009832800340652537,0.062237,0.05814312770962715,-0.004093872290372849,395.794,226.03893572296474,-169.75506427703525,306.236,229.1080852092126,-77.1279147907874,39.62,218.62318069428164,179.00318069428164,45.25,45.25,0.0
2026-06-08 00:01:55,2026-06-08 00:02:55,0.112862,0.10237021744251251,-0.010491782557487492,0.121209,0.1358586549758911,0.014649654975891116,0.059213,0.060081757605075836,0.0008687576050758344,234.682,230.8038974743391,-3.8781025256608928,201.054,224.44514866444555,23.391148664445552,352.114,222.52947459318528,-129.5845254068147,45.25,45.25,0.0
2026-06-08 00:01:57,2026-06-08 00:02:57,0.109245,0.10412959009408951,-0.005115409905910487,0.130418,0.13510654866695404,0.004688548666954034,0.053492,0.05992453172802925,0.006432531728029253,165.69,225.40278749885883,59.71278749885883,195.328,233.42333410375622,38.095334103756215,133.644,222.7223127960728,89.0783127960728,45.25,45.25,0.0
2026-06-08 00:01:58,2026-06-08 00:02:58,0.116031,0.10157962888479233,-0.014451371115207667,0.12171,0.1350819617509842,0.013371961750984193,0.055579,0.05973384529352188,0.004154845293521878,228.214,228.51916162321422,0.305161623214218,352.674,237.06357902931754,-115.61042097068244,264.18,231.52453152424204,-32.65546847575797,45.25,45.25,0.0
2026-06-08 00:01:59,2026-06-08 00:02:59,0.105917,0.10039759427309036,-0.005519405726909635,0.121565,0.1354299783706665,0.013864978370666498,0.052659,0.05853802710771561,0.005879027107715609,396.69,227.6825099267322,-169.0074900732678,331.828,234.10743037518986,-97.72056962481011,70.756,226.25039107548145,155.49439107548145,45.25,45.25,0.0
2026-06-08 00:02:01,2026-06-08 00:03:01,0.120936,0.09869944304227829,-0.022236556957721712,0.142716,0.1332550197839737,-0.009460980216026316,0.056678,0.058596160262823105,0.0019181602628231056,292.376,224.5416764564362,-67.83432354356378,259.672,223.91228676667797,-35.75971323332206,285.796,223.1078662084621,-62.688133791537894,45.25,45.25,0.0
2026-06-08 00:02:02,2026-06-08 00:03:02,0.112079,0.10091951489448547,-0.011159485105514524,0.124257,0.13433590531349182,0.010078905313491815,0.062288,0.05868685245513916,-0.003601147544860843,440.37,226.47867706866927,-213.89132293133073,414.302,229.9561217520264,-184.34587824797362,228.718,230.10289564019257,1.3848956401925818,45.25,45.25,0.0
2026-06-08 00:02:04,2026-06-08 00:03:04,0.104428,0.10501831024885178,0.0005903102488517692,0.128132,0.13506974279880524,0.006937742798805241,0.052846,0.06041831523180008,0.007572315231800082,180.908,229.3086392842325,48.40063928423251,155.834,222.4160853470265,66.58208534702649,366.52,229.48917386563943,-137.03082613436055,45.25,45.25,0.0
2026-06-08 00:02:05,2026-06-08 00:03:05,0.12606,0.10192658752202988,-0.02413341247797013,0.123791,0.13623426854610443,0.012443268546104433,0.062032,0.05978062376379967,-0.0022513762362003295,205.604,225.15880466126472,19.55480466126471,379.876,228.05327849270847,-151.8227215072915,227.262,226.5922314006845,-0.6697685993154892,45.25,45.25,0.0
2026-06-08 00:02:07,2026-06-08 00:03:07,0.115029,0.10204436630010605,-0.012984633699893958,0.162426,0.127892404794693,-0.034533595205306994,0.060142,0.05986277759075165,-0.00027922240924835307,38.206,230.64211682300547,192.43611682300548,259.518,227.90882094455546,-31.609179055444514,207.27,229.53401442774788,22.264014427747867,45.25,45.25,0.0
2026-06-08 00:02:08,2026-06-08 00:03:08,0.100385,0.1026882752776146,0.0023032752776145915,0.148243,0.12759822607040405,-0.02064477392959596,0.063779,0.06114351749420166,-0.002635482505798342,298.452,224.8232671496772,-73.62873285032279,189.644,230.7140191442389,41.0700191442389,416.724,230.1698616357375,-186.55413836426249,45.25,45.25,0.0
2026-06-08 00:02:09,2026-06-08 00:03:09,0.101808,0.1034543588757515,0.0016463588757514996,0.146375,0.13504056632518768,-0.011334433674812322,0.060786,0.05845144763588905,-0.0023345523641109464,264.894,234.57136194564063,-30.322638054359373,143.948,230.69643587210734,86.74843587210734,106.022,225.34818035715347,119.32618035715346,45.25,45.25,0.0
2026-06-08 00:02:11,2026-06-08 00:03:11,0.115437,0.10470506548881531,-0.01073193451118469,0.13441,0.1339036524295807,-0.0005063475704193132,0.071451,0.059516407549381256,-0.011934592450618745,7.294,231.79888872011688,224.50488872011687,412.496,235.31631029454215,-177.17968970545783,44.898,227.613384244212,182.715384244212,45.25,45.25,0.0
2026-06-08 00:02:12,2026-06-08 00:03:12,0.109007,0.10620665550231934,-0.0028003444976806707,0.140922,0.13626964390277863,-0.004652356097221366,0.070105,0.05946971848607063,-0.010635281513929368,48.678,227.6423759591904,178.9643759591904,119.126,228.74515211101024,109.61915211101024,21.322,229.32368547740447,208.00168547740446,45.25,45.25,0.0
2026-06-08 00:02:14,2026-06-08 00:03:14,0.086469,0.10863593965768814,0.022166939657688137,0.151236,0.14568211138248444,-0.005553888617515573,0.060345,0.061602212488651276,0.0012572124886512728,318.542,227.9351041779374,-90.60689582206257,148.834,226.99084940779343,78.15684940779343,435.358,229.7941507462005,-205.5638492537995,45.25,45.25,0.0
2026-06-08 00:02:15,2026-06-08 00:03:15,0.114538,0.1035073921084404,-0.011030607891559602,0.128288,0.13601478934288025,0.007726789342880236,0.054742,0.05940397083759308,0.00466197083759308,1.106,238.28738275590658,237.18138275590658,182.448,238.07416173107217,55.62616173107216,58.926,225.79019590945398,166.864195909454,45.25,45.25,0.0
2026-06-08 00:02:17,2026-06-08 00:03:17,0.1063,0.10433553904294968,-0.001964460957050329,0.137698,0.13923710584640503,0.0015391058464050422,0.059885,0.06097232177853584,0.0010873217785358422,282.016,230.4685078980834,-51.54749210191662,178.36,222.15430085549187,43.794300855491855,136.808,222.7417024590706,85.93370245907062,45.3,45.3,0.0
2026-06-08 00:02:18,2026-06-08 00:03:18,0.08632,0.09941022843122482,0.013090228431224829,0.128287,0.13370397686958313,0.005416976869583118,0.058868,0.05766170471906662,-0.0012062952809333768,217.21,231.03893038000984,13.828930380009837,200.564,228.19185215193392,27.627852151933922,208.474,227.47119008272216,18.99719008272217,45.29,45.29,0.0
2026-06-08 00:02:19,2026-06-08 00:03:19,0.097925,0.096844881772995,-0.001080118227005003,0.121661,0.12957927584648132,0.007918275846481318,0.054018,0.05848056077957153,0.004462560779571537,31.556,238.15735727244373,206.60135727244372,144.676,220.15078046322276,75.47478046322277,264.782,228.1650917815403,-36.616908218459685,45.282,45.282,0.0
2026-06-08 00:02:21,2026-06-08 00:03:21,0.112253,0.09568925201892853,-0.016563747981071478,0.128814,0.13150998950004578,0.0026959895000457645,0.062596,0.05526353046298027,-0.0073324695370197285,183.176,235.95748637332397,52.781486373323986,300.902,233.7530447294254,-67.14895527057459,45.038,230.89254175638982,185.85454175638984,45.2756,45.2756,0.0
2026-06-08 00:02:22,2026-06-08 00:03:22,0.109596,0.09606088697910309,-0.01353511302089691,0.146333,0.1306525468826294,-0.015680453117370596,0.061678,0.05748599395155907,-0.00419200604844093,251.216,223.29238938227033,-27.92361061772968,288.946,229.00028490538654,-59.94571509461349,203.644,234.80668394385623,31.162683943856223,45.32048,45.32048,0.0
2026-06-08 00:02:24,2026-06-08 00:03:24,0.120957,0.10043362528085709,-0.02052337471914291,0.158625,0.1355717033147812,-0.0230532966852188,0.073868,0.059593357145786285,-0.014274642854213718,325.836,232.4623285884853,-93.37367141151472,290.822,222.31406665913215,-68.50793334086785,260.54,235.792999537067,-24.747000462933016,45.356384,45.356384,0.0
2026-06-08 00:02:25,2026-06-08 00:03:25,0.100494,0.09726301580667496,-0.0032309841933250427,0.122813,0.1238131895661354,0.001000189566135401,0.060833,0.055563803762197495,-0.005269196237802504,343.462,233.7932387299927,-109.66876127000728,253.106,223.4558491863472,-29.6501508136528,149.66,232.42327386306482,82.76327386306482,45.3351072,45.3351072,0.0
2026-06-08 00:02:27,2026-06-08 00:03:27,0.106488,0.10073788464069366,-0.005750115359306335,0.130302,0.13173095881938934,0.001428958819389342,0.059734,0.058468516916036606,-0.0012654830839633965,226.072,230.993422023976,4.9214220239759925,162.96,225.70375629421088,62.74375629421087,289.884,231.13953447768205,-58.74446552231797,45.31808576,45.31808576,0.0
2026-06-08 00:02:28,2026-06-08 00:03:28,0.125418,0.09989973157644272,-0.025518268423557283,0.1268,0.13356491923332214,0.0067649192333221475,0.080431,0.05813305079936981,-0.02229794920063019,294.308,231.94213830088432,-62.36586169911567,128.142,223.7446287185429,95.60262871854292,35.182,231.54167561610583,196.35967561610585,45.30446861,45.30446861,0.0
2026-06-08 00:02:30,2026-06-08 00:03:30,0.117226,0.09729534387588501,-0.019930656124114987,0.136264,0.12182829529047012,-0.014435704709529873,0.067474,0.05696218088269234,-0.01051181911730767,112.07,233.8952834495725,121.82528344957251,403.76,230.12620935165103,-173.63379064834896,348.222,231.0761542597734,-117.14584574022658,45.34357489,45.34357489,0.0
2026-06-08 00:02:31,2026-06-08 00:03:31,0.115467,0.10036886483430862,-0.015098135165691376,0.134109,0.12894617021083832,-0.005162829789161688,0.065981,0.05679963901638985,-0.009181360983610151,177.912,240.0913254579459,62.17932545794591,318.234,223.54089822111942,-94.69310177888056,375.158,231.01999291925557,-144.13800708074444,45.32485991,45.32485991,0.0
2026-06-08 00:02:32,2026-06-08 00:03:32,0.114188,0.09981115162372589,-0.014376848376274107,0.156197,0.12882357835769653,-0.02737342164230347,0.078332,0.057194359600543976,-0.021137640399456023,153.538,235.8829421575548,82.34494215755478,446.908,224.98349263749444,-221.92450736250558,38.92,223.76239747612428,184.8423974761243,45.30988793,45.30988793,0.0
2026-06-08 00:02:34,2026-06-08 00:03:34,0.100804,0.09675431251525879,-0.004049687484741216,0.136143,0.1291561871767044,-0.0069868128232955795,0.067805,0.05707128345966339,-0.010733716540336613,108.64,230.60894037135122,121.96894037135122,313.67,227.59015277725334,-86.07984722274668,242.032,225.4473544024007,-16.58464559759932,45.34791034,45.34791034,0.0
2026-06-08 00:02:35,2026-06-08 00:03:35,0.098044,0.09855686873197556,0.0005128687319755493,0.11308,0.1281205266714096,0.015040526671409607,0.062483,0.05614251270890236,-0.006340487291097638,330.708,224.38009053534512,-106.32790946465491,67.872,226.8336144162037,158.9616144162037,63.938,231.5869114172928,167.64891141729282,45.37832827,45.37832827,0.0
2026-06-08 00:02:37,2026-06-08 00:03:37,0.102672,0.09724216163158417,-0.005429838368415832,0.13945,0.12361684441566467,-0.015833155584335318,0.062219,0.05464770272374153,-0.007571297276258465,455.896,235.41932328030188,-220.47667671969813,369.894,235.24362574153295,-134.65037425846705,251.664,237.16404577446178,-14.499954225538204,45.35266262,45.35266262,0.0
2026-06-08 00:02:38,2026-06-08 00:03:38,0.096593,0.0997878834605217,0.0031948834605216997,0.130238,0.12395265698432922,-0.006285343015670769,0.064291,0.055789507925510406,-0.008501492074489594,333.76,239.64302323151662,-94.11697676848337,17.962,224.2477718661484,206.28577186614842,305.732,230.28589277757993,-75.4461072224201,45.3321301,45.3321301,0.0
2026-06-08 00:02:40,2026-06-08 00:03:40,0.103578,0.09867767989635468,-0.004900320103645328,0.13685,0.12655694782733917,-0.010293052172660827,0.063921,0.05771426856517792,-0.006206731434822088,14.35,232.278351706876,217.92835170687601,441.952,225.58708882630867,-216.36491117369133,404.096,224.71296741453762,-179.3830325854624,45.36570408,45.36570408,0.0
2026-06-08 00:02:41,2026-06-08 00:03:41,0.104592,0.09962689876556396,-0.00496510123443604,0.14843,0.12963199615478516,-0.01879800384521485,0.067991,0.058383602648973465,-0.009607397351026531,454.888,228.520215750558,-226.36778424944197,358.792,230.25139937479702,-128.54060062520296,226.52,235.44347429326282,8.923474293262814,45.39256326,45.39256326,0.0
2026-06-08 00:02:42,2026-06-08 00:03:42,0.120879,0.10005996376276016,-0.020819036237239838,0.142212,0.1291991025209427,-0.013012897479057317,0.06378,0.058753591030836105,-0.005026408969163898,6.216,230.8850304032792,224.66903040327918,376.432,231.72190482373486,-144.71009517626516,235.088,230.81567584316656,-4.2723241568334345,45.41405061,45.41405061,0.0
2026-06-08 00:02:44,2026-06-08 00:03:44,0.097881,0.10061227530241013,0.00273127530241013,0.117707,0.12893545627593994,0.011228456275939935,0.05748,0.059395935386419296,0.001915935386419293,302.204,226.02719011441812,-76.17680988558189,391.314,238.74093295673302,-152.573067043267,93.464,234.979692525091,141.515692525091,45.38124049,45.38124049,0.0
2026-06-08 00:02:45,2026-06-08 00:03:45,0.119832,0.10247138887643814,-0.017360611123561853,0.136302,0.12909457087516785,-0.00720742912483216,0.056415,0.059102289378643036,0.002687289378643036,178.808,231.77631802065372,52.968318020653726,414.33,235.52929368011013,-178.80070631988985,448.35,239.1958772193568,-209.15412278064323,45.35499239,45.35499239,0.0
2026-06-08 00:02:47,2026-06-08 00:03:47,0.108845,0.09930502623319626,-0.009539973766803739,0.133323,0.13085351884365082,-0.002469481156349179,0.060992,0.05733354762196541,-0.0036584523780345893,68.558,230.23386332868043,161.6758633286804,431.452,235.02371605860554,-196.42828394139445,341.474,234.60943700944995,-106.86456299055004,45.38399391,45.38399391,0.0
2026-06-08 00:02:48,2026-06-08 00:03:48,0.099183,0.10309180617332458,0.003908806173324592,0.152985,0.1354655772447586,-0.017519422755241404,0.06068,0.05781764164566994,-0.0028623583543300607,5.628,227.72657869276026,222.09857869276027,326.186,235.22291084685915,-90.96308915314083,174.594,237.9008897788474,63.30688977884739,45.40719513,45.40719513,0.0
2026-06-08 00:02:50,2026-06-08 00:03:50,0.12229,0.10407738387584686,-0.018212616124153133,0.148459,0.13359138369560242,-0.01486761630439759,0.072064,0.05651451274752617,-0.015549487252473834,126.49,225.32457642115367,98.83457642115367,54.362,226.45781548456898,172.095815484569,227.248,234.40591344588643,7.157913445886436,45.3757561,45.3757561,0.0
2026-06-08 00:02:51,2026-06-08 00:03:51,0.116418,0.10420749336481094,-0.01221050663518905,0.136097,0.12781138718128204,-0.008285612818717952,0.060234,0.057475894689559937,-0.0027581053104400663,148.232,224.5837081245171,76.3517081245171,444.192,234.60057735808905,-209.59142264191095,127.68,230.76064513733382,103.08064513733382,45.35060488,45.35060488,0.0
2026-06-08 00:02:52,2026-06-08 00:03:52,0.116167,0.10346852242946625,-0.012698477570533759,0.146454,0.13182809948921204,-0.014625900510787965,0.06413,0.057557716965675354,-0.0065722830343246524,245.21,230.3088872775014,-14.901112722498596,432.852,229.65573362758622,-203.19626637241376,309.036,236.6049236104894,-72.4310763895106,45.38048391,45.38048391,0.0
2026-06-08 00:02:54,2026-06-08 00:03:54,0.096409,0.10546960681676865,0.009060606816768652,0.139287,0.13149704039096832,-0.007789959609031671,0.060325,0.059576209634542465,-0.0007487903654575315,54.978,230.80596386673412,175.8279638667341,139.944,224.4754062255368,84.53140622553681,287.322,239.13480581536322,-48.18719418463678,45.40438712,45.40438712,0.0
2026-06-08 00:02:55,2026-06-08 00:03:55,0.10244,0.10428164154291153,0.0018416415429115263,0.142143,0.1324175000190735,-0.009725499980926505,0.064966,0.05767189338803291,-0.007294106611967083,422.142,226.71147997535581,-195.43052002464418,422.982,228.65591784439613,-194.3260821556039,374.794,234.26172095181118,-140.5322790481888,45.4235097,45.4235097,0.0
2026-06-08 00:02:57,2026-06-08 00:03:57,0.114042,0.10483008623123169,-0.009211913768768315,0.139768,0.13486729562282562,-0.004900704377174381,0.080472,0.05947687104344368,-0.020995128956556322,87.654,232.7549385843588,145.1009385843588,279.37,228.96055581815324,-50.409444181846766,11.718,232.38732799529367,220.66932799529368,45.43880776,45.43880776,0.0
2026-06-08 00:02:58,2026-06-08 00:03:58,0.092382,0.1031508520245552,0.0107688520245552,0.139837,0.13626478612422943,-0.003572213875770558,0.06761,0.0589946024119854,-0.008615397588014606,39.844,221.60630205936536,181.76230205936537,433.188,227.67360544227043,-205.51439455772956,294.014,228.98651434999292,-65.0274856500071,45.45104621,45.45104621,0.0
2026-06-08 00:03:00,2026-06-08 00:04:00,0.111306,0.10627198964357376,-0.005034010356426241,0.158549,0.14018157124519348,-0.018367428754806514,0.070111,0.059162456542253494,-0.010948543457746512,28.63,228.6587794469505,200.0287794469505,401.086,234.7616445582916,-166.3243554417084,161.014,235.82531563440398,74.81131563440397,45.46083697,45.46083697,0.0
2026-06-08 00:03:01,2026-06-08 00:04:01,0.09886,0.10583987087011337,0.006979870870113369,0.126232,0.14003664255142212,0.013804642551422108,0.066267,0.059772782027721405,-0.006494217972278601,405.09,224.61675203802307,-180.4732479619769,399.196,235.6969697954805,-163.49903020451953,119.028,234.33483713553517,115.30683713553516,45.46866957,45.46866957,0.0
2026-06-08 00:03:02,2026-06-08 00:04:02,0.089812,0.10556083917617798,0.015748839176177976,0.18763,0.1382007747888565,-0.049429225211143485,0.065683,0.05910787358880043,-0.006575126411199575,343.602,227.23442339235845,-116.36757660764152,198.128,238.50690486055586,40.37890486055588,7.196,234.47121969572027,227.27521969572027,45.47493566,45.47493566,0.0
2026-06-08 00:03:04,2026-06-08 00:04:04,0.10172,0.10274093598127365,0.0010209359812736463,0.17892,0.13821589946746826,-0.040704100532531734,0.065737,0.0575215183198452,-0.008215481680154804,264.124,222.1555668276351,-41.96843317236491,395.654,228.949420840412,-166.704579159588,211.638,232.2521913294795,20.614191329479496,45.47994853,45.47994853,0.0
2026-06-08 00:03:05,2026-06-08 00:04:05,0.107686,0.10168854892253876,-0.005997451077461247,0.145556,0.132245272397995,-0.013310727602004996,0.063461,0.05677413195371628,-0.0066868680462837254,263.27,227.63933580964542,-35.630664190354565,293.65,229.903469377144,-63.74653062285597,274.428,236.50131781567137,-37.92668218432863,45.48395882,45.48395882,0.0
2026-06-08 00:03:07,2026-06-08 00:04:07,0.110893,0.10180533677339554,-0.009087663226604467,0.168369,0.1316169798374176,-0.03675202016258239,0.055834,0.05824330076575279,0.0024093007657527907,379.078,227.1869370780274,-151.89106292197258,285.404,222.052365175399,-63.35163482460101,185.724,238.14320170463407,52.41920170463408,45.48716706,45.48716706,0.0
2026-06-08 00:03:08,2026-06-08 00:04:08,0.122665,0.10765981674194336,-0.015005183258056637,0.157034,0.13840757310390472,-0.018626426896095283,0.061198,0.05922664701938629,-0.001971352980613711,283.332,230.73547091065006,-52.59652908934993,173.572,221.1711509577012,47.5991509577012,317.772,235.0650293673229,-82.7069706326771,45.48973365,45.48973365,0.0
2026-06-08 00:03:10,2026-06-08 00:04:10,0.124818,0.10572811216115952,-0.019089887838840483,0.159977,0.13733887672424316,-0.022638123275756844,0.078262,0.06020962446928024,-0.018052375530719755,252.644,236.25953651556375,-16.384463484436253,234.514,224.06613311638654,-10.447866883613472,451.92,233.91447135506996,-218.00552864493005,45.49178692,45.49178692,0.0
2026-06-08 00:03:11,2026-06-08 00:04:11,0.103727,0.10360632091760635,-0.000120679082393646,0.142028,0.13520698249340057,-0.006821017506599414,0.064275,0.06050792708992958,-0.003767072910070418,436.814,235.6301567322002,-201.18384326779983,92.834,226.3328968972145,133.4988968972145,226.954,232.70310912161057,5.749109121610559,45.49342953,45.49342953,0.0
2026-06-08 00:03:12,2026-06-08 00:04:12,0.113903,0.10871458798646927,-0.0051884120135307354,0.141517,0.14472231268882751,0.0032053126888275107,0.060494,0.06078179553151131,0.0002877955315113076,99.484,235.047223948675,135.563223948675,189.322,232.71726988177397,43.39526988177397,240.156,235.7604448915281,-4.39555510847191,45.49474363,45.49474363,0.0
2026-06-08 00:03:14,2026-06-08 00:04:14,0.114184,0.10599114745855331,-0.00819285254144668,0.137644,0.14348793029785156,0.005843930297851574,0.063866,0.060100361704826355,-0.003765638295173651,436.576,228.70758014281216,-207.86841985718786,47.628,235.6918734216878,188.0638734216878,260.736,236.6898638191004,-24.046136180899595,45.4957949,45.4957949,0.0
2026-06-08 00:03:15,2026-06-08 00:04:15,0.115566,0.10531307756900787,-0.010252922430992129,0.128213,0.14002716541290283,0.011814165412902838,0.065366,0.05978884920477867,-0.005577150795221322,286.958,233.5322808156268,-53.425719184373236,238.952,238.48075671366257,-0.47124328633742607,420.14,235.603133486017,-184.536866513983,45.49663592,45.49663592,0.0
2026-06-08 00:03:17,2026-06-08 00:04:17,0.096008,0.10581984370946884,0.009811843709468845,0.143888,0.13490569591522217,-0.00898230408477782,0.065539,0.06055058538913727,-0.004988414610862732,210.462,232.2533997244775,21.791399724477515,445.55,243.45611198420377,-202.09388801579624,301.98,234.05488460134112,-67.9251153986589,45.49730874,45.49730874,0.0
2026-06-08 00:03:18,2026-06-08 00:04:18,0.100962,0.1080465242266655,0.007084524226665501,0.130158,0.14201635122299194,0.011858351222991947,0.06159,0.05928386375308037,-0.002306136246919631,400.204,226.67250627405417,-173.53149372594584,164.22,238.67158667820007,74.45158667820007,245.924,233.79608844183656,-12.127911558163447,45.49784699,45.49784699,0.0
2026-06-08 00:03:20,2026-06-08 00:04:20,0.110796,0.1082739382982254,-0.0025220617017746028,0.153815,0.14101910591125488,-0.012795894088745124,0.058236,0.06109367311000824,0.0028576731100082367,372.918,231.42066082224164,-141.49733917775836,414.456,232.79279598923546,-181.66320401076456,403.662,237.3858888780499,-166.27611112195007,45.49827759,45.49827759,0.0
2026-06-08 00:03:21,2026-06-08 00:04:21,0.110348,0.10576693713665009,-0.004581062863349916,0.128802,0.14627273380756378,0.017470733807563782,0.057357,0.06089520826935768,0.003538208269357683,430.066,228.75394837244414,-201.31205162755583,256.522,236.6737688056728,-19.848231194327184,104.188,227.7965739650939,123.6085739650939,45.49862207,45.49862207,0.0
2026-06-08 00:03:22,2026-06-08 00:04:22,0.106366,0.10918993502855301,0.002823935028553007,0.123781,0.13933372497558594,0.015552724975585935,0.06475,0.06134674698114395,-0.0034032530188560506,78.652,232.62651276201734,153.97451276201735,23.086,232.26753278937602,209.18153278937604,328.846,233.57454034549556,-95.27145965450444,45.49889766,45.49889766,0.0
2026-06-08 00:03:24,2026-06-08 00:04:24,0.122724,0.10574083030223846,-0.016983169697761535,0.121835,0.14027592539787292,0.018440925397872926,0.058962,0.061143193393945694,0.0021811933939456934,386.792,224.50854933999074,-162.28345066000924,117.95,240.63901826428557,122.68901826428556,38.066,234.8672146777771,196.8012146777771,45.49911813,45.49911813,0.0
2026-06-08 00:03:25,2026-06-08 00:04:25,0.113117,0.10590004920959473,-0.007216950790405269,0.121872,0.13917048275470734,0.017298482754707342,0.059468,0.061636000871658325,0.002168000871658325,448.63,228.69700312651523,-219.93299687348477,84.168,228.64149761328315,144.47349761328314,215.166,225.18177427912534,10.015774279125338,45.4492945,45.4492945,0.0
2026-06-08 00:03:27,2026-06-08 00:04:27,0.103605,0.10415385663509369,0.0005488566350936863,0.115004,0.1398841142654419,0.0248801142654419,0.054512,0.06205538660287857,0.007543386602878573,85.246,229.366021380529,144.120021380529,228.886,237.4335396535429,8.547539653542913,224.84,225.3569542988463,0.5169542988462865,45.4594356,45.4594356,0.0
2026-06-08 00:03:28,2026-06-08 00:04:28,0.108069,0.10286350548267365,-0.005205494517326353,0.124097,0.13771985471248627,0.013622854712486268,0.068221,0.061262402683496475,-0.006958597316503529,307.37,218.74860530988298,-88.62139469011703,339.668,236.32501332485123,-103.34298667514878,366.968,225.3259520180992,-141.64204798190082,45.46754848,45.46754848,0.0
2026-06-08 00:03:30,2026-06-08 00:04:30,0.09079,0.10498691350221634,0.014196913502216343,0.14979,0.13961192965507507,-0.010178070344924933,0.053652,0.061996471136808395,0.008344471136808397,221.312,226.08760304616067,4.775603046160654,273.322,237.5472325213381,-35.774767478661914,190.54,230.1095132561462,39.569513256146195,45.47403878,45.47403878,0.0
2026-06-08 00:03:31,2026-06-08 00:04:31,0.120768,0.10420100390911102,-0.016566996090888977,0.13839,0.14162258803844452,0.003232588038444506,0.066991,0.06336196511983871,-0.0036290348801612804,115.878,225.31972261783116,109.44172261783116,180.726,231.68726818629855,50.961268186298554,141.498,224.07381200687354,82.57581200687355,45.42923103,45.42923103,0.0
2026-06-08 00:03:33,2026-06-08 00:04:33,0.128069,0.10194131731987,-0.026127682680129993,0.129129,0.13736945390701294,0.008240453907012946,0.070776,0.06014537066221237,-0.010630629337787634,396.158,223.73480317641187,-172.42319682358814,420.154,238.9574259388645,-181.1965740611355,19.222,223.23295509552202,204.010955095522,45.44338482,45.44338482,0.0
2026-06-08 00:03:34,2026-06-08 00:04:34,0.113553,0.10362616926431656,-0.009926830735683442,0.133197,0.13883048295974731,0.005633482959747305,0.063865,0.05897517129778862,-0.004889828702211385,348.054,229.74626100027893,-118.30773899972104,382.634,232.62414679026884,-150.00985320973118,309.274,233.17246549228065,-76.10153450771935,45.45470786,45.45470786,0.0
2026-06-08 00:03:35,2026-06-08 00:04:35,0.115575,0.10320444405078888,-0.012370555949211118,0.148935,0.14011549949645996,-0.008819500503540051,0.06791,0.05958128720521927,-0.00832871279478073,261.016,229.3770719312953,-31.63892806870473,54.768,221.7824687725034,167.0144687725034,83.118,230.44477999915213,147.32677999915214,45.46376629,45.46376629,0.0
2026-06-08 00:03:37,2026-06-08 00:04:37,0.111316,0.10589370876550674,-0.005422291234493254,0.171592,0.14384323358535767,-0.02774876641464233,0.064407,0.05911354348063469,-0.005293456519365317,11.606,225.60457932518506,213.99857932518506,106.484,225.97983208075084,119.49583208075084,156.254,231.82512991813462,75.57112991813463,45.47101303,45.47101303,0.0
2026-06-08 00:03:38,2026-06-08 00:04:38,0.112909,0.11130336672067642,-0.0016056332793235734,0.153098,0.1406714916229248,-0.012426508377075207,0.071838,0.060206033289432526,-0.011631966710567473,218.092,226.82215404886583,8.730154048865813,333.144,225.51585288764417,-107.62814711235583,426.65,229.29199916784455,-197.35800083215543,45.47681042,45.47681042,0.0
2026-06-08 00:03:40,2026-06-08 00:04:40,0.107422,0.10674916207790375,-0.000672837922096256,0.145137,0.14176733791828156,-0.003369662081718433,0.064736,0.06040526553988457,-0.004330734460115435,212.94,225.7088498759525,12.768849875952498,264.964,225.49284112862034,-39.47115887137966,311.052,221.99022316105044,-89.06177683894958,45.48144834,45.48144834,0.0
2026-06-08 00:03:41,2026-06-08 00:04:41,0.10419,0.107749342918396,0.0035593429183959913,0.139618,0.14076842367649078,0.0011504236764907916,0.060415,0.06053190678358078,0.00011690678358077661,162.498,228.4751517026484,65.9771517026484,248.99,225.3542405567278,-23.635759443272207,174.496,229.62957901478407,55.13357901478406,45.48515867,45.48515867,0.0
2026-06-08 00:03:43,2026-06-08 00:04:43,0.101739,0.10533758997917175,0.003598589979171757,0.147668,0.14123287796974182,-0.006435122030258172,0.061968,0.06032465770840645,-0.0016433422915935539,351.638,230.73104519438004,-120.90695480561993,142.128,219.21913094471,77.09113094471002,215.768,228.9136104401531,13.145610440153092,45.48812694,45.48812694,0.0
2026-06-08 00:03:44,2026-06-08 00:04:44,0.120241,0.10667131841182709,-0.013569681588172913,0.126641,0.13887988030910492,0.012238880309104916,0.054317,0.06118360534310341,0.006866605343103412,169.33,231.3813397104916,62.05133971049159,107.618,224.6094748270901,116.99147482709012,42.798,233.63691305173427,190.83891305173427,45.49050155,45.49050155,0.0
2026-06-08 00:03:45,2026-06-08 00:04:45,0.116869,0.09964871406555176,-0.017220285934448243,0.1482,0.13323275744915009,-0.014967242550849913,0.057602,0.06138499453663826,0.0037829945366382595,456.022,228.11932957806005,-227.90267042193994,46.648,226.73402986534987,180.08602986534987,39.718,235.914263932991,196.19626393299097,45.49240124,45.49240124,0.0
2026-06-08 00:03:47,2026-06-08 00:04:47,0.115469,0.10357166081666946,-0.011897339183330538,0.157497,0.13216020166873932,-0.02533679833126068,0.064629,0.06093306094408035,-0.003695939055919653,399.07,230.22097980767768,-168.8490201923223,147.616,220.46158982674956,72.84558982674955,22.386,230.66415156246325,208.27815156246325,45.49392099,45.49392099,0.0
2026-06-08 00:03:48,2026-06-08 00:04:48,0.11512,0.10912194103002548,-0.005998058969974518,0.134475,0.13434083759784698,-0.00013416240215302633,0.062117,0.06081217899918556,-0.0013048210008144365,256.06,227.4284310530647,-28.63156894693529,122.29,218.6299349294951,96.3399349294951,431.676,235.83898738598245,-195.83701261401754,45.49513679,45.49513679,0.0
2026-06-08 00:03:50,2026-06-08 00:04:50,0.109377,0.10567709058523178,-0.003699909414768221,0.152954,0.1410422921180725,-0.011911707881927497,0.063615,0.05911341309547424,-0.004501586904525762,414.862,230.18807994365687,-184.67392005634315,83.79,219.18873723098255,135.39873723098253,389.354,233.44314216930948,-155.9108578306905,45.49610943,45.49610943,0.0
2026-06-08 00:03:51,2026-06-08 00:04:51,0.111533,0.1032756045460701,-0.008257395453929894,0.138174,0.13917595148086548,0.0010019514808654872,0.060002,0.06029742956161499,0.00029542956161499045,442.708,230.00916915372795,-212.69883084627207,335.09,222.51022289785845,-112.57977710214152,381.262,226.59204077515858,-154.66995922484142,45.49688755,45.49688755,0.0
2026-06-08 00:03:53,2026-06-08 00:04:53,0.104325,0.10237931460142136,-0.0019456853985786449,0.143191,0.14176921546459198,-0.0014217845354080327,0.066373,0.061485402286052704,-0.004887597713947298,422.8,231.13793578051465,-191.66206421948536,317.296,222.29375234475395,-95.00224765524604,160.58,226.7110875141122,66.13108751411218,45.49751004,45.49751004,0.0
2026-06-08 00:03:54,2026-06-08 00:04:54,0.091931,0.10364807397127151,0.011717073971271516,0.132484,0.14133445918560028,0.00885045918560029,0.065338,0.06103450059890747,-0.004303499401092523,67.928,233.55739124458123,165.62939124458123,310.254,221.2726956528503,-88.98130434714972,433.16,227.7014501667847,-205.45854983321533,45.47300803,45.47300803,0.0
2026-06-08 00:03:55,2026-06-08 00:04:55,0.113197,0.1063428670167923,-0.006854132983207709,0.140446,0.13715648651123047,-0.0032895134887695188,0.059692,0.061490871012210846,0.001798871012210844,233.59,224.82883188182421,-8.761168118175789,320.152,237.56950248698018,-82.5824975130198,283.962,229.87186032549897,-54.09013967450102,45.47840642,45.47840642,0.0
2026-06-08 00:03:57,2026-06-08 00:04:57,0.10645,0.10432811081409454,-0.0021218891859054595,0.138067,0.13803602755069733,-3.0972449302668625e-05,0.057959,0.061635687947273254,0.0036766879472732578,29.33,224.67336636083726,195.34336636083725,15.218,236.8235649924748,221.6055649924748,41.678,227.945869025356,186.267869025356,45.43272514,45.43272514,0.0
2026-06-08 00:03:58,2026-06-08 00:04:58,0.104664,0.10324478894472122,-0.0014192110552787712,0.134589,0.1364944875240326,0.0019054875240326064,0.059073,0.06024939566850662,0.0011763956685066218,169.666,220.45042335372688,50.78442335372688,424.48,237.52065941831546,-186.95934058168456,226.072,222.14954067273231,-3.9224593272676884,45.44618011,45.44618011,0.0
2026-06-08 00:04:00,2026-06-08 00:05:00,0.092042,0.106247678399086,0.014205678399086,0.108983,0.13559119403362274,0.026608194033622745,0.056647,0.06069311127066612,0.0040461112706661195,305.06,223.34435714310226,-81.71564285689774,65.744,228.18911882864415,162.44511882864415,342.692,228.506690007784,-114.18530999221602,45.45694409,45.45694409,0.0
2026-06-08 00:04:01,2026-06-08 00:05:01,0.110607,0.1025829091668129,-0.0080240908331871,0.124339,0.1400117576122284,0.01567275761222839,0.049078,0.06066659837961197,0.011588598379611972,318.794,230.13819029315835,-88.65580970684164,172.256,226.81722596206689,54.561225962066885,140.42,225.9493107648562,85.5293107648562,45.41555527,45.41555527,0.0
2026-06-08 00:04:03,2026-06-08 00:05:03,0.121456,0.09958210587501526,-0.021873894124984736,0.132105,0.13872428238391876,0.006619282383918762,0.05596,0.05933673307299614,0.0033767330729961367,189.014,223.77639394311356,34.76239394311355,3.71,222.24802250096837,218.53802250096837,162.008,231.45493629326614,69.44693629326613,45.43244422,45.43244422,0.0
2026-06-08 00:04:04,2026-06-08 00:05:04,0.118178,0.09949846565723419,-0.018679534342765813,0.143049,0.1338265836238861,-0.009222416376113901,0.072153,0.05973552167415619,-0.012417478325843806,180.026,224.07833708638017,44.05233708638016,1.54,222.52383276008365,220.98383276008366,120.778,229.67901105128468,108.90101105128467,45.44595537,45.44595537,0.0
2026-06-08 00:04:05,2026-06-08 00:05:05,0.104199,0.10484626889228821,0.000647268892288208,0.141617,0.13592365384101868,-0.005693346158981316,0.069239,0.06475203484296799,-0.004486965157032008,285.74,223.845618358798,-61.89438164120202,76.384,228.23467062736074,151.85067062736073,236.194,231.42867494603112,-4.765325053968866,45.4067643,45.4067643,0.0
2026-06-08 00:04:07,2026-06-08 00:05:07,0.107239,0.10045129805803299,-0.0067877019419670115,0.11398,0.13596737384796143,0.021987373847961428,0.059179,0.058080121874809265,-0.0010988781251907373,282.94,232.686212947164,-50.253787052836,387.772,228.43443333570133,-159.33756666429866,36.442,226.31173068803125,189.86973068803124,45.37541144,45.37541144,0.0
2026-06-08 00:04:08,2026-06-08 00:05:08,0.105957,0.10170849412679672,-0.004248505873203273,0.135077,0.1333419680595398,-0.0017350319404602077,0.05827,0.06000982224941254,0.0017398222494125343,91.84,224.47569961973974,132.63569961973974,128.674,226.07240533415984,97.39840533415983,1.54,235.71044842854988,234.1704484285499,45.40032915,45.40032915,0.0
2026-06-08 00:04:10,2026-06-08 00:05:10,0.103481,0.09763572365045547,-0.005845276349544529,0.133378,0.12443801760673523,-0.008939982393264767,0.061333,0.05739990994334221,-0.00393309005665779,410.676,219.2891723383707,-191.3868276616293,418.67,224.47483546061977,-194.19516453938024,296.058,228.77456703783358,-67.28343296216642,45.42026332,45.42026332,0.0
2026-06-08 00:04:11,2026-06-08 00:05:11,0.099756,0.09728656709194183,-0.002469432908058164,0.131883,0.12622039020061493,-0.005662609799385071,0.059573,0.05762147903442383,-0.0019515209655761728,151.004,225.19590835850724,74.19190835850725,365.456,225.25063746313688,-140.20536253686313,312.858,230.7882744694764,-82.06972553052361,45.38621066,45.38621066,0.0
2026-06-08 00:04:13,2026-06-08 00:05:13,0.093873,0.10136489570140839,0.007491895701408388,0.166931,0.13732628524303436,-0.029604714756965633,0.064268,0.0588131919503212,-0.005454808049678808,136.36,228.18911532699076,91.82911532699075,233.968,220.80379411544922,-13.164205884550768,153.23,229.29917101106736,76.06917101106737,45.40896853,45.40896853,0.0
2026-06-08 00:04:14,2026-06-08 00:05:14,0.112376,0.10508311539888382,-0.007292884601116184,0.175801,0.13473881781101227,-0.041062182188987745,0.061563,0.05894815921783447,-0.002614840782165527,251.888,227.90195930029148,-23.986040699708525,282.282,221.0173435902915,-61.26465640970849,425.054,226.11284329150902,-198.94115670849095,45.37717482,45.37717482,0.0
2026-06-08 00:04:16,2026-06-08 00:05:16,0.102439,0.09936518967151642,-0.003073810328483584,0.145381,0.12833435833454132,-0.01704664166545869,0.060931,0.05837884917855263,-0.0025521508214473715,34.048,236.7882213939636,202.7402213939636,48.384,215.1516533943724,166.76765339437242,358.05,225.42836054389755,-132.62163945610246,45.40173986,45.40173986,0.0
2026-06-08 00:04:17,2026-06-08 00:05:17,0.10729,0.09952335059642792,-0.007766649403572079,0.135269,0.12441794574260712,-0.010851054257392884,0.065192,0.05857657268643379,-0.006615427313566208,277.704,229.43371924736707,-48.27028075263294,305.018,230.34430510804526,-74.67369489195471,66.22,229.24412803574836,163.02412803574836,45.42139189,45.42139189,0.0
2026-06-08 00:04:18,2026-06-08 00:05:18,0.114106,0.09901507198810577,-0.015090928011894225,0.151172,0.1300884485244751,-0.021083551475524903,0.061928,0.05793213099241257,-0.00399586900758743,37.268,232.96580386159255,195.69780386159255,217.812,228.37424691907154,10.562246919071526,61.936,227.47536059538135,165.53936059538134,45.43711351,45.43711351,0.0
2026-06-08 00:04:20,2026-06-08 00:05:20,0.094024,0.09885469824075699,0.004830698240756992,0.155197,0.13047347962856293,-0.024723520371437074,0.065055,0.059423159807920456,-0.005631840192079546,23.1,230.16233404062697,207.06233404062698,278.012,228.15196047841727,-49.860039521582735,414.33,229.41900741331614,-184.91099258668385,45.39969081,45.39969081,0.0
2026-06-08 00:04:21,2026-06-08 00:05:21,0.111919,0.0991511344909668,-0.012767865509033208,0.156899,0.13100633025169373,-0.025892669748306285,0.061206,0.05891679972410202,-0.002289200275897983,323.834,228.4885001806649,-95.34549981933512,246.134,227.384885263328,-18.749114736672,343.056,227.79715611590663,-115.25884388409335,45.41975265,45.41975265,0.0
2026-06-08 00:04:23,2026-06-08 00:05:23,0.112052,0.09887172281742096,-0.01318027718257904,0.167429,0.12862303853034973,-0.03880596146965026,0.073232,0.059948306530714035,-0.01328369346928597,99.792,236.20849168658955,136.41649168658955,343.924,225.9823713928704,-117.94162860712959,66.052,225.71265160292026,159.66065160292027,45.38580212,45.38580212,0.0
2026-06-08 00:04:24,2026-06-08 00:05:24,0.11519,0.09900302439928055,-0.016186975600719453,0.159759,0.1295253187417984,-0.03023368125820161,0.065608,0.06025819480419159,-0.00534980519580841,243.166,229.3281274430957,-13.837872556904301,34.636,221.99600781689344,187.36000781689344,153.776,229.1620507953282,75.3860507953282,45.35864169,45.35864169,0.0
2026-06-08 00:04:26,2026-06-08 00:05:26,0.108847,0.09873678535223007,-0.010110214647769927,0.14176,0.12984943389892578,-0.011910566101074216,0.068722,0.058920860290527344,-0.009801139709472662,425.124,226.32773533432683,-198.7962646656732,259.196,231.71636842830947,-27.47963157169056,46.816,232.46556338154625,185.64956338154624,45.33691335,45.33691335,0.0
2026-06-08 00:04:27,2026-06-08 00:05:27,0.10522,0.09675037860870361,-0.00846962139129638,0.171026,0.1340944468975067,-0.0369315531024933,0.060734,0.06004083529114723,-0.0006931647088527712,451.808,232.86545244102888,-218.9425475589711,427.266,232.65904431420793,-194.6069556857921,172.494,228.47485480435046,55.98085480435046,45.36953068,45.36953068,0.0
2026-06-08 00:04:28,2026-06-08 00:05:28,0.091039,0.09909234941005707,0.008053349410057073,0.153887,0.13324420154094696,-0.020642798459053036,0.0613,0.05954887345433235,-0.0017511265456676486,352.002,227.4003907279671,-124.6016092720329,309.302,228.9876428658625,-80.31435713413751,240.044,231.6622149914065,-8.38178500859351,45.39562455,45.39562455,0.0
2026-06-08 00:04:30,2026-06-08 00:05:30,0.117495,0.10105180740356445,-0.01644319259643555,0.119427,0.13383200764656067,0.014405007646560664,0.069624,0.0598844513297081,-0.009739548670291906,151.774,222.06581426839492,70.29181426839492,191.1,224.92729626531982,33.82729626531983,188.678,232.20668771482894,43.52868771482895,45.41649964,45.41649964,0.0
2026-06-08 00:04:31,2026-06-08 00:05:31,0.115533,0.10114211589097977,-0.01439088410902023,0.137495,0.12476441264152527,-0.012730587358474738,0.059156,0.05946649983525276,0.0003104998352527616,170.212,222.31647264245566,52.104472642455676,96.82401,222.3258112931489,125.50180129314889,217.518,228.21079959195757,10.692799591957566,45.43319971,45.43319971,0.0
2026-06-08 00:04:33,2026-06-08 00:05:33,0.113296,0.10085389763116837,-0.012442102368831628,0.143932,0.12599322199821472,-0.017938778001785283,0.060231,0.05953683331608772,-0.000694166683912277,272.93,223.54480698094022,-49.385193019059784,220.738,224.18340800267552,3.4454080026755207,320.81,225.02651867162496,-95.78348132837505,45.44655977,45.44655977,0.0
2026-06-08 00:04:34,2026-06-08 00:05:34,0.110049,0.10126686841249466,-0.008782131587505335,0.146296,0.12372610718011856,-0.02256989281988145,0.065271,0.05831791087985039,-0.006953089120149608,370.65,228.86181468621092,-141.78818531378906,377.356,229.90312282649774,-147.45287717350226,441.126,234.09321376151414,-207.03278623848584,45.45724781,45.45724781,0.0
2026-06-08 00:04:35,2026-06-08 00:05:35,0.110708,0.10056333243846893,-0.010144667561531068,0.129402,0.12466510385274887,-0.004736896147251118,0.065778,0.057883717119693756,-0.007894282880306247,331.674,229.5373179907482,-102.13668200925179,401.968,229.26879554140748,-172.69920445859253,172.144,230.36447595248148,58.22047595248148,45.46579825,45.46579825,0.0
2026-06-08 00:04:37,2026-06-08 00:05:37,0.11408,0.09885688871145248,-0.015223111288547517,0.119637,0.12852059304714203,0.008883593047142035,0.053838,0.058465857058763504,0.004627857058763507,47.432,227.31660886084455,179.88460886084454,65.044,221.77927363526652,156.73527363526654,428.134,228.94471921766052,-199.1892807823395,45.4726386,45.4726386,0.0
2026-06-08 00:04:38,2026-06-08 00:05:38,0.118601,0.0959835797548294,-0.02261742024517059,0.124296,0.12368907779455185,-0.0006069222054481543,0.048563,0.057947076857089996,0.009384076857089994,333.06,221.1584984692107,-111.90150153078929,310.674,235.84945743757515,-74.82454256242482,122.318,233.67651371462824,111.35851371462824,45.47811088,45.47811088,0.0
2026-06-08 00:04:40,2026-06-08 00:05:40,0.086062,0.09249791502952576,0.006435915029525757,0.152019,0.12359979748725891,-0.028419202512741076,0.053108,0.05764814838767052,0.0045401483876705145,207.998,226.60933123966078,18.611331239660785,39.242,229.7125296051863,190.4705296051863,108.178,226.36417452633873,118.18617452633873,45.4824887,45.4824887,0.0
2026-06-08 00:04:41,2026-06-08 00:05:41,0.103192,0.09333116561174393,-0.009860834388256079,0.162244,0.12587100267410278,-0.036372997325897216,0.053817,0.05821937322616577,0.004402373226165775,429.058,222.4825548508466,-206.57544514915338,121.814,237.34231203439265,115.52831203439266,47.25,233.214380174684,185.964380174684,45.48599096,45.48599096,0.0
2026-06-08 00:04:43,2026-06-08 00:05:43,0.114198,0.0946456640958786,-0.019552335904121393,0.149873,0.1276107132434845,-0.02226228675651551,0.067674,0.05891384556889534,-0.008760154431104658,322.49,222.78503419630871,-99.7049658036913,57.232,234.41292572082546,177.18092572082546,297.836,236.1302584663502,-61.705741533649814,45.48879277,45.48879277,0.0
2026-06-08 00:04:44,2026-06-08 00:05:44,0.115268,0.09771489351987839,-0.017553106480121608,0.129831,0.12845854461193085,-0.0013724553880691548,0.063562,0.05940617620944977,-0.0041558237905502254,50.19,231.7740338993428,181.5840338993428,46.438,232.3576030179583,185.9196030179583,400.204,234.1646015519717,-166.0393984480283,45.49103422,45.49103422,0.0
2026-06-08 00:04:46,2026-06-08 00:05:46,0.104744,0.0989832952618599,-0.00576070473814011,0.121239,0.12389041483402252,0.0026514148340225224,0.056837,0.060393575578927994,0.003556575578927995,191.338,222.12155006074968,30.78355006074969,87.556,233.74482642469837,146.1888264246984,389.83,230.33664422345169,-159.4933557765483,45.49282737,45.49282737,0.0
2026-06-08 00:04:47,2026-06-08 00:05:47,0.099657,0.09902133047580719,-0.0006356695241928056,0.179758,0.13097941875457764,-0.048778581245422364,0.051878,0.060273170471191406,0.008395170471191406,363.104,232.05356839502704,-131.05043160497294,115.584,229.03466399007388,113.45066399007388,322.784,232.4736563680745,-90.31034363192549,45.4942619,45.4942619,0.0
2026-06-08 00:04:48,2026-06-08 00:05:48,0.100242,0.0947476476430893,-0.005494352356910703,0.149587,0.12344152480363846,-0.02614547519636154,0.056357,0.056604333221912384,0.00024733322191238666,80.92001,230.27047966188132,149.35046966188133,3.542,236.45927683934977,232.91727683934977,47.67,228.84505550535624,181.17505550535623,45.49540952,45.49540952,0.0
2026-06-08 00:04:50,2026-06-08 00:05:50,0.09735,0.09851328283548355,0.001163282835483545,0.147265,0.12780055403709412,-0.01946444596290589,0.059169,0.05917399376630783,4.993766307831438e-06,129.85,235.60476495480222,105.75476495480223,209.818,234.77576494325353,24.957764943253522,168.49,228.48056750732803,59.990567507328024,45.49632762,45.49632762,0.0
2026-06-08 00:04:51,2026-06-08 00:05:51,0.093569,0.09645820409059525,0.002889204090595246,0.12523,0.12818768620491028,0.0029576862049102703,0.055275,0.05960959568619728,0.004334595686197283,213.094,231.16711569008132,18.073115690081323,202.734,237.9292853544176,35.19528535441759,243.712,228.4237760372925,-15.288223962707491,45.49706209,45.49706209,0.0
2026-06-08 00:04:53,2026-06-08 00:05:53,0.105791,0.10125458240509033,-0.004536417594909664,0.136947,0.13047796487808228,-0.006469035121917738,0.052024,0.060441162437200546,0.008417162437200545,33.922,232.84658476375898,198.924584763759,83.034,230.25513429346796,147.22113429346797,151.69,232.5755812606041,80.88558126060411,45.49764967,45.49764967,0.0
2026-06-08 00:04:54,2026-06-08 00:05:54,0.128822,0.09743832051753998,-0.031383679482460014,0.144371,0.13047315180301666,-0.013897848196983337,0.064267,0.05992928147315979,-0.004337718526840215,402.864,224.69180238094341,-178.17219761905656,120.792,231.80870222665908,111.01670222665908,173.6,233.23928465491278,59.639284654912785,45.49811974,45.49811974,0.0
2026-06-08 00:04:56,2026-06-08 00:05:56,0.115276,0.0989370122551918,-0.0163389877448082,0.158933,0.12677043676376343,-0.03216256323623656,0.073291,0.05822956562042236,-0.015061434379577632,34.356,232.34899555354127,197.99299555354128,435.932,224.43749090261716,-211.49450909738286,214.438,227.10124406662462,12.663244066624628,45.49849579,45.49849579,0.0
2026-06-08 00:04:57,2026-06-08 00:05:57,0.11149,0.0979917123913765,-0.01349828760862351,0.127293,0.13002590835094452,0.0027329083509445296,0.060808,0.06008441001176834,-0.0007235899882316599,306.74,227.20509907477333,-79.53490092522668,0.084,226.06594926221658,225.98194926221657,30.534,232.2419007927309,201.7079007927309,45.49879663,45.49879663,0.0
2026-06-08 00:04:58,2026-06-08 00:05:58,0.111878,0.09916224330663681,-0.012715756693363195,0.134265,0.12981155514717102,-0.004453444852828975,0.066238,0.06086314469575882,-0.005374855304241186,416.556,224.96219128013286,-191.59380871986713,442.61,235.67275803306794,-206.93724196693208,86.25401,223.9706208101137,137.7166108101137,45.49903731,45.49903731,0.0
2026-06-08 00:05:00,2026-06-08 00:06:00,0.11764,0.10131801664829254,-0.016321983351707453,0.157653,0.12648029625415802,-0.031172703745841968,0.066006,0.060120340436697006,-0.005885659563302989,86.632,232.17300102066073,145.54100102066073,440.272,227.7312575558688,-212.54074244413118,255.178,230.82076630554366,-24.35723369445634,45.49922985,45.49922985,0.0
2026-06-08 00:05:01,2026-06-08 00:06:01,0.111835,0.10082875192165375,-0.011006248078346256,0.157463,0.12894056737422943,-0.02852243262577056,0.07308,0.05947469174861908,-0.013605308251380926,280.042,230.91038422412075,-49.131615775879226,314.706,223.68819288401372,-91.0178071159863,419.608,224.70166138146377,-194.90633861853624,45.49938388,45.49938388,0.0
2026-06-08 00:05:03,2026-06-08 00:06:03,0.129388,0.1014140248298645,-0.0279739751701355,0.149005,0.12953193485736847,-0.01947306514263153,0.074983,0.06013619899749756,-0.014846801002502436,453.376,229.53203979366924,-223.84396020633073,394.688,227.9459748667157,-166.7420251332843,146.174,226.97723094160233,80.80323094160232,45.4995071,45.4995071,0.0
2026-06-08 00:05:04,2026-06-08 00:06:04,0.109246,0.10100734978914261,-0.008238650210857387,0.153837,0.12930837273597717,-0.02452862726402283,0.058575,0.058577217161655426,2.2171616554239604e-06,240.954,228.82888748080336,-12.125112519196648,370.482,223.4668454899843,-147.01515451001572,126.868,227.3882574844134,100.5202574844134,45.49960568,45.49960568,0.0
2026-06-08 00:05:06,2026-06-08 00:06:06,0.106375,0.10117117315530777,-0.0052038268446922276,0.143642,0.1293841004371643,-0.014257899562835685,0.059487,0.058498263359069824,-0.000988736640930174,200.662,228.29662519913742,27.634625199137417,8.05,222.96799029747518,214.91799029747517,143.192,232.63370001376563,89.44170001376563,45.49968454,45.49968454,0.0
2026-06-08 00:05:07,2026-06-08 00:06:07,0.108251,0.09942334145307541,-0.008827658546924591,0.129885,0.1286901980638504,-0.0011948019361495976,0.065763,0.0592651292681694,-0.006497870731830599,156.128,229.70725934207246,73.57925934207248,297.584,235.05687706331378,-62.527122936686226,290.024,233.86312944350385,-56.16087055649615,45.49974764,45.49974764,0.0
2026-06-08 00:05:08,2026-06-08 00:06:08,0.124204,0.09980227053165436,-0.024401729468345637,0.131391,0.12832407653331757,-0.003066923466682442,0.062784,0.0585399754345417,-0.004244024565458304,142.674,239.88907393618427,97.21507393618427,350.238,233.20755143028836,-117.03044856971164,77.36401,233.5923563982039,156.22834639820388,45.49979811,45.49979811,0.0
2026-06-08 00:05:10,2026-06-08 00:06:10,0.115912,0.09851980209350586,-0.017392197906494142,0.141192,0.1288711577653885,-0.012320842234611523,0.065949,0.05990976095199585,-0.006039239048004144,151.886,236.79054568029466,84.90454568029466,51.59,224.77458300190517,173.18458300190517,236.236,240.8218634546962,4.585863454696209,45.49983849,45.49983849,0.0
2026-06-08 00:05:11,2026-06-08 00:06:11,0.101413,0.09716259688138962,-0.004250403118610385,0.144304,0.12649744749069214,-0.01780655250930785,0.062552,0.0578034408390522,-0.004748559160947796,240.912,233.32627544489398,-7.585724555106026,267.12,219.4747030555031,-47.64529694449689,123.97,233.43937561871547,109.46937561871547,45.49987079,45.49987079,0.0
2026-06-08 00:05:13,2026-06-08 00:06:13,0.101601,0.0984826311469078,-0.0031183688530921905,0.128497,0.12464989721775055,-0.003847102782249451,0.064162,0.05818617716431618,-0.0059758228356838194,417.34,239.62319486074466,-177.7168051392553,149.716,216.4290628542969,66.71306285429688,273.756,233.61579584701448,-40.14020415298549,45.49989663,45.49989663,0.0
2026-06-08 00:05:14,2026-06-08 00:06:14,0.099259,0.10135193169116974,0.0020929316911697388,0.142138,0.13194000720977783,-0.010197992790222155,0.070746,0.06058936193585396,-0.010156638064146045,111.846,234.50881943933553,122.66281943933552,138.586,232.55801524120545,93.97201524120544,45.472,236.60988674166748,191.13788674166747,45.49991731,45.49991731,0.0
2026-06-08 00:05:16,2026-06-08 00:06:16,0.104084,0.10226656496524811,-0.001817435034751888,0.127844,0.12979085743427277,0.001946857434272753,0.06644,0.060388173907995224,-0.006051826092004775,410.102,224.17468739842502,-185.92731260157495,12.922,228.617589805257,215.69558980525701,371.56,241.18748660826657,-130.37251339173343,45.49993384,45.49993384,0.0
2026-06-08 00:05:17,2026-06-08 00:06:17,0.109039,0.10479292273521423,-0.004246077264785764,0.133973,0.1335011124610901,-0.00047188753890992086,0.065851,0.06070718914270401,-0.005143810857295997,153.048,231.99317411799922,78.94517411799922,63.504,229.24155663055421,165.73755663055422,359.688,240.3336393442549,-119.3543606557451,45.49994708,45.49994708,0.0
2026-06-08 00:05:18,2026-06-08 00:06:18,0.101213,0.10368528962135315,0.002472289621353152,0.135774,0.13549765944480896,-0.00027634055519104583,0.055212,0.060824111104011536,0.0056121111040115385,166.516,235.0609743774629,68.54497437746292,444.878,227.51896683061176,-217.35903316938823,320.964,236.44236641987905,-84.52163358012095,45.49995766,45.49995766,0.0
2026-06-08 00:05:20,2026-06-08 00:06:20,0.118746,0.10237669199705124,-0.016369308002948765,0.148412,0.13713766634464264,-0.01127433365535735,0.062898,0.060688771307468414,-0.0022092286925315813,439.852,223.4158885421565,-216.43611145784348,292.432,238.64184897359792,-53.7901510264021,188.846,236.57396025610316,47.72796025610316,45.49996613,45.49996613,0.0
2026-06-08 00:05:21,2026-06-08 00:06:21,0.115253,0.10789921879768372,-0.0073537812023162785,0.144537,0.13688799738883972,-0.007649002611160277,0.055638,0.061172060668468475,0.005534060668468475,391.328,229.57090311927914,-161.75709688072084,447.37,227.5054497110643,-219.8645502889357,450.422,238.05897467831576,-212.36302532168426,45.4999729,45.4999729,0.0
2026-06-08 00:05:23,2026-06-08 00:06:23,0.102127,0.10354482382535934,0.001417823825359349,0.143016,0.1322108954191208,-0.010805104580879216,0.069225,0.06077350303530693,-0.008451496964693064,11.088,235.1965830254457,224.1085830254457,47.46,226.1165405489585,178.6565405489585,386.414,229.24611129491603,-157.16788870508395,45.49997832,45.49997832,0.0
2026-06-08 00:05:24,2026-06-08 00:06:24,0.111552,0.10353675484657288,-0.008015245153427122,0.133816,0.13848164677619934,0.00466564677619935,0.063311,0.05945568531751633,-0.0038553146824836793,159.404,224.09794602376772,64.69394602376772,1.918,236.33509999041004,234.41709999041004,110.418,235.48812767603678,125.07012767603678,45.49998266,45.49998266,0.0
2026-06-08 00:05:26,2026-06-08 00:06:26,0.10962,0.10398788750171661,-0.0056321124982833815,0.131667,0.13842803239822388,0.006761032398223871,0.058093,0.05993974953889847,0.0018467495388984692,404.894,223.79369901440236,-181.10030098559764,88.466,239.3228682220896,150.8568682220896,161.07,230.5207367372206,69.45073673722061,45.49998613,45.49998613,0.0
2026-06-08 00:05:27,2026-06-08 00:06:27,0.121484,0.10184995085000992,-0.019634049149990077,0.148651,0.13944073021411896,-0.009210269785881048,0.062738,0.05975332483649254,-0.0029846751635074636,220.892,225.75075522381954,4.858755223819543,111.412,232.97886297099149,121.56686297099148,218.778,222.88979957445648,4.111799574456484,45.4999889,45.4999889,0.0
2026-06-08 00:05:28,2026-06-08 00:06:28,0.106621,0.10436993092298508,-0.0022510690770149167,0.135364,0.13745065033435822,0.0020866503343582032,0.063236,0.059089720249176025,-0.004146279750823975,359.926,225.80116135388135,-134.12483864611863,417.27,238.43101407721008,-178.8389859227899,407.75,224.66976644652183,-183.08023355347817,45.49999112,45.49999112,0.0
2026-06-08 00:05:30,2026-06-08 00:06:30,0.11235,0.10163607448339462,-0.010713925516605383,0.153887,0.13481542468070984,-0.019071575319290157,0.059623,0.05938907340168953,-0.00023392659831047297,232.204,228.58942574694498,-3.614574253055025,213.29,231.13196035380628,17.841960353806286,439.278,232.90153755184147,-206.37646244815855,45.4999929,45.4999929,0.0
2026-06-08 00:05:31,2026-06-08 00:06:31,0.122035,0.10078123956918716,-0.02125376043081284,0.145911,0.13111180067062378,-0.014799199329376234,0.070094,0.057838261127471924,-0.01225573887252808,352.926,224.48117566053406,-128.44482433946592,218.288,225.91822264747063,7.630222647470617,274.736,221.1384547495932,-53.597545250406796,45.49999432,45.49999432,0.0
2026-06-08 00:05:33,2026-06-08 00:06:33,0.094968,0.10156737267971039,0.006599372679710391,0.128183,0.13289088010787964,0.004707880107879647,0.069039,0.05783744156360626,-0.011201558436393741,118.986,232.68147670399588,113.69547670399588,222.922,224.42394556617558,1.5019455661755785,318.01,225.1777966683805,-92.8322033316195,45.49999545,45.49999545,0.0
2026-06-08 00:05:34,2026-06-08 00:06:34,0.091936,0.10276015847921371,0.01082415847921371,0.143864,0.13241441547870636,-0.011449584521293632,0.059333,0.05905584990978241,-0.0002771500902175872,209.188,230.86319645134498,21.675196451344988,213.78,227.63741156194163,13.857411561941632,384.524,227.02444098915888,-157.49955901084112,45.49999636,45.49999636,0.0
2026-06-08 00:05:36,2026-06-08 00:06:36,0.103941,0.10423526912927628,0.00029426912927627,0.122256,0.1321869194507599,0.009930919450759884,0.064219,0.06086074560880661,-0.003358254391193388,120.918,227.62090887306013,106.70290887306012,124.964,233.35802816478625,108.39402816478625,360.276,227.65507483711872,-132.6209251628813,45.49999709,45.49999709,0.0
2026-06-08 00:05:37,2026-06-08 00:06:37,0.110733,0.10408679395914078,-0.0066462060408592205,0.154702,0.13261756300926208,-0.02208443699073792,0.062767,0.060803864151239395,-0.001963135848760608,317.24,225.54580962104018,-91.69419037895983,235.97,239.03903027997958,3.069030279979586,41.496,234.1298393720145,192.63383937201448,45.49999767,45.49999767,0.0
2026-06-08 00:05:38,2026-06-08 00:06:38,0.109192,0.10284928232431412,-0.00634271767568588,0.133735,0.13039308786392212,-0.0033419121360778736,0.060215,0.05857837572693825,-0.00163662427306175,297.64,225.29987880011777,-72.34012119988222,162.89,228.28665609736134,65.39665609736136,125.86,226.0551385015256,100.19513850152559,45.49999814,45.49999814,0.0
2026-06-08 00:05:40,2026-06-08 00:06:40,0.105449,0.10198552161455154,-0.003463478385448457,0.121157,0.13337776064872742,0.012220760648727416,0.061314,0.0587482750415802,-0.0025657249584198003,324.59,222.66795429975943,-101.92204570024055,210.448,232.73708437994995,22.28908437994994,163.254,227.93267737909392,64.67867737909393,45.49999851,45.49999851,0.0
2026-06-08 00:05:41,2026-06-08 00:06:41,0.112343,0.10307163745164871,-0.009271362548351286,0.138759,0.132134810090065,-0.006624189909934991,0.057231,0.06045890972018242,0.0032279097201824217,441.63,230.5179684014136,-211.11203159858638,449.484,233.40708205516333,-216.07691794483665,137.634,231.1124280663512,93.47842806635123,45.49999881,45.49999881,0.0
2026-06-08 00:05:43,2026-06-08 00:06:43,0.121218,0.10348913818597794,-0.01772886181402207,0.145681,0.13347415626049042,-0.012206843739509587,0.062162,0.06092127412557602,-0.0012407258744239827,165.746,229.08235919707934,63.33635919707933,192.822,219.8229897564348,27.00098975643479,98.98,228.98670612600156,130.00670612600157,45.49999905,45.49999905,0.0
2026-06-08 00:05:44,2026-06-08 00:06:44,0.115857,0.10453128814697266,-0.011325711853027345,0.131469,0.12809479236602783,-0.0033742076339721705,0.063317,0.06037362664937973,-0.002943373350620268,444.766,220.1407146164666,-224.62528538353342,102.662,220.8947291714377,118.23272917143768,103.39,231.37267417328613,127.98267417328613,45.49999924,45.49999924,0.0
2026-06-08 00:05:46,2026-06-08 00:06:46,0.111396,0.1055980771780014,-0.005797922821998591,0.119029,0.13355137407779694,0.01452237407779694,0.062638,0.061319749802351,-0.0013182501976490013,238.35,226.29910754110998,-12.050892458890019,225.652,229.4715078179745,3.819507817974511,264.992,233.61638609124026,-31.37561390875976,45.49999939,45.49999939,0.0
2026-06-08 00:05:47,2026-06-08 00:06:47,0.105775,0.10383885353803635,-0.0019361464619636476,0.120785,0.13283629715442657,0.012051297154426571,0.065384,0.062444258481264114,-0.0029397415187358833,33.684,226.24424101113007,192.56024101113007,292.6,228.67675610150968,-63.92324389849034,121.828,227.40514535947386,105.57714535947386,45.49999951,45.49999951,0.0
2026-06-08 00:05:48,2026-06-08 00:06:48,0.097424,0.10402807593345642,0.006604075933456424,0.134583,0.1328638792037964,-0.0017191207962036215,0.062347,0.06238362938165665,3.6629381656647086e-05,5.124,220.779543081492,215.655543081492,413.938,236.51292337050916,-177.42507662949083,298.886,226.75416934670614,-72.13183065329389,45.49999961,45.49999961,0.0
2026-06-08 00:05:50,2026-06-08 00:06:50,0.11328,0.10271020978689194,-0.010569790213108068,0.160717,0.13262785971164703,-0.028089140288352965,0.05525,0.06149955838918686,0.006249558389186859,181.034,222.37650264411477,41.342502644114774,220.64,231.36249102497652,10.722491024976534,161.462,229.64713081104355,68.18513081104356,45.49999969,45.49999969,0.0
2026-06-08 00:05:51,2026-06-08 00:06:51,0.093756,0.10435917228460312,0.010603172284603113,0.158129,0.13280239701271057,-0.02532660298728942,0.053623,0.061817605048418045,0.008194605048418048,437.934,227.96875991922482,-209.9652400807752,217.966,225.473047423826,7.507047423825981,172.844,221.03351133508525,48.18951133508526,45.49999975,45.49999975,0.0
2026-06-08 00:05:53,2026-06-08 00:06:53,0.113491,0.10497665405273438,-0.00851434594726562,0.167409,0.1382470428943634,-0.0291619571056366,0.065332,0.06041733920574188,-0.004914660794258119,43.218,231.03317765111578,187.8151776511158,131.054,229.7734075773738,98.7194075773738,236.936,223.17281811401227,-13.763181885987734,45.4999998,45.4999998,0.0
2026-06-08 00:05:54,2026-06-08 00:06:54,0.108221,0.10656015574932098,-0.0016608442506790139,0.173558,0.1328827440738678,-0.04067525592613219,0.055842,0.05972908064723015,0.0038870806472301456,338.772,229.8739303734879,-108.8980696265121,387.87,226.75993237926727,-161.11006762073274,309.47,227.03880548844037,-82.43119451155965,45.49999984,45.49999984,0.0
2026-06-08 00:05:56,2026-06-08 00:06:56,0.102541,0.10799973458051682,0.005458734580516822,0.156766,0.13277336955070496,-0.023992630449295033,0.072449,0.06159695237874985,-0.010852047621250152,242.718,235.9640681918531,-6.753931808146888,82.054,231.8042794323865,149.7502794323865,158.172,230.92708212980506,72.75508212980506,45.49999987,45.49999987,0.0
2026-06-08 00:05:57,2026-06-08 00:06:57,0.113516,0.10651832818984985,-0.006997671810150152,0.140297,0.1346137374639511,-0.005683262536048894,0.064003,0.061279766261577606,-0.002723233738422398,313.516,235.32518749003216,-78.19081250996786,98.63,228.38556247578154,129.75556247578155,371.966,227.85223305115392,-144.1137669488461,45.4999999,45.4999999,0.0
2026-06-08 00:05:59,2026-06-08 00:06:59,0.107487,0.10610462725162506,-0.0013823727483749382,0.145623,0.13324600458145142,-0.012376995418548586,0.060546,0.0619843527674675,0.0014383527674674962,246.442,236.12679097044727,-10.315209029552733,82.61401,231.4368897477091,148.82287974770912,224.462,228.02683083616228,3.5648308361622867,45.49999992,45.49999992,0.0
2026-06-08 00:06:00,2026-06-08 00:07:00,0.114373,0.10603684931993484,-0.008336150680065157,0.120995,0.14414334297180176,0.023148342971801752,0.064011,0.06216110289096832,-0.0018498971090316757,228.382,232.07601575147257,3.6940157514725627,270.942,233.4432385385391,-37.4987614614609,153.636,229.96518695844745,76.32918695844745,45.49999993,45.49999993,0.0
2026-06-08 00:06:01,2026-06-08 00:07:01,0.101728,0.10467883944511414,0.0029508394451141368,0.140485,0.13963019847869873,-0.0008548015213012683,0.059588,0.062857985496521,0.003269985496520994,426.188,241.05471778968317,-185.13328221031682,114.506,220.5637560062682,106.05775600626819,421.036,236.24057822713053,-184.79542177286947,45.49999995,45.49999995,0.0
2026-06-08 00:06:03,2026-06-08 00:07:03,0.09362,0.10507438331842422,0.01145438331842423,0.156127,0.144660085439682,-0.011466914560317981,0.061845,0.062115054577589035,0.00027005457758903784,197.736,242.09191827049597,44.35591827049598,121.198,224.71780847340287,103.51980847340288,427.336,237.1626919058459,-190.17330809415412,45.49999996,45.49999996,0.0
2026-06-08 00:06:04,2026-06-08 00:07:04,0.109248,0.10992152988910675,0.0006735298891067526,0.133355,0.14587987959384918,0.01252487959384918,0.068556,0.06320080161094666,-0.0053551983890533505,150.85,238.2619415534362,87.41194155343621,8.722,224.5502361949837,215.8282361949837,167.034,228.85430814249895,61.82030814249896,45.49999997,45.49999997,0.0
2026-06-08 00:06:06,2026-06-08 00:07:06,0.110169,0.10711216926574707,-0.0030568307342529327,0.132679,0.13989755511283875,0.007218555112838754,0.059595,0.06332588195800781,0.0037308819580078104,138.11,234.0425148087242,95.93251480872419,403.032,230.64246037969372,-172.38953962030627,207.144,222.80468942972027,15.660689429720264,45.49999997,45.49999997,0.0
2026-06-08 00:06:07,2026-06-08 00:07:07,0.101431,0.10533587634563446,0.003904876345634467,0.135316,0.14368872344493866,0.008372723444938668,0.048444,0.06285736709833145,0.01441336709833145,17.472,236.68708002112126,219.21508002112125,187.95,224.4223754769615,36.4723754769615,449.372,225.08949751129217,-224.28250248870785,45.49999998,45.49999998,0.0
2026-06-08 00:06:09,2026-06-08 00:07:09,0.108559,0.10450544208288193,-0.004053557917118075,0.122449,0.14389200508594513,0.021443005085945127,0.05699,0.06347610801458359,0.006486108014583589,2.226,233.91337902314547,231.68737902314547,438.368,239.14271877993957,-199.22528122006042,90.748,225.19373549512937,134.44573549512938,45.49999998,45.49999998,0.0
2026-06-08 00:06:10,2026-06-08 00:07:10,0.11012,0.10579071193933487,-0.004329288060665126,0.115345,0.1363135129213333,0.02096851292133331,0.060562,0.06280931830406189,0.002247318304061892,61.516,232.48389923984843,170.96789923984844,42.952,229.96449766349394,187.01249766349395,123.732,230.4732770724478,106.74127707244779,45.49999999,45.49999999,0.0
2026-06-08 00:06:11,2026-06-08 00:07:11,0.098417,0.10479425638914108,0.006377256389141078,0.13706,0.13608945906162262,-0.0009705409383773678,0.056373,0.06317690014839172,0.006803900148391724,73.248,228.1674859487365,154.9194859487365,21.084,223.559858372158,202.475858372158,194.81,232.55506520599417,37.745065205994166,45.49999999,45.49999999,0.0
2026-06-08 00:06:13,2026-06-08 00:07:13,0.112818,0.1074143722653389,-0.005403627734661104,0.149944,0.13925360143184662,-0.010690398568153375,0.060122,0.06270695477724075,0.0025849547772407513,49.0,229.2520884010497,180.2520884010497,231.854,222.37595661963283,-9.478043380367183,244.706,226.61616680941745,-18.08983319058254,45.49999999,45.49999999,0.0
2026-06-08 00:06:14,2026-06-08 00:07:14,0.126247,0.10958507657051086,-0.016661923429489134,0.15753,0.13928957283496857,-0.018240427165031436,0.060435,0.06260795891284943,0.0021729589128494237,345.1,239.16104666021886,-105.93895333978116,79.03,214.63435799711138,135.60435799711138,363.006,230.98690784203922,-132.01909215796076,45.49999999,45.49999999,0.0
2026-06-08 00:06:16,2026-06-08 00:07:16,0.116425,0.11046236753463745,-0.0059626324653625495,0.131936,0.13503378629684448,0.0030977862968444847,0.05598,0.06351916491985321,0.0075391649198532085,33.936,228.4050898669501,194.4690898669501,151.956,220.5645831877672,68.60858318776721,123.424,226.3215876631192,102.8975876631192,45.49999999,45.49999999,0.0
2026-06-08 00:06:17,2026-06-08 00:07:17,0.12278,0.11089470982551575,-0.011885290174484253,0.122963,0.1357690542936325,0.012806054293632504,0.058801,0.06278183311223984,0.0039808331122398385,129.122,226.37573221351636,97.25373221351634,94.57,226.6735473684238,132.10354736842382,306.32,231.13864561513708,-75.18135438486291,45.5,45.5,0.0
2026-06-08 00:06:19,2026-06-08 00:07:19,0.122806,0.10828742384910583,-0.014518576150894164,0.124922,0.13490618765354156,0.00998418765354156,0.060311,0.0629153922200203,0.0026043922200202976,172.032,230.4776350937492,58.44563509374919,140.994,227.74458979028216,86.75058979028216,83.678,227.29311043593572,143.61511043593572,45.5,45.5,0.0
2026-06-08 00:06:20,2026-06-08 00:07:20,0.103659,0.10837355256080627,0.004714552560806273,0.137766,0.13700491189956665,-0.0007610881004333492,0.076781,0.06296608597040176,-0.013814914029598238,402.64,233.74684322915817,-168.8931567708418,268.086,222.87427696634387,-45.21172303365614,236.572,229.1788821468168,-7.393117853183213,45.5,45.5,0.0
2026-06-08 00:06:21,2026-06-08 00:07:21,0.10836,0.10906657576560974,0.0007065757656097432,0.147176,0.13524213433265686,-0.011933865667343141,0.064258,0.06388163566589355,-0.000376364334106441,36.596,235.32355512860363,198.72755512860363,402.78,231.9868638307111,-170.79313616928889,349.272,231.94244215635544,-117.32955784364455,45.5,45.5,0.0
2026-06-08 00:06:23,2026-06-08 00:07:23,0.100494,0.10930807888507843,0.00881407888507843,0.119627,0.13559052348136902,0.01596352348136902,0.062225,0.06474217772483826,0.0025171777248382543,323.792,232.25668663107243,-91.53531336892755,178.108,217.13365310840908,39.025653108409074,56.616,224.46102636361593,167.84502636361594,45.5,45.5,0.0
2026-06-08 00:06:24,2026-06-08 00:07:24,0.109253,0.10981667786836624,0.0005636778683662386,0.141208,0.13450895249843597,-0.006699047501564026,0.07595,0.06458468735218048,-0.011365312647819523,266.084,232.9682724111052,-33.1157275888948,34.342,219.1914780874284,184.8494780874284,192.136,232.0849357055455,39.948935705545495,45.5,45.5,0.0
2026-06-08 00:06:26,2026-06-08 00:07:26,0.103341,0.1063222661614418,0.0029812661614418007,0.143476,0.13370098173618317,-0.009775018263816826,0.063236,0.06405246257781982,0.0008164625778198237,234.584,233.02976081794236,-1.5542391820576427,216.118,220.87773807474832,4.759738074748327,156.254,227.33161267265555,71.07761267265556,45.5,45.5,0.0
2026-06-08 00:06:27,2026-06-08 00:07:27,0.086459,0.11098587512969971,0.024526875129699713,0.153426,0.13462227582931519,-0.01880372417068482,0.058733,0.06432506442070007,0.005592064420700073,441.112,236.24812503043233,-204.8638749695677,237.524,225.148391251894,-12.375608748106004,343.112,231.90358077323324,-111.20841922676678,45.5,45.5,0.0
2026-06-08 00:06:29,2026-06-08 00:07:29,0.117838,0.1138024851679802,-0.004035514832019804,0.142619,0.14217638969421387,-0.0004426103057861286,0.073989,0.06475133448839188,-0.009237665511608123,280.322,236.2874409273733,-44.034559072626706,113.974,223.3468157144835,109.37281571448351,29.596,225.99398224632648,196.39798224632648,45.5,45.5,0.0
2026-06-08 00:06:30,2026-06-08 00:07:30,0.112259,0.1097814291715622,-0.002477570828437803,0.143304,0.1401631087064743,-0.0031408912935256827,0.075221,0.06333056837320328,-0.011890431626796719,321.86,239.1540562200482,-82.70594377995181,128.716,213.43677856913166,84.72077856913165,165.018,225.48865451544947,60.47065451544947,45.5,45.5,0.0
2026-06-08 00:06:31,2026-06-08 00:07:31,0.118229,0.11191948503255844,-0.00630951496744156,0.136262,0.14111925661563873,0.004857256615638739,0.064822,0.06406180560588837,-0.0007601943941116379,324.73,240.90475554354512,-83.8252444564549,50.512,219.3916661922316,168.8796661922316,254.408,226.10365419479047,-28.304345805209522,45.5,45.5,0.0
2026-06-08 00:06:33,2026-06-08 00:07:33,0.120222,0.10697025060653687,-0.01325174939346313,0.17843,0.1397382915019989,-0.038691708498001104,0.072183,0.0639665350317955,-0.008216464968204495,350.07,238.22645004713078,-111.84354995286921,60.76,219.35066491695744,158.59066491695745,9.856,225.54119637255872,215.68519637255872,45.5,45.5,0.0
2026-06-08 00:06:34,2026-06-08 00:07:34,0.12425,0.1078757718205452,-0.016374228179454803,0.134963,0.137408047914505,0.0024450479145050052,0.064323,0.06364989280700684,-0.0006731071929931692,395.234,240.33208533655056,-154.90191466344942,338.87,226.11222614347776,-112.75777385652225,337.232,227.33431885925066,-109.89768114074937,45.5,45.5,0.0
2026-06-08 00:06:36,2026-06-08 00:07:36,0.098609,0.10710552334785461,0.008496523347854612,0.122261,0.13463926315307617,0.012378263153076177,0.063167,0.06503643095493317,0.0018694309549331656,136.43,240.40796237375068,103.97796237375067,291.228,223.22046691286505,-68.00753308713496,156.758,223.9851478266526,67.22714782665258,45.5,45.5,0.0
2026-06-08 00:06:37,2026-06-08 00:07:37,0.093585,0.10672800987958908,0.01314300987958908,0.12139,0.13995617628097534,0.018566176280975344,0.057275,0.06433100998401642,0.007056009984016419,327.418,231.75656099923515,-95.66143900076486,418.404,224.63526440591414,-193.76873559408585,130.41,226.9934075728583,96.5834075728583,45.5,45.5,0.0
2026-06-08 00:06:39,2026-06-08 00:07:39,0.11224,0.10879706591367722,-0.003442934086322791,0.119084,0.14018408954143524,0.021100089541435246,0.067905,0.06401124596595764,-0.0038937540340423515,257.964,232.40114034438884,-25.562859655611163,432.39,230.5748535407306,-201.81514645926939,370.762,226.01679955255912,-144.74520044744088,45.5,45.5,0.0
2026-06-08 00:06:40,2026-06-08 00:07:40,0.098664,0.10722102224826813,0.008557022248268126,0.132671,0.13871389627456665,0.006042896274566639,0.064253,0.06369828432798386,-0.0005547156720161484,193.312,235.89658544009086,42.58458544009085,175.238,221.21748276699066,45.97948276699066,229.712,229.09577843179335,-0.6162215682066403,45.5,45.5,0.0
2026-06-08 00:06:41,2026-06-08 00:07:41,0.101118,0.10495324432849884,0.0038352443284988408,0.131009,0.1380523294210434,0.007043329421043409,0.065611,0.06371051073074341,-0.0019004892692565944,349.734,228.87384301640282,-120.86015698359716,313.46,233.4410274322795,-80.01897256772048,409.318,230.95609221712888,-178.3619077828711,45.5,45.5,0.0
2026-06-08 00:06:43,2026-06-08 00:07:43,0.106298,0.10588401556015015,-0.0004139844398498571,0.150036,0.13645733892917633,-0.013578661070823672,0.066892,0.06343676149845123,-0.0034552385015487602,59.542,240.45008993998883,180.90808993998883,170.884,223.32298320884234,52.43898320884236,403.62,230.4106137343175,-173.2093862656825,45.5,45.5,0.0
2026-06-08 00:06:44,2026-06-08 00:07:44,0.106256,0.10914245247840881,0.0028864524784088103,0.144879,0.141010582447052,-0.003868417552948006,0.066852,0.06423451006412506,-0.0026174899358749337,378.322,227.78056536162654,-150.54143463837346,27.902,230.6254985540787,202.72349855407867,338.674,232.4252232203076,-106.24877677969238,45.5,45.5,0.0
2026-06-08 00:06:46,2026-06-08 00:07:46,0.100831,0.11065162718296051,0.009820627182960506,0.159585,0.14329278469085693,-0.01629221530914307,0.069284,0.06419093161821365,-0.005093068381786345,243.908,230.72677916784426,-13.18122083215573,354.9,235.0618914704073,-119.83810852959269,419.398,229.45009975780175,-189.94790024219827,45.5,45.5,0.0
2026-06-08 00:06:47,2026-06-08 00:07:47,0.096364,0.11031704396009445,0.013953043960094447,0.142103,0.14205315709114075,-4.9842908859260016e-05,0.064677,0.06398947536945343,-0.0006875246305465682,98.084,230.2109133840723,132.1269133840723,81.816,234.51858766444127,152.70258766444127,283.906,228.48348329639606,-55.42251670360395,45.5,45.5,0.0
2026-06-08 00:06:49,2026-06-08 00:07:49,0.094031,0.10984242707490921,0.015811427074909207,0.127041,0.14410892128944397,0.017067921289443982,0.060291,0.06431764364242554,0.00402664364242554,401.954,228.94142457666572,-173.01257542333428,300.972,240.63201348724616,-60.339986512753825,314.622,236.08514195232203,-78.53685804767798,45.5,45.5,0.0
2026-06-08 00:06:50,2026-06-08 00:07:50,0.109463,0.10984807461500168,0.0003850746150016737,0.151044,0.14117902517318726,-0.009864974826812756,0.064815,0.06457475572824478,-0.00024024427175521612,434.434,233.9907477507589,-200.4432522492411,298.116,232.61754306500436,-65.49845693499563,411.306,235.26184459132222,-176.04415540867777,45.5,45.5,0.0
2026-06-08 00:06:52,2026-06-08 00:07:52,0.105082,0.10787045955657959,0.002788459556579595,0.140682,0.14292168617248535,0.00223968617248535,0.067967,0.0643492341041565,-0.0036177658958435055,416.444,235.3701680490024,-181.07383195099763,400.106,222.25109733070727,-177.85490266929273,157.71,226.01168263584847,68.30168263584846,45.5,45.5,0.0
2026-06-08 00:06:53,2026-06-08 00:07:53,0.12812,0.10864410549402237,-0.019475894505977642,0.132598,0.1408398300409317,0.008241830040931708,0.065841,0.06395134329795837,-0.0018896567020416227,349.44,231.7184822865637,-117.7215177134363,348.334,229.31350426648652,-119.02049573351348,281.176,231.24038473394052,-49.93561526605947,45.5,45.5,0.0
2026-06-08 00:06:54,2026-06-08 00:07:54,0.116614,0.1084074154496193,-0.008206584550380702,0.144354,0.13931682705879211,-0.005037172941207896,0.061889,0.06377805769443512,0.00188905769443512,24.108,224.81891689856715,200.71091689856715,291.088,230.44291511660577,-60.64508488339425,77.322,231.3119345480112,153.9899345480112,45.5,45.5,0.0
2026-06-08 00:06:56,2026-06-08 00:07:56,0.108074,0.1086113378405571,0.000537337840557095,0.135889,0.1447117179632187,0.00882271796321868,0.064254,0.06385106593370438,-0.00040293406629562933,161.322,220.34251287040885,59.02051287040885,450.24,239.84879926923338,-210.39120073076663,16.366,228.94550409170267,212.5795040917027,45.5,45.5,0.0
2026-06-08 00:06:57,2026-06-08 00:07:57,0.101912,0.11127599328756332,0.009363993287563321,0.13987,0.14394190907478333,0.004071909074783331,0.066483,0.06422720104455948,-0.0022557989554405217,171.136,220.8286383013997,49.69263830139971,303.898,240.91509139872807,-62.98290860127196,357.14,233.68465761111494,-123.45534238888504,45.5,45.5,0.0
2026-06-08 00:06:59,2026-06-08 00:07:59,0.093096,0.11006108671426773,0.016965086714267733,0.126701,0.14282849431037903,0.01612749431037902,0.065236,0.06346988677978516,-0.001766113220214846,182.476,221.37053750250914,38.89453750250914,192.64,230.6764914710973,38.03649147109732,227.514,227.81177337973708,0.2977733797370661,45.5,45.5,0.0
2026-06-08 00:07:00,2026-06-08 00:08:00,0.11539,0.10959745943546295,-0.005792540564537055,0.129796,0.1401711255311966,0.0103751255311966,0.073567,0.06417613476514816,-0.00939086523485183,171.612,221.50954301584176,49.89754301584176,70.336,230.95564667981645,160.61964667981647,260.428,228.6447015805609,-31.78329841943909,45.5,45.5,0.0
2026-06-08 00:07:02,2026-06-08 00:08:02,0.10689,0.10762763768434525,0.0007376376843452465,0.136502,0.14133720099925995,0.0048352009992599365,0.066598,0.06393953412771225,-0.0026584658722877547,122.724,225.66395756693578,102.93995756693577,268.912,224.45074046263687,-44.461259537363105,156.03,226.32760719378405,70.29760719378405,45.5,45.5,0.0
2026-06-08 00:07:03,2026-06-08 00:08:03,0.108215,0.10761432349681854,-0.0006006765031814632,0.117676,0.13897474110126495,0.02129874110126495,0.065655,0.0636114850640297,-0.0020435149359703114,422.814,226.6869383460858,-196.1270616539142,336.42,216.0745529766971,-120.34544702330291,348.838,229.7389179977699,-119.09908200223012,45.5,45.5,0.0
2026-06-08 00:07:04,2026-06-08 00:08:04,0.108324,0.110225148499012,0.0019011484990119898,0.147248,0.14119303226470947,-0.006054967735290517,0.06651,0.06477024406194687,-0.0017397559380531308,225.526,231.14923384684923,5.623233846849217,101.444,222.4230497109678,120.9790497109678,263.368,232.38967037289797,-30.978329627102028,45.5,45.5,0.0
2026-06-08 00:07:06,2026-06-08 00:08:06,0.104705,0.10975708812475204,0.005052088124752038,0.140206,0.14400801062583923,0.003802010625839236,0.056779,0.06503226608037949,0.008253266080379483,227.878,229.1581192209407,1.280119220940719,280.504,221.2565854259769,-59.24741457402311,316.442,228.15099662650223,-88.29100337349777,45.5,45.5,0.0
2026-06-08 00:07:07,2026-06-08 00:08:07,0.111445,0.11181456595659256,0.0003695659565925574,0.148903,0.14312700927257538,-0.005775990727424629,0.058929,0.0645267516374588,0.005597751637458799,325.864,228.3214991172292,-97.54250088277078,345.114,227.1152270332494,-117.99877296675058,142.73,227.7377487797911,85.00774877979111,45.5,45.5,0.0
2026-06-08 00:07:09,2026-06-08 00:08:09,0.116879,0.11182917654514313,-0.005049823454856869,0.14427,0.14331641793251038,-0.0009535820674896334,0.067198,0.0635293573141098,-0.0036686426858901916,120.274,234.3048465619717,114.03084656197169,318.304,224.53426550199205,-93.76973449800792,370.3,229.2488503849778,-141.0511496150222,45.5,45.5,0.0
2026-06-08 00:07:10,2026-06-08 00:08:10,0.101384,0.1109149158000946,0.009530915800094603,0.130924,0.14337535202503204,0.012451352025032031,0.065587,0.06371131539344788,-0.0018756846065521304,375.858,230.5067814137846,-145.3512185862154,141.176,226.72300365447106,85.54700365447107,399.126,228.66305496607646,-170.46294503392352,45.5,45.5,0.0
2026-06-08 00:07:12,2026-06-08 00:08:12,0.12199,0.10968601703643799,-0.012303982963562013,0.128597,0.1427379697561264,0.014140969756126415,0.073059,0.06375647336244583,-0.009302526637554168,104.972,233.89209571198938,128.9200957119894,180.446,231.40687576980233,50.96087576980233,107.492,228.479344247737,120.987344247737,45.5,45.5,0.0
2026-06-08 00:07:13,2026-06-08 00:08:13,0.108217,0.10725845396518707,-0.000958546034812921,0.136316,0.14061188697814941,0.004295886978149421,0.061151,0.06377074867486954,0.0026197486748695403,268.492,232.43457143012512,-36.0574285698749,231.504,230.72065138777242,-0.7833486122275701,274.568,231.95681035018293,-42.61118964981705,45.5,45.5,0.0
2026-06-08 00:07:14,2026-06-08 00:08:14,0.113964,0.10785073041915894,-0.00611326958084106,0.13777,0.13957518339157104,0.0018051833915710414,0.059473,0.0634245052933693,0.003951505293369295,271.376,230.76220964038825,-40.61379035961173,81.564,232.3139020890546,150.74990208905461,403.074,230.69680446299293,-172.37719553700708,45.5,45.5,0.0
2026-06-08 00:07:16,2026-06-08 00:08:16,0.115251,0.10874950140714645,-0.006501498592853552,0.144176,0.13969288766384125,-0.004483112336158751,0.075732,0.06271635740995407,-0.013015642590045923,50.232,237.77969710637578,187.54769710637578,233.968,229.71870408481624,-4.249295915183751,347.704,226.534451916415,-121.169548083585,45.5,45.5,0.0
2026-06-08 00:07:17,2026-06-08 00:08:17,0.105063,0.11037688702344894,0.0053138870234489405,0.126914,0.1406688690185547,0.013754869018554688,0.056115,0.06286950409412384,0.006754504094123842,444.01,236.71700502770443,-207.29299497229556,418.838,228.90960751943973,-189.9283924805603,443.716,229.43006081151958,-214.28593918848043,45.5,45.5,0.0
2026-06-08 00:07:19,2026-06-08 00:08:19,0.085885,0.10811606049537659,0.022231060495376584,0.147757,0.13847024738788605,-0.009286752612113952,0.051376,0.06303820013999939,0.011662200139999392,434.014,237.31087776015696,-196.70312223984305,208.32,225.4490810008972,17.1290810008972,440.594,226.1648786230885,-214.4291213769115,45.5,45.5,0.0
2026-06-08 00:07:20,2026-06-08 00:08:20,0.105786,0.10744442790746689,0.0016584279074668834,0.147823,0.14054082334041595,-0.007282176659584055,0.054641,0.06242402642965317,0.007783026429653166,437.01,233.7176433839799,-203.2923566160201,293.384,228.96254505990194,-64.42145494009807,60.606,227.28987404709403,166.68387404709404,45.5,45.5,0.0
2026-06-08 00:07:22,2026-06-08 00:08:22,0.110074,0.10901261866092682,-0.0010613813390731863,0.13378,0.1404576301574707,0.006677630157470693,0.06151,0.062246982008218765,0.0007369820082187631,376.796,236.3331817091804,-140.4628182908196,423.01,232.37870808416758,-190.6312919158324,140.126,223.77950474576645,83.65350474576644,45.5,45.5,0.0
2026-06-08 00:07:23,2026-06-08 00:08:23,0.111609,0.10835114866495132,-0.0032578513350486754,0.142293,0.13863296806812286,-0.003660031931877139,0.06775,0.06273175030946732,-0.005018249690532689,176.4,231.6007518626336,55.20075186263358,68.096,233.7250362852603,165.6290362852603,96.71201,229.73214824465023,133.02013824465024,45.5,45.5,0.0
2026-06-08 00:07:24,2026-06-08 00:08:24,0.105574,0.10795141756534576,0.002377417565345763,0.13414,0.13814237713813782,0.004002377138137808,0.0609,0.06077839806675911,-0.00012160193324089325,367.094,225.5838947120635,-141.51010528793648,168.546,232.95170596533632,64.40570596533632,180.502,228.77689598992603,48.27489598992602,45.5,45.5,0.0
2026-06-08 00:07:26,2026-06-08 00:08:26,0.104519,0.10773460566997528,0.00321560566997528,0.14108,0.13973696529865265,-0.001343034701347362,0.053681,0.0627303421497345,0.009049342149734498,107.016,235.34473516001407,128.32873516001405,281.96,230.0644595930017,-51.89554040699829,245.868,223.39486814754284,-22.473131852457158,45.5,45.5,0.0
2026-06-08 00:07:27,2026-06-08 00:08:27,0.087883,0.1079881340265274,0.020105134026527402,0.142141,0.13990776240825653,-0.002233237591743459,0.054963,0.06224322319030762,0.007280223190307619,305.886,220.77741347492147,-85.10858652507855,227.808,228.4521446836792,0.6441446836792011,237.538,226.6864038175654,-10.851596182434605,45.5,45.5,0.0
2026-06-08 00:07:29,2026-06-08 00:08:29,0.103722,0.10936489701271057,0.0056428970127105765,0.143651,0.14022532105445862,-0.0034256789455413827,0.064825,0.062044061720371246,-0.0027809382796287474,195.846,224.41308891230454,28.56708891230454,124.796,228.70347425872413,103.90747425872412,376.6,233.54886945534165,-143.05113054465838,45.5,45.5,0.0
2026-06-08 00:07:30,2026-06-08 00:08:30,0.111438,0.11116119474172592,-0.00027680525827407376,0.146351,0.13975563645362854,-0.006595363546371469,0.058741,0.06274944543838501,0.004008445438385008,40.6,232.8817629241275,192.2817629241275,326.41,228.6156545644575,-97.79434543554254,254.618,225.06734783076013,-29.550652169239868,45.5,45.5,0.0
2026-06-08 00:07:32,2026-06-08 00:08:32,0.112381,0.10895537585020065,-0.0034256241497993417,0.135983,0.13759703934192657,0.001614039341926582,0.058434,0.062172215431928635,0.003738215431928635,285.88,229.47256163199808,-56.40743836800192,109.592,227.5481505329966,117.9561505329966,348.446,235.62228515564453,-112.8237148443555,45.5,45.5,0.0
2026-06-08 00:07:33,2026-06-08 00:08:33,0.094663,0.10747808963060379,0.012815089630603793,0.143251,0.1365344226360321,-0.006716577363967885,0.055805,0.06086908280849457,0.005064082808494567,346.094,226.89008345574823,-119.20391654425177,396.634,237.23465633187195,-159.39934366812807,109.466,237.096099349748,127.630099349748,45.5,45.5,0.0
2026-06-08 00:07:34,2026-06-08 00:08:34,0.12327,0.11033779382705688,-0.01293220617294312,0.144794,0.13867610692977905,-0.006117893070220953,0.065974,0.062205299735069275,-0.00376870026493073,305.06,234.40829416384437,-70.65170583615563,19.418,222.72421534315134,203.30621534315134,177.212,232.71239039977382,55.500390399773835,45.5,45.5,0.0
2026-06-08 00:07:36,2026-06-08 00:08:36,0.106807,0.10933919996023178,0.002532199960231782,0.121098,0.1385597586631775,0.017461758663177493,0.065433,0.06254534423351288,-0.0028876557664871266,160.958,234.22166494094733,73.26366494094734,361.074,227.60717009918991,-133.4668299008101,323.204,228.63076798845708,-94.57323201154293,45.5,45.5,0.0
2026-06-08 00:07:37,2026-06-08 00:08:37,0.099558,0.1080719605088234,0.008513960508823401,0.129872,0.13825039565563202,0.008378395655632032,0.065093,0.06263718008995056,-0.0024558199100494366,26.852,235.1976621404306,208.3456621404306,256.186,225.83714779826255,-30.34885220173743,264.418,227.30001799809042,-37.11798200190958,45.5,45.5,0.0
2026-06-08 00:07:39,2026-06-08 00:08:39,0.11377,0.10702043771743774,-0.006749562282562252,0.138848,0.13901494443416595,0.0001669444341659554,0.066854,0.06284577399492264,-0.004008226005077359,424.13,229.79792403275636,-194.33207596724364,180.488,228.0447982845618,47.55679828456181,1.064,231.42011272189987,230.35611272189988,45.5,45.5,0.0
2026-06-08 00:07:40,2026-06-08 00:08:40,0.109385,0.10695317387580872,-0.0024318261241912803,0.148457,0.13990384340286255,-0.008553156597137457,0.064529,0.06253513693809509,-0.0019938630619049102,300.748,231.740224310882,-69.00777568911798,123.298,225.207042034679,101.909042034679,342.762,230.27363239055472,-112.48836760944528,45.5,45.5,0.0
2026-06-08 00:07:42,2026-06-08 00:08:42,0.107521,0.11014378070831299,0.002622780708312983,0.146453,0.14145471155643463,-0.0049982884435653685,0.056044,0.06290487200021744,0.006860872000217441,314.818,236.63554027432392,-78.18245972567607,263.522,227.71471543492842,-35.80728456507157,66.08,226.47882667577454,160.39882667577456,45.5,45.5,0.0
2026-06-08 00:07:43,2026-06-08 00:08:43,0.123103,0.11071529239416122,-0.01238770760583878,0.134775,0.14113806188106537,0.006363061881065363,0.075034,0.06368542462587357,-0.011348575374126438,8.232,235.7497198586714,227.5177198586714,418.81,234.8103457929311,-183.99965420706891,396.354,226.35148907476906,-170.00251092523092,45.5,45.5,0.0
2026-06-08 00:07:45,2026-06-08 00:08:45,0.11765,0.10649716109037399,-0.011152838909626012,0.137182,0.13961069285869598,0.0024286928586959855,0.064561,0.06278255581855774,-0.0017784441814422541,403.088,236.67611691211394,-166.41188308788608,63.756,225.1647991922176,161.4087991922176,148.484,227.50085200077075,79.01685200077074,45.5,45.5,0.0
2026-06-08 00:07:46,2026-06-08 00:08:46,0.119341,0.10503298789262772,-0.014308012107372287,0.152506,0.13979698717594147,-0.012709012824058535,0.064531,0.06304652243852615,-0.0014844775614738515,47.628,230.9505470856491,183.3225470856491,40.376,223.7703973390936,183.3943973390936,150.5,224.5246855550127,74.0246855550127,45.5,45.5,0.0
2026-06-08 00:07:47,2026-06-08 00:08:47,0.125125,0.10925939679145813,-0.015865603208541856,0.149406,0.14135004580020905,-0.008055954199790966,0.075589,0.06235218420624733,-0.013236815793752674,88.662,229.4722447973534,140.8102447973534,231.112,235.06375165429662,3.951751654296629,79.702,224.46658871344727,144.76458871344727,45.5,45.5,0.0
2026-06-08 00:07:49,2026-06-08 00:08:49,0.105562,0.10946263372898102,0.003900633728981015,0.151059,0.14232391119003296,-0.00873508880996704,0.060536,0.06293823570013046,0.002402235700130463,253.134,231.97590828935725,-21.158091710642736,282.884,226.27807790667438,-56.60592209332563,288.33,223.99143747022737,-64.33856252977262,45.5,45.5,0.0
2026-06-08 00:07:50,2026-06-08 00:08:50,0.10667,0.10628247261047363,-0.0003875273895263681,0.144824,0.1401752531528473,-0.004648746847152718,0.053983,0.0633472353219986,0.009364235321998593,378.14,234.1600007444379,-143.9799992555621,190.456,227.2845118950746,36.8285118950746,316.232,231.56935616701077,-84.66264383298926,45.5,45.5,0.0
2026-06-08 00:07:52,2026-06-08 00:08:52,0.098407,0.10557930916547775,0.007172309165477758,0.137442,0.13910187780857086,0.0016598778085708532,0.060009,0.062137771397829056,0.002128771397829056,118.062,234.59849882008965,116.53649882008965,246.652,224.4071635257295,-22.2448364742705,92.386,225.44531780404606,133.05931780404606,45.5,45.5,0.0
2026-06-08 00:07:53,2026-06-08 00:08:53,0.10314,0.1046614795923233,0.0015214795923233077,0.1496,0.140195831656456,-0.009404168343544017,0.063345,0.061612725257873535,-0.0017322747421264634,13.104,230.00239808361837,216.89839808361836,312.2,225.58784154576492,-86.61215845423507,315.154,226.5984703155578,-88.5555296844422,45.5,45.5,0.0
2026-06-08 00:07:54,2026-06-08 00:08:54,0.11519,0.10739128291606903,-0.00779871708393097,0.139624,0.13907945156097412,-0.000544548439025877,0.058347,0.06288391351699829,0.004536913516998288,442.834,236.0295544660178,-206.8044455339822,181.356,224.34296013680714,42.98696013680714,337.568,230.06746874173933,-107.50053125826065,45.5,45.5,0.0
2026-06-08 00:07:56,2026-06-08 00:08:56,0.116144,0.10706505179405212,-0.009078948205947873,0.154231,0.13774800300598145,-0.01648299699401856,0.059437,0.06210209056735039,0.002665090567350391,420.056,237.44273040934902,-182.61326959065096,412.356,228.482097021577,-183.873902978423,175.462,225.25057995085405,49.78857995085406,45.5,45.5,0.0
2026-06-08 00:07:57,2026-06-08 00:08:57,0.102713,0.10547934472560883,0.002766344725608827,0.1299,0.13578858971595764,0.005888589715957654,0.058122,0.062412552535533905,0.004290552535533905,442.4,232.15223707200474,-210.24776292799524,112.49,229.55507175342095,117.06507175342095,171.78,226.07837227287934,54.298372272879334,45.5,45.5,0.0
2026-06-08 00:07:59,2026-06-08 00:08:59,0.106083,0.10671546310186386,0.0006324631018638643,0.143127,0.13918426632881165,-0.003942733671188359,0.062711,0.06378111243247986,0.0010701124324798555,16.982,234.67361533862757,217.69161533862757,447.958,225.33951924315406,-222.61848075684597,447.244,219.9753771432609,-227.2686228567391,45.5,45.5,0.0
2026-06-08 00:08:00,2026-06-08 00:09:00,0.101585,0.10756081342697144,0.005975813426971441,0.161311,0.1393393725156784,-0.021971627484321604,0.070299,0.06417320668697357,-0.006125793313026429,314.328,227.58552948220657,-86.74247051779341,89.488,233.30012389592193,143.81212389592193,17.92,232.86643269134157,214.94643269134156,45.5,45.5,0.0
2026-06-08 00:08:02,2026-06-08 00:09:02,0.110023,0.10826332867145538,-0.0017596713285446125,0.152336,0.1395120471715927,-0.012823952828407287,0.064656,0.06369832903146744,-0.0009576709685325674,20.608,228.8177993781035,208.2097993781035,377.608,238.79347984720297,-138.81452015279703,200.032,223.9121412673283,23.8801412673283,45.5,45.5,0.0
2026-06-08 00:08:03,2026-06-08 00:09:03,0.101009,0.10744839161634445,0.00643939161634445,0.144395,0.1386568546295166,-0.005738145370483394,0.052154,0.0638950988650322,0.011741098865032197,261.856,229.4201896586085,-32.43581034139149,140.896,231.8398790929369,90.94387909293692,55.874,229.7968026804552,173.9228026804552,45.5,45.5,0.0
2026-06-08 00:08:05,2026-06-08 00:09:05,0.104568,0.10764829814434052,0.003080298144340521,0.160342,0.13996601104736328,-0.02037598895263673,0.055316,0.06316248327493668,0.007846483274936679,52.388,230.60146615384227,178.21346615384226,451.444,234.02206604079547,-217.42193395920455,366.772,228.559870848186,-138.212129151814,45.5,45.5,0.0
2026-06-08 00:08:06,2026-06-08 00:09:06,0.108293,0.10571405291557312,-0.0025789470844268803,0.139299,0.13931716978549957,1.8169785499566604e-05,0.063158,0.06337809562683105,0.00022009562683104889,167.818,234.22499629752272,66.40699629752271,281.078,231.85933425203675,-49.21866574796323,41.482,224.51557728290965,183.03357728290965,45.5,45.5,0.0
2026-06-08 00:08:07,2026-06-08 00:09:07,0.106524,0.10680539906024933,0.0002813990602493349,0.169358,0.13893766701221466,-0.030420332987785348,0.062705,0.06372921168804169,0.0010242116880416902,214.76,230.63405240506498,15.874052405064987,14.49,223.51893488410846,209.02893488410845,310.352,233.4361471361911,-76.91585286380888,45.5,45.5,0.0
2026-06-08 00:08:09,2026-06-08 00:09:09,0.11368,0.10888266563415527,-0.00479733436584473,0.159079,0.14093008637428284,-0.01814891362571716,0.070577,0.06365920603275299,-0.00691779396724701,1.344,231.1797893855062,229.83578938550622,373.73,229.9971854292654,-143.73281457073463,186.69,227.90136272260617,41.21136272260617,45.5,45.5,0.0
2026-06-08 00:08:10,2026-06-08 00:09:10,0.098163,0.10827711224555969,0.010114112245559692,0.131985,0.13991989195346832,0.007934891953468332,0.071102,0.06351730972528458,-0.007584690274715422,292.222,231.33250419182403,-60.88949580817595,54.11,222.40789287562538,168.2978928756254,212.142,226.23148430092834,14.089484300928348,45.5,45.5,0.0
2026-06-08 00:08:12,2026-06-08 00:09:12,0.095457,0.10703493654727936,0.011577936547279358,0.130914,0.14132654666900635,0.010412546669006345,0.063603,0.06390289217233658,0.0002998921723365716,95.382,224.17913303433787,128.79713303433786,144.676,234.14305397898679,89.4670539789868,7.77,230.91258239283826,223.14258239283825,45.5,45.5,0.0
2026-06-08 00:08:13,2026-06-08 00:09:13,0.120613,0.10689292848110199,-0.013720071518898008,0.12783,0.14117996394634247,0.013349963946342469,0.070632,0.06396625936031342,-0.006665740639686585,191.646,230.11291119198248,38.46691119198249,250.236,228.19578399729684,-22.040216002703147,248.402,233.88423249197996,-14.517767508020029,45.5,45.5,0.0
2026-06-08 00:08:15,2026-06-08 00:09:15,0.10875,0.10692692548036575,-0.0018230745196342463,0.133481,0.1416463404893875,0.008165340489387524,0.070194,0.0635652020573616,-0.006628797942638404,341.488,227.49263686956354,-113.99536313043646,142.296,229.04669818604052,86.75069818604052,22.708,231.2969050733348,208.58890507333481,45.5,45.5,0.0
2026-06-08 00:08:16,2026-06-08 00:09:16,0.106646,0.10676304250955582,0.00011704250955581197,0.131678,0.14166642725467682,0.00998842725467683,0.071818,0.06375090032815933,-0.008067099671840675,153.454,228.19642056774208,74.74242056774207,375.466,230.70121218944595,-144.76478781055405,46.046,236.3139278993488,190.26792789934882,45.5,45.5,0.0
2026-06-08 00:08:17,2026-06-08 00:09:17,0.096805,0.10553982108831406,0.008734821088314054,0.137705,0.1417163908481598,0.004011390848159796,0.055247,0.06431712210178375,0.009070122101783755,368.704,228.73207536261705,-139.97192463738295,170.73,222.00595785555615,51.27595785555616,199.752,233.7660907874511,34.014090787451096,45.5,45.5,0.0
2026-06-08 00:08:19,2026-06-08 00:09:19,0.10855,0.10535668581724167,-0.003193314182758325,0.140592,0.14016641676425934,-0.0004255832357406564,0.060518,0.06440896540880203,0.00389096540880203,5.068,235.19258218525536,230.12458218525535,366.324,225.12347513476433,-141.20052486523568,296.016,234.53964165786584,-61.476358342134176,45.5,45.5,0.0
2026-06-08 00:08:20,2026-06-08 00:09:20,0.106351,0.10791856795549393,0.001567567955493926,0.153598,0.14105263352394104,-0.012545366476058972,0.073336,0.0642729178071022,-0.009063082192897795,398.552,234.06781312833235,-164.48418687166767,232.862,222.12872233673906,-10.733277663260935,365.918,232.75214934249885,-133.16585065750115,45.5,45.5,0.0
2026-06-08 00:08:22,2026-06-08 00:09:22,0.092556,0.10832913964986801,0.015773139649868012,0.133953,0.140248641371727,0.006295641371727001,0.07253,0.0641530305147171,-0.008376969485282895,185.024,237.5644924617666,52.540492461766604,270.158,229.11167331393162,-41.0463266860684,28.378,227.80993113628625,199.43193113628627,45.5,45.5,0.0
2026-06-08 00:08:23,2026-06-08 00:09:23,0.085448,0.10776162892580032,0.022313628925800327,0.127246,0.13920089602470398,0.011954896024703981,0.062615,0.06486763805150986,0.002252638051509853,133.182,231.44614184054697,98.26414184054698,278.698,233.67998993255523,-45.01801006744475,396.088,231.3635343371016,-164.7244656628984,45.5,45.5,0.0
2026-06-08 00:08:25,2026-06-08 00:09:25,0.107555,0.10636930167675018,-0.0011856983232498147,0.124875,0.14004236459732056,0.015167364597320557,0.06073,0.06454168260097504,0.0038116826009750374,450.912,234.79413304387643,-216.11786695612355,119.518,232.77139101992415,113.25339101992415,425.852,232.05951883997346,-193.7924811600265,45.5,45.5,0.0
2026-06-08 00:08:26,2026-06-08 00:09:26,0.114078,0.10598548501729965,-0.008092514982700347,0.1396,0.13776333630084991,-0.0018366636991500873,0.076696,0.06325867027044296,-0.013437329729557038,58.086,236.30619497945307,178.22019497945308,128.702,229.0755900497014,100.37359004970139,302.33,227.44147552868736,-74.88852447131262,45.5,45.5,0.0
2026-06-08 00:08:27,2026-06-08 00:09:27,0.137785,0.10681504756212234,-0.030969952437877646,0.127555,0.14059457182884216,0.013039571828842161,0.06466,0.06392861902713776,-0.0007313809728622389,449.176,233.9249986152793,-215.2510013847207,244.594,235.56045695424027,-9.033543045759728,293.23,227.74568261490373,-65.48431738509629,45.5,45.5,0.0
2026-06-08 00:08:29,2026-06-08 00:09:29,0.13205,0.1036296859383583,-0.028420314061641694,0.135064,0.13873273134231567,0.003668731342315684,0.055447,0.06555989384651184,0.010112893846511838,234.038,232.53606372456832,-1.5019362754316887,439.39,231.61781575099585,-207.77218424900414,134.414,219.1968165820452,84.7828165820452,45.5,45.5,0.0
2026-06-08 00:08:30,2026-06-08 00:09:30,0.098736,0.10220839083194733,0.0034723908319473223,0.140401,0.14441891014575958,0.0040179101457595845,0.058597,0.062345147132873535,0.003748147132873532,153.244,234.82852264551892,81.58452264551892,201.026,231.3145879647537,30.288587964753702,308.378,228.5704432844155,-79.8075567155845,45.5,45.5,0.0
2026-06-08 00:08:32,2026-06-08 00:09:32,0.094045,0.10381796211004257,0.009772962110042568,0.139753,0.13788297772407532,-0.001870022275924671,0.06022,0.06293986737728119,0.0027198673772811863,189.084,227.236359583427,38.152359583427,322.112,241.74254783758542,-80.3694521624146,297.542,228.37408974093233,-69.16791025906764,45.5,45.5,0.0
2026-06-08 00:08:33,2026-06-08 00:09:33,0.094046,0.10438960045576096,0.010343600455760951,0.139164,0.1399378627538681,0.0007738627538680931,0.055691,0.0629720687866211,0.007281068786621096,255.99,231.5504365477698,-24.439563452230203,169.428,232.88748874844472,63.45948874844473,318.836,234.5201541306024,-84.3158458693976,45.5,45.5,0.0
2026-06-08 00:08:35,2026-06-08 00:09:35,0.110686,0.10575684905052185,-0.004929150949478156,0.148567,0.13723376393318176,-0.011333236066818242,0.061215,0.06289850920438766,0.0016835092043876662,455.322,227.3076242215882,-228.0143757784118,290.038,237.63831309219685,-52.39968690780316,12.74,226.7253452266089,213.9853452266089,45.5,45.5,0.0
2026-06-08 00:08:36,2026-06-08 00:09:36,0.096189,0.10448495298624039,0.00829595298624039,0.134703,0.13714957237243652,0.002446572372436534,0.065032,0.06186359003186226,-0.0031684099681377476,172.676,225.735478183369,53.05947818336901,66.626,228.85570038468867,162.22970038468867,68.124,223.5939886053671,155.4699886053671,45.5,45.5,0.0
2026-06-08 00:08:37,2026-06-08 00:09:37,0.097145,0.10312344133853912,0.005978441338539128,0.127246,0.13484537601470947,0.007599376014709475,0.057837,0.06471282988786697,0.006875829887866974,173.054,225.27780476516435,52.223804765164346,134.946,238.45246362688803,103.50646362688803,3.822,232.76345446565375,228.94145446565375,45.5,45.5,0.0
2026-06-08 00:08:39,2026-06-08 00:09:39,0.113477,0.10513221472501755,-0.008344785274982447,0.137934,0.13545693457126617,-0.0024770654287338267,0.0632,0.06287524104118347,-0.0003247589588165345,432.208,224.47371093116888,-207.73428906883115,402.556,235.26792091188744,-167.28807908811254,325.542,232.24272502446166,-93.29927497553831,45.5,45.5,0.0
2026-06-08 00:08:40,2026-06-08 00:09:40,0.115439,0.103571817278862,-0.011867182721138,0.128254,0.13553649187088013,0.00728249187088012,0.055566,0.06522012501955032,0.009654125019550326,399.112,227.18243650883576,-171.92956349116426,131.838,231.07525927346805,99.23725927346806,307.398,228.52800304554836,-78.86999695445166,45.5,45.5,0.0
2026-06-08 00:08:42,2026-06-08 00:09:42,0.113677,0.10396817326545715,-0.009708826734542847,0.155736,0.13900889456272125,-0.01672710543727876,0.06147,0.0652386024594307,0.0037686024594306977,354.046,222.48448744836085,-131.56151255163914,25.606,221.0387425907239,195.4327425907239,115.542,222.61274747153522,107.07074747153521,45.5,45.5,0.0
2026-06-08 00:08:43,2026-06-08 00:09:43,0.129836,0.10668488591909409,-0.02315111408090592,0.129373,0.14045697450637817,0.011083974506378186,0.067927,0.06445188075304031,-0.0034751192469596875,308.322,224.37353870974246,-83.94846129025754,284.732,226.98245229239578,-57.74954770760425,169.008,222.8099925117836,53.801992511783595,45.5,45.5,0.0
2026-06-08 00:08:45,2026-06-08 00:09:45,0.104929,0.10396107286214828,-0.0009679271378517096,0.143861,0.1390218436717987,-0.004839156328201283,0.058201,0.0625254362821579,0.004324436282157895,312.368,227.79587950869453,-84.57212049130547,419.216,225.3624009005085,-193.8535990994915,284.592,228.0660929603908,-56.525907039609194,45.5,45.5,0.0
2026-06-08 00:08:46,2026-06-08 00:09:46,0.089433,0.10788018256425858,0.018447182564258577,0.147042,0.14094211161136627,-0.006099888388633734,0.055761,0.06335774809122086,0.007596748091220858,107.128,231.4979918417787,124.36999184177871,309.064,225.14546782696934,-83.91853217303068,184.982,229.07460253714117,44.092602537141175,45.5,45.5,0.0
2026-06-08 00:08:47,2026-06-08 00:09:47,0.109063,0.11038144677877426,0.0013184467787742682,0.151231,0.14209596812725067,-0.009135031872749333,0.058498,0.06365989148616791,0.005161891486167906,144.55,226.9385275116836,82.38852751168358,320.81,229.5839097572667,-91.2260902427333,357.42,232.31856976034265,-125.10143023965736,45.5,45.5,0.0
2026-06-08 00:08:49,2026-06-08 00:09:49,0.092618,0.10949710011482239,0.016879100114822382,0.159925,0.1408364623785019,-0.01908853762149812,0.06563,0.06341872364282608,-0.0022112763571739136,398.272,234.82290716014612,-163.44909283985388,251.02,223.71483758968824,-27.305162410311766,55.678,227.69167746318732,172.01367746318732,45.5,45.5,0.0
2026-06-08 00:08:50,2026-06-08 00:09:50,0.106039,0.10962200909852982,0.0035830090985298213,0.139741,0.14290371537208557,0.003162715372085567,0.066154,0.06336750835180283,-0.0027864916481971785,125.216,227.63295591099885,102.41695591099885,345.842,232.26137071494267,-113.58062928505731,216.244,227.55368825302213,11.30968825302213,45.5,45.5,0.0
2026-06-08 00:08:52,2026-06-08 00:09:52,0.098874,0.10824023932218552,0.009366239322185513,0.139948,0.14084821939468384,0.0009002193946838488,0.066699,0.06383003294467926,-0.002868967055320734,386.638,231.13502929949234,-155.50297070050763,307.594,229.14500985342474,-78.44899014657526,272.146,233.43678115418749,-38.70921884581253,45.5,45.5,0.0
2026-06-08 00:08:53,2026-06-08 00:09:53,0.107669,0.10663269460201263,-0.0010363053979873665,0.132527,0.14046895503997803,0.007941955039978021,0.062151,0.06360973417758942,0.0014587341775894186,68.39,233.02741927238665,164.63741927238664,29.008,228.84335110254605,199.83535110254604,273.728,235.18292706569974,-38.545072934300265,45.5,45.5,0.0
2026-06-08 00:08:55,2026-06-08 00:09:55,0.107283,0.10830776393413544,0.0010247639341354337,0.136253,0.13911372423171997,0.0028607242317199577,0.055216,0.06393430382013321,0.008718303820133208,382.97,227.39928227182898,-155.57071772817105,276.15,235.0339646883243,-41.11603531167569,45.738,232.78876002243697,187.05076002243698,45.5,45.5,0.0
2026-06-08 00:08:56,2026-06-08 00:09:56,0.10948,0.10606694221496582,-0.0034130577850341737,0.165786,0.13842619955539703,-0.027359800444602955,0.066342,0.06357061862945557,-0.002771381370544432,159.138,235.17810606799802,76.04010606799801,120.148,226.77713369277043,106.62913369277044,428.554,236.3072645440389,-192.24673545596107,45.5,45.5,0.0
2026-06-08 00:08:58,2026-06-08 00:09:58,0.104578,0.10725660622119904,0.0026786062211990314,0.141172,0.13740430772304535,-0.003767692276954643,0.064685,0.062246501445770264,-0.0024384985542297427,82.236,232.18512474578145,149.94912474578143,283.976,231.3856736656695,-52.59032633433051,65.87,227.49691467138547,161.62691467138546,45.5,45.5,0.0
2026-06-08 00:08:59,2026-06-08 00:09:59,0.122651,0.10887212306261063,-0.01377887693738937,0.151764,0.13825637102127075,-0.013507628978729258,0.067221,0.06289758533239365,-0.004323414667606357,103.236,235.5126179450588,132.27661794505877,260.694,230.41817827881513,-30.275821721184883,320.628,234.0443278406613,-86.58367215933868,45.5,45.5,0.0
2026-06-08 00:09:00,2026-06-08 00:10:00,0.116023,0.10811559110879898,-0.00790740889120102,0.140585,0.13855373859405518,-0.002031261405944812,0.057066,0.06333798170089722,0.006271981700897218,22.582,233.99179768973752,211.40979768973753,250.236,232.02719107028096,-18.208808929719027,269.934,233.09002744716787,-36.843972552832156,45.5,45.5,0.0
2026-06-08 00:09:02,2026-06-08 00:10:02,0.107416,0.10762045532464981,0.0002044553246498132,0.151658,0.13915885984897614,-0.012499140151023852,0.063147,0.06576989591121674,0.002622895911216741,399.56,230.8349249906203,-168.7250750093797,112.014,229.9603473367059,117.9463473367059,117.558,232.34636103622148,114.78836103622147,45.5,45.5,0.0
2026-06-08 00:09:03,2026-06-08 00:10:03,0.111856,0.1065158098936081,-0.005340190106391904,0.137291,0.13859112560749054,0.0013001256074905432,0.059228,0.06520730257034302,0.005979302570343015,276.178,233.96365352599858,-42.21434647400142,161.28,234.06040578232168,72.78040578232168,365.652,235.82545093945424,-129.82654906054574,45.5,45.5,0.0
2026-06-08 00:09:05,2026-06-08 00:10:05,0.108868,0.10493479669094086,-0.0039332033090591495,0.124823,0.13673128187656403,0.011908281876564022,0.06014,0.06491931527853012,0.004779315278530122,90.384,238.45967828585142,148.07567828585144,407.19,223.86940551108145,-183.32059448891854,191.31,225.62294347773542,34.312943477735416,45.5,45.5,0.0
2026-06-08 00:09:06,2026-06-08 00:10:06,0.105129,0.10815084725618362,0.003021847256183624,0.145166,0.13968048989772797,-0.005485510102272023,0.064886,0.06381291151046753,-0.00107308848953247,148.078,228.68352635828458,80.60552635828458,70.252,228.3305833256878,158.07858332568782,356.412,235.2819926424093,-121.13000735759067,45.5,45.5,0.0
2026-06-08 00:09:08,2026-06-08 00:10:08,0.10587,0.10822463780641556,0.002354637806415552,0.172175,0.14064575731754303,-0.031529242682456965,0.066064,0.06428166478872299,-0.0017823352112770058,91.028,227.17733207029212,136.14933207029213,416.584,234.40433153078638,-182.17966846921362,90.79,230.91062464638873,140.1206246463887,45.5,45.5,0.0
2026-06-08 00:09:09,2026-06-08 00:10:09,0.12233,0.10902359336614609,-0.013306406633853907,0.153277,0.13899384438991547,-0.01428315561008453,0.062715,0.06435847282409668,0.0016434728240966728,38.724,227.77531503613343,189.05131503613345,212.408,229.98210709358509,17.5741070935851,233.73,225.06537084939106,-8.664629150608931,45.5,45.5,0.0
2026-06-08 00:09:10,2026-06-08 00:10:10,0.118052,0.11140597611665726,-0.006646023883342747,0.156826,0.14177526533603668,-0.015050734663963311,0.066352,0.06407197564840317,-0.0022800243515968266,67.816,233.37412607421837,165.55812607421836,227.444,232.64962039055908,5.2056203905590905,175.014,232.45907076928944,57.44507076928943,45.5,45.5,0.0
2026-06-08 00:09:12,2026-06-08 00:10:12,0.108982,0.11125240474939346,0.0022704047493934676,0.15353,0.14049111306667328,-0.013038886933326721,0.069077,0.06388296186923981,-0.005194038130760192,221.228,236.14209001343332,14.91409001343331,219.282,219.11390616516664,-0.16809383483337115,254.352,231.02136006382813,-23.330639936171877,45.55,45.55,0.0
2026-06-08 00:09:13,2026-06-08 00:10:13,0.117738,0.11061006784439087,-0.007127932155609126,0.136876,0.1369646191596985,8.861915969848866e-05,0.062977,0.06172382831573486,-0.001253171684265142,113.358,236.18103064031334,122.82303064031333,4.256,223.6850823185702,219.4290823185702,272.118,232.32697177013995,-39.791028229860046,45.54,45.54,0.0
2026-06-08 00:09:15,2026-06-08 00:10:15,0.108474,0.10753452032804489,-0.0009394796719551096,0.156567,0.1376562863588333,-0.0189107136411667,0.057796,0.06134120002388954,0.0035452000238895415,71.022,232.42833260231845,161.40633260231846,239.652,218.74463546786762,-20.907364532132362,171.332,231.84676510531568,60.51476510531569,45.532,45.532,0.0
2026-06-08 00:09:16,2026-06-08 00:10:16,0.107757,0.10955944657325745,0.0018024465732574407,0.149275,0.13751624524593353,-0.011758754754066458,0.069684,0.06101703643798828,-0.008666963562011715,225.526,227.45248399868794,1.926483998687928,44.086,223.55294122154547,179.46694122154548,72.604,232.20105913098925,159.59705913098924,45.5256,45.5256,0.0
2026-06-08 00:09:18,2026-06-08 00:10:18,0.109733,0.10977012664079666,3.712664079666417e-05,0.147626,0.13803264498710632,-0.009593355012893684,0.053269,0.06160804256796837,0.008339042567968372,410.466,231.25538696560866,-179.21061303439134,9.604,221.84609564825524,212.24209564825526,32.578,237.0508127952179,204.4728127952179,45.52048,45.52048,0.0
2026-06-08 00:09:19,2026-06-08 00:10:19,0.112923,0.1098189502954483,-0.0031040497045516924,0.133693,0.13639071583747864,0.0026977158374786314,0.062462,0.06165698170661926,-0.000805018293380734,179.48,232.9193603259605,53.43936032596051,422.534,234.5977127251798,-187.9362872748202,19.334,229.60332697866687,210.26932697866687,45.516384,45.516384,0.0
2026-06-08 00:09:20,2026-06-08 00:10:20,0.097892,0.10458394140005112,0.00669194140005111,0.161122,0.13179834187030792,-0.029323658129692065,0.060328,0.06191835179924965,0.0015903517992496494,347.382,229.66208455158983,-117.71991544841018,285.81,226.19448429949415,-59.61551570050585,189.686,231.90972913099492,42.22372913099491,45.5131072,45.5131072,0.0
2026-06-08 00:09:22,2026-06-08 00:10:22,0.121157,0.10407394170761108,-0.017083058292388917,0.1523,0.1356992870569229,-0.01660071294307708,0.063531,0.06156756728887558,-0.0019634327111244243,292.278,231.73431640456408,-60.54368359543594,424.27,226.07394147313153,-198.19605852686846,62.384,234.35794616562322,171.9739461656232,45.51048576,45.51048576,0.0
2026-06-08 00:09:23,2026-06-08 00:10:23,0.1109,0.1037403866648674,-0.0071596133351325975,0.143815,0.13133962452411652,-0.012475375475883482,0.05783,0.06177285313606262,0.003942853136062623,344.932,233.29490343017366,-111.63709656982635,416.346,218.51393882882837,-197.83206117117163,301.532,233.89990031658215,-67.63209968341783,45.50838861,45.50838861,0.0
2026-06-08 00:09:25,2026-06-08 00:10:25,0.114791,0.10192492604255676,-0.012866073957443241,0.147967,0.1302817463874817,-0.017685253612518298,0.066624,0.06044483929872513,-0.0061791607012748745,450.114,230.64624575585862,-219.46775424414136,69.888,222.60495227622235,152.71695227622234,111.944,234.08010180679946,122.13610180679946,45.50671089,45.50671089,0.0
2026-06-08 00:09:26,2026-06-08 00:10:26,0.105929,0.10494424402713776,-0.000984755972862239,0.151207,0.1344631165266037,-0.01674388347339631,0.058961,0.05761018395423889,-0.001350816045761108,60.62,241.61819524429367,180.99819524429367,401.52,216.88859681780286,-184.63140318219712,264.096,229.5015259053,-34.59447409469999,45.50536871,45.50536871,0.0
2026-06-08 00:09:28,2026-06-08 00:10:28,0.096395,0.10616523027420044,0.009770230274200445,0.129219,0.1388641893863678,0.009645189386367797,0.057613,0.060626283288002014,0.0030132832880020166,219.422,236.69887172065134,17.276871720651343,397.502,228.9888014155516,-168.51319858444842,272.09,236.71745323113208,-35.37254676886789,45.50429497,45.50429497,0.0
2026-06-08 00:09:29,2026-06-08 00:10:29,0.120183,0.10417444258928299,-0.01600855741071701,0.129488,0.13534103333950043,0.005853033339500435,0.056438,0.06042421609163284,0.003986216091632841,182.672,237.40353198679284,54.731531986792845,178.15,225.70980731041345,47.55980731041345,194.152,233.7324001362656,39.58040013626561,45.50343597,45.50343597,0.0
2026-06-08 00:09:30,2026-06-08 00:10:30,0.118632,0.10308807343244553,-0.015543926567554475,0.14353,0.13296948373317719,-0.010560516266822806,0.06303,0.0595879927277565,-0.0034420072722435024,370.286,228.36457480322733,-141.92142519677267,112.28,232.16352772343825,119.88352772343825,146.328,237.82924497182387,91.50124497182387,45.50274878,45.50274878,0.0
2026-06-08 00:09:32,2026-06-08 00:10:32,0.091279,0.10370057076215744,0.012421570762157441,0.129319,0.13435091078281403,0.005031910782814036,0.062748,0.05948805436491966,-0.0032599456350803357,148.708,236.99866139193978,88.29066139193978,168.28,224.724439963187,56.444439963186994,391.342,232.5613108264286,-158.78068917357137,45.50219902,45.50219902,0.0
2026-06-08 00:09:33,2026-06-08 00:10:33,0.111128,0.10736022144556046,-0.0037677785544395492,0.130368,0.13359370827674866,0.0032257082767486456,0.063806,0.06002916395664215,-0.0037768360433578507,335.636,238.27859318772403,-97.357406812276,312.27,228.25173357034407,-84.01826642965591,311.08,234.7975136713645,-76.28248632863549,45.50175922,45.50175922,0.0
2026-06-08 00:09:35,2026-06-08 00:10:35,0.111088,0.10356289148330688,-0.007525108516693121,0.145424,0.13304612040519714,-0.012377879594802854,0.063084,0.059811875224113464,-0.003272124775886537,20.846,239.7216829837799,218.8756829837799,91.826,225.98275360766866,134.15675360766866,426.58,241.8758115230014,-184.70418847699858,45.50140737,45.50140737,0.0
2026-06-08 00:09:36,2026-06-08 00:10:36,0.117663,0.10713221877813339,-0.010530781221866611,0.141137,0.13564294576644897,-0.005494054233551038,0.061761,0.0602155439555645,-0.0015454560444355045,4.438,230.7800833770907,226.34208337709072,100.184,233.59846801497167,133.41446801497167,100.254,228.01256010826614,127.75856010826614,45.5011259,45.5011259,0.0
2026-06-08 00:09:38,2026-06-08 00:10:38,0.111982,0.10837803781032562,-0.0036039621896743756,0.144934,0.13670918345451355,-0.008224816545486457,0.063942,0.06130034103989601,-0.0026416589601039875,287.56,235.4217078026844,-52.13829219731559,310.1,235.86083814713837,-74.23916185286166,350.952,237.61268980352617,-113.33931019647383,45.50090072,45.50090072,0.0
2026-06-08 00:09:39,2026-06-08 00:10:39,0.112356,0.11026949435472488,-0.0020865056452751135,0.150555,0.13745199143886566,-0.013103008561134333,0.059838,0.0609622597694397,0.001124259769439695,404.208,230.07597714515674,-174.13202285484329,409.318,239.62429075995917,-169.69370924004082,119.728,232.90021049133424,113.17221049133424,45.50072058,45.50072058,0.0
2026-06-08 00:09:40,2026-06-08 00:10:40,0.108698,0.10953949391841888,0.0008414939184188813,0.153185,0.1364281326532364,-0.0167568673467636,0.056376,0.061280567198991776,0.004904567198991773,327.04,232.74297123044857,-94.29702876955145,33.376,228.11179622088213,194.73579622088212,235.592,232.90956448042994,-2.6824355195700775,45.50057646,45.50057646,0.0
2026-06-08 00:09:42,2026-06-08 00:10:42,0.102266,0.1088142842054367,0.006548284205436711,0.143159,0.13493353128433228,-0.008225468715667733,0.05796,0.061037465929985046,0.0030774659299850488,181.93,229.77487906918316,47.84487906918315,337.036,234.23532767500302,-102.80067232499698,404.04,232.56910362688518,-171.47089637311484,45.50046117,45.50046117,0.0
2026-06-08 00:09:43,2026-06-08 00:10:43,0.108646,0.11024992913007736,0.0016039291300773556,0.15038,0.1381770372390747,-0.012202962760925307,0.06561,0.06124604493379593,-0.004363955066204073,456.778,229.3348870812997,-227.4431129187003,139.51,221.52331297702557,82.01331297702558,415.688,228.5122726275234,-187.1757273724766,45.50036893,45.50036893,0.0
2026-06-08 00:09:45,2026-06-08 00:10:45,0.097685,0.10962706059217453,0.011942060592174536,0.150079,0.13845297694206238,-0.011626023057937612,0.061963,0.06142992526292801,-0.0005330747370719882,152.544,229.77958657347315,77.23558657347314,437.36,233.3037017942292,-204.05629820577082,27.916,224.80594166091788,196.88994166091788,45.50029515,45.50029515,0.0
2026-06-08 00:09:46,2026-06-08 00:10:46,0.08837,0.10873717069625854,0.02036717069625854,0.134682,0.13651825487613678,0.0018362548761367836,0.061762,0.06047021970152855,-0.0012917802984714483,38.598,220.95376478349738,182.35576478349736,91.224,231.47593959385856,140.25193959385854,193.046,226.1870659294113,33.1410659294113,45.50023612,45.50023612,0.0
2026-06-08 00:09:48,2026-06-08 00:10:48,0.11039,0.10795819014310837,-0.002431809856891634,0.153842,0.1374134123325348,-0.016428587667465216,0.0666,0.061430834233760834,-0.005169165766239173,232.358,227.60081140505355,-4.757188594946456,447.678,237.09120789229797,-210.58679210770202,132.86,225.31796541557281,92.4579654155728,45.50018889,45.50018889,0.0
2026-06-08 00:09:49,2026-06-08 00:10:49,0.123031,0.10855163633823395,-0.014479363661766054,0.14603,0.13795214891433716,-0.008077851085662835,0.072924,0.06158681958913803,-0.011337180410861972,435.596,221.41235781962737,-214.18364218037263,43.456,238.48333962337847,195.02733962337845,266.77,232.0350551694078,-34.734944830592184,45.50015112,45.50015112,0.0
2026-06-08 00:09:50,2026-06-08 00:10:50,0.104344,0.10918412357568741,0.004840123575687402,0.162759,0.13429942727088928,-0.028459572729110705,0.057644,0.06222379207611084,0.004579792076110839,433.524,225.07388240699277,-208.45011759300723,377.538,231.60013758647386,-145.93786241352615,177.254,221.7959337814923,44.541933781492304,45.50012089,45.50012089,0.0
2026-06-08 00:09:52,2026-06-08 00:10:52,0.094184,0.10849983990192413,0.01431583990192413,0.128452,0.13281697034835815,0.004364970348358144,0.06242,0.0614803284406662,-0.0009396715593338045,118.972,223.93264421849372,104.96064421849373,306.936,227.10362826246904,-79.83237173753093,67.606,224.93230740049762,157.32630740049763,45.50009671,45.50009671,0.0
2026-06-08 00:09:53,2026-06-08 00:10:53,0.099048,0.10775303095579147,0.008705030955791476,0.132334,0.1354837268590927,0.0031497268590927052,0.059291,0.060820117592811584,0.001529117592811581,21.252,219.9700211677225,198.7180211677225,73.752,227.07530569722687,153.32330569722689,150.15,227.82247646462542,77.67247646462542,45.50007737,45.50007737,0.0
2026-06-08 00:09:55,2026-06-08 00:10:55,0.092572,0.10561803728342056,0.013046037283420561,0.129655,0.1347845047712326,0.0051295047712326125,0.069076,0.06118040904402733,-0.00789559095597267,435.12,214.5403634371292,-220.5796365628708,73.416,230.02381378591903,156.60781378591903,323.862,234.8632426129763,-88.99875738702372,45.5000619,45.5000619,0.0
2026-06-08 00:09:56,2026-06-08 00:10:56,0.107999,0.10633904486894608,-0.0016599551310539223,0.127957,0.13866233825683594,0.01070533825683595,0.06261,0.061552632600069046,-0.001057367399930953,226.828,223.67456919983826,-3.1534308001617433,23.954,235.96360638227105,212.00960638227104,161.168,228.9694057129454,67.80140571294538,45.50004952,45.50004952,0.0
2026-06-08 00:09:58,2026-06-08 00:10:58,0.103232,0.10558415204286575,0.002352152042865749,0.119008,0.1352561116218567,0.016248111621856687,0.054252,0.06164845824241638,0.00739645824241638,267.19,222.3054964216031,-44.8845035783969,150.682,230.80390603467023,80.12190603467025,279.636,232.02233118453285,-47.61366881546718,45.50003961,45.50003961,0.0
2026-06-08 00:09:59,2026-06-08 00:10:59,0.092745,0.10415852814912796,0.011413528149127966,0.10583,0.13415874540805817,0.028328745408058173,0.06373,0.06062319502234459,-0.0031068049776554058,357.812,225.93368953520968,-131.87831046479033,421.204,233.68231088990038,-187.52168911009963,345.142,230.20397535161234,-114.93802464838765,45.50003169,45.50003169,0.0
2026-06-08 00:10:01,2026-06-08 00:11:01,0.114808,0.10286829620599747,-0.011939703794002526,0.129955,0.13299186527729034,0.003036865277290357,0.072952,0.059132855385541916,-0.013819144614458087,187.488,229.89542942379634,42.407429423796344,328.034,228.0673310168009,-99.9666689831991,303.968,233.5432407261868,-70.42475927381321,45.50002535,45.50002535,0.0
2026-06-08 00:10:02,2026-06-08 00:11:02,0.110642,0.10259020328521729,-0.008051796714782719,0.135902,0.13422712683677673,-0.0016748731632232616,0.065283,0.060676224529743195,-0.004606775470256799,252.756,235.9579859873871,-16.798014012612896,411.446,224.79969884503987,-186.64630115496016,81.76,229.63946733642751,147.87946733642752,45.50002028,45.50002028,0.0
2026-06-08 00:10:03,2026-06-08 00:11:03,0.098812,0.10271874815225601,0.003906748152256015,0.128051,0.13352824747562408,0.005477247475624086,0.064792,0.06174548715353012,-0.0030465128464698815,287.406,230.461988334512,-56.944011665488006,63.91,219.49098798235994,155.58098798235994,305.424,234.8089525312603,-70.61504746873968,45.50001623,45.50001623,0.0
2026-06-08 00:10:05,2026-06-08 00:11:05,0.091423,0.10471923649311066,0.013296236493110652,0.129334,0.13467366993427277,0.005339669934272762,0.058876,0.06188672035932541,0.003010720359325411,235.914,234.56227154335522,-1.3517284566447643,1.008,221.39995815441475,220.39195815441474,426.496,234.6599683904219,-191.83603160957807,45.50001298,45.50001298,0.0
2026-06-08 00:10:06,2026-06-08 00:11:06,0.105551,0.10386491566896439,-0.00168608433103562,0.124168,0.1318613737821579,0.007693373782157897,0.068993,0.060402899980545044,-0.008590100019454955,261.772,237.91834027299842,-23.85365972700157,29.638,221.06459003889364,191.42659003889364,359.436,232.50296362230648,-126.9330363776935,45.50001038,45.50001038,0.0
2026-06-08 00:10:08,2026-06-08 00:11:08,0.115955,0.104267418384552,-0.011687581615448,0.141682,0.13162212073802948,-0.010059879261970522,0.061864,0.06060034781694412,-0.00126365218305588,366.548,236.4394036294836,-130.1085963705164,264.068,222.97253752238475,-41.09546247761523,174.874,229.47435521406902,54.600355214069026,45.50000831,45.50000831,0.0
2026-06-08 00:10:09,2026-06-08 00:11:09,0.109619,0.1051861122250557,-0.0044328877749443,0.136239,0.1326509267091751,-0.003588073290824889,0.061725,0.06111394613981247,-0.0006110538601875326,7.574,234.24655728423022,226.6725572842302,364.7,222.12767704018617,-142.57232295981382,221.41,229.23900371099626,7.829003710996261,45.50000665,45.50000665,0.0
2026-06-08 00:10:11,2026-06-08 00:11:11,0.10677,0.10490401834249496,-0.0018659816575050392,0.152958,0.13218523561954498,-0.020772764380455028,0.06798,0.06044616922736168,-0.00753383077263832,4.746,227.81789684451408,223.07189684451407,145.026,231.36805666739315,86.34205666739314,214.704,234.26170353230754,19.557703532307528,45.50000532,45.50000532,0.0
2026-06-08 00:10:12,2026-06-08 00:11:12,0.09089,0.10845322161912918,0.017563221619129182,0.135033,0.13548751175403595,0.00045451175403596333,0.070159,0.06129136681556702,-0.008867633184432983,173.67,228.14989141434316,54.47989141434317,298.676,238.6033787557376,-60.07262124426239,203.994,232.94484696692595,28.95084696692595,45.50000425,45.50000425,0.0
2026-06-08 00:10:13,2026-06-08 00:11:13,0.115505,0.10743263363838196,-0.008072366361618039,0.153814,0.1351410299539566,-0.018672970046043402,0.069781,0.06195814162492752,-0.007822858375072475,127.344,230.7613508613204,103.41735086132041,96.53001,233.0392335200884,136.5092235200884,286.23,234.41464930660516,-51.81535069339486,45.5000034,45.5000034,0.0
2026-06-08 00:10:15,2026-06-08 00:11:15,0.101666,0.10709405690431595,0.005428056904315942,0.138158,0.13586483895778656,-0.002293161042213443,0.059741,0.0623236820101738,0.002582682010173795,327.67,227.8926875976228,-99.77731240237722,106.946,224.0714598557051,117.12545985570509,248.374,226.9526233015538,-21.42137669844618,45.50000272,45.50000272,0.0
2026-06-08 00:10:16,2026-06-08 00:11:16,0.102886,0.10662189871072769,0.0037358987107276864,0.134193,0.13428883254528046,9.583254528044982e-05,0.059835,0.06234807148575783,0.0025130714857578285,337.022,231.6109215874264,-105.4110784125736,391.972,229.72849698033784,-162.24350301966214,220.416,232.13925482300755,11.72325482300755,45.50000218,45.50000218,0.0
2026-06-08 00:10:18,2026-06-08 00:11:18,0.107646,0.1070881113409996,-0.0005578886590004023,0.15034,0.135009303689003,-0.01533069631099701,0.066976,0.062275465577840805,-0.004700534422159189,111.986,228.58507725689242,116.59907725689241,227.486,225.11293415711387,-2.3730658428861204,452.578,231.52857901844175,-221.04942098155823,45.50000174,45.50000174,0.0
2026-06-08 00:10:19,2026-06-08 00:11:19,0.095409,0.10693084448575974,0.011521844485759741,0.145289,0.1368527114391327,-0.008436288560867311,0.06823,0.06227109581232071,-0.00595890418767929,199.71,230.41999334159576,30.709993341595748,90.104,225.8579808780748,135.7539808780748,449.19,229.49072419367485,-219.69927580632515,45.50000139,45.50000139,0.0
2026-06-08 00:10:21,2026-06-08 00:11:21,0.118939,0.10850740969181061,-0.010431590308189395,0.142064,0.1375950574874878,-0.004468942512512203,0.061615,0.06209699437022209,0.0004819943702220886,396.536,230.170786134901,-166.365213865099,215.376,227.67308150692435,12.297081506924343,25.914,230.23094181331066,204.31694181331068,45.50000112,45.50000112,0.0
2026-06-08 00:10:22,2026-06-08 00:11:22,0.119136,0.10850049555301666,-0.010635504446983343,0.138678,0.1372702419757843,-0.001407758024215694,0.056951,0.061769451946020126,0.004818451946020125,301.644,233.45251739866762,-68.19148260133238,242.312,227.45675167466663,-14.855248325333378,451.472,229.11291284647916,-222.35908715352082,45.50000089,45.50000089,0.0
2026-06-08 00:10:24,2026-06-08 00:11:24,0.109071,0.10725858807563782,-0.001812411924362184,0.141213,0.135438472032547,-0.005774527967453008,0.067013,0.06196390837430954,-0.005049091625690463,183.932,234.664647841402,50.73264784140201,379.274,229.3852986752054,-149.8887013247946,402.346,223.58328944474587,-178.76271055525413,45.50000071,45.50000071,0.0
2026-06-08 00:10:25,2026-06-08 00:11:25,0.101146,0.10852477699518204,0.0073787769951820376,0.131648,0.13656996190547943,0.004921961905479444,0.070988,0.06276915222406387,-0.008218847775936122,45.5,230.97595193863867,185.47595193863867,11.144,232.13889531278136,220.99489531278135,134.386,226.8142492941505,92.4282492941505,45.50000057,45.50000057,0.0
2026-06-08 00:10:26,2026-06-08 00:11:26,0.094189,0.10691921412944794,0.012730214129447942,0.14106,0.1360795646905899,-0.004980435309410086,0.064736,0.06294887512922287,-0.001787124870777132,315.98,224.655858779529,-91.324141220471,139.286,236.92484434757097,97.63884434757097,401.786,229.5271202310751,-172.2588797689249,45.50000046,45.50000046,0.0
2026-06-08 00:10:28,2026-06-08 00:11:28,0.113755,0.10772119462490082,-0.006033805375099177,0.143308,0.13686873018741608,-0.006439269812583914,0.071944,0.06300093233585358,-0.008943067664146417,312.256,233.67689751164818,-78.5791024883518,176.05,226.3546731178441,50.30467311784409,102.508,218.38812614966042,115.88012614966043,45.50000037,45.50000037,0.0
2026-06-08 00:10:29,2026-06-08 00:11:29,0.105455,0.10997696965932846,0.0045219696593284675,0.135772,0.13700555264949799,0.001233552649497982,0.075443,0.06301438063383102,-0.012428619366168972,7.098,228.58905878319487,221.49105878319486,397.516,234.58572221276646,-162.93027778723356,456.4,221.6770275575634,-234.72297244243657,45.50000029,45.50000029,0.0
2026-06-08 00:10:31,2026-06-08 00:11:31,0.110188,0.10754301398992538,-0.0026449860100746098,0.125375,0.13614115118980408,0.01076615118980409,0.07246,0.06304516643285751,-0.009414833567142483,191.898,230.41955950460894,38.521559504608945,183.54,227.4996070207755,43.95960702077551,444.612,229.72033132444295,-214.89166867555707,45.50000023,45.50000023,0.0
2026-06-08 00:10:32,2026-06-08 00:11:32,0.095761,0.10574350506067276,0.009982505060672761,0.128725,0.13448308408260345,0.0057580840826034485,0.059866,0.06237655505537987,0.002510555055379865,185.388,225.69791486972767,40.30991486972766,334.67,235.51909802405606,-99.15090197594395,112.84,226.8866545563185,114.04665455631849,45.50000019,45.50000019,0.0
2026-06-08 00:10:33,2026-06-08 00:11:33,0.105961,0.10516328364610672,-0.0007977163538932797,0.15321,0.13517993688583374,-0.018030063114166273,0.066114,0.062114205211400986,-0.00399979478859902,319.564,229.37441001994273,-90.18958998005729,284.69,231.57880691963615,-53.11119308036385,243.054,234.7940360611915,-8.25996393880851,45.50000015,45.50000015,0.0
2026-06-08 00:10:35,2026-06-08 00:11:35,0.10165,0.10599178075790405,0.0043417807579040485,0.14135,0.1366899162530899,-0.004660083746910099,0.061584,0.06172306463122368,0.00013906463122367874,82.54401,231.60801821080943,149.06400821080945,439.278,223.5167188021822,-215.76128119781782,421.876,220.7572469364417,-201.11875306355827,45.50000012,45.50000012,0.0
2026-06-08 00:10:36,2026-06-08 00:11:36,0.093062,0.10333016514778137,0.010268165147781366,0.119851,0.133924663066864,0.014073663066864014,0.065311,0.06194158270955086,-0.0033694172904491365,400.316,227.80658426430514,-172.50941573569483,165.228,229.19194546926906,63.96394546926905,194.194,231.29456987253323,37.10056987253324,45.5000001,45.5000001,0.0
2026-06-08 00:10:38,2026-06-08 00:11:38,0.103947,0.10311219096183777,-0.0008348090381622292,0.130695,0.13427916169166565,0.003584161691665644,0.067466,0.06202966719865799,-0.005436332801342009,26.586,227.3519237987719,200.7659237987719,325.192,233.72577953037725,-91.46622046962275,298.172,231.561487544374,-66.61051245562604,45.50000008,45.50000008,0.0
2026-06-08 00:10:39,2026-06-08 00:11:39,0.124072,0.10527150332927704,-0.018800496670722963,0.123286,0.1353083997964859,0.012022399796485894,0.066295,0.06325265765190125,-0.0030423423480987616,267.582,223.1478442311846,-44.4341557688154,313.67,227.25650443537097,-86.41349556462905,370.076,225.03359030456187,-145.04240969543815,45.50000006,45.50000006,0.0
2026-06-08 00:10:41,2026-06-08 00:11:41,0.110311,0.10479871928691864,-0.005512280713081366,0.138671,0.13669700920581818,-0.0019739907941818124,0.060716,0.06195007637143135,0.0012340763714313516,21.0,229.31004924551206,208.31004924551206,429.548,230.8899132459661,-198.6580867540339,323.106,231.75673296215473,-91.34926703784527,45.50000005,45.50000005,0.0
2026-06-08 00:10:42,2026-06-08 00:11:42,0.103871,0.10611257702112198,0.0022415770211219738,0.164886,0.13820204138755798,-0.02668395861244202,0.070887,0.06248902902007103,-0.008397970979928976,429.842,230.0649298483042,-199.7770701516958,349.776,225.8041682726929,-123.97183172730712,423.906,233.86116674974642,-190.0448332502536,45.50000004,45.50000004,0.0
2026-06-08 00:10:43,2026-06-08 00:11:43,0.108043,0.10697273164987564,-0.0010702683501243593,0.153209,0.1413198858499527,-0.011889114150047314,0.056712,0.06301242113113403,0.006300421131134035,11.06,235.67263944834673,224.61263944834673,404.026,225.2220458978685,-178.8039541021315,392.644,224.67622070767612,-167.96777929232388,45.50000003,45.50000003,0.0
2026-06-08 00:10:45,2026-06-08 00:11:45,0.09251,0.10553994029760361,0.013029940297603612,0.122323,0.14065402746200562,0.018331027462005614,0.057141,0.06357398629188538,0.006432986291885379,44.534,231.2436062211085,186.70960622110852,342.538,226.81615812411331,-115.7218418758867,176.414,234.18935632074513,57.775356320745146,45.50000003,45.50000003,0.0
2026-06-08 00:10:46,2026-06-08 00:11:46,0.101427,0.10798659175634384,0.006559591756343838,0.129498,0.13964232802391052,0.01014432802391052,0.061364,0.06372318416833878,0.0023591841683387738,401.52,223.61590004288973,-177.90409995711025,341.138,235.63630826607763,-105.50169173392234,54.152,229.4972212734915,175.34522127349152,45.50000002,45.50000002,0.0
2026-06-08 00:10:48,2026-06-08 00:11:48,0.101337,0.10768429934978485,0.0063472993497848545,0.148846,0.14045442640781403,-0.00839157359218598,0.067795,0.06461838632822037,-0.0031766136717796267,433.44,222.66446112974663,-210.77553887025337,375.004,237.00179418713867,-138.00220581286135,45.052,227.85609393070104,182.80409393070104,45.50000002,45.50000002,0.0
2026-06-08 00:10:49,2026-06-08 00:11:49,0.097337,0.10902698338031769,0.011689983380317681,0.134572,0.14194436371326447,0.007372363713264468,0.063715,0.06459681689739227,0.0008818168973922791,255.934,224.23703995079399,-31.696960049206012,76.58,235.64697579937564,159.06697579937565,259.812,230.24088277173786,-29.571117228262153,45.50000001,45.50000001,0.0
2026-06-08 00:10:51,2026-06-08 00:11:51,0.099071,0.10735989362001419,0.008288893620014184,0.123789,0.1388409286737442,0.015051928673744205,0.059513,0.06475744396448135,0.00524444396448135,259.63,224.38482959370472,-35.24517040629527,241.948,227.19660708006845,-14.751392919931561,59.864,226.7719100533786,166.9079100533786,45.50000001,45.50000001,0.0
2026-06-08 00:10:52,2026-06-08 00:11:52,0.106853,0.1036936342716217,-0.0031593657283782994,0.131969,0.13813446462154388,0.006165464621543881,0.064214,0.0637483075261116,-0.0004656924738883905,64.05,228.18041432538078,164.1304143253808,135.114,225.43155608747546,90.31755608747545,243.376,234.3269729080309,-9.049027091969094,45.50000001,45.50000001,0.0
2026-06-08 00:10:53,2026-06-08 00:11:53,0.089147,0.10314570367336273,0.013998703673362728,0.142633,0.1375889629125595,-0.0050440370874405005,0.068104,0.063531294465065,-0.004572705534934995,445.116,223.43197089896313,-221.68402910103686,4.69,223.43188056859992,218.74188056859992,155.372,228.73111800720918,73.35911800720916,45.50000001,45.50000001,0.0
2026-06-08 00:10:55,2026-06-08 00:11:55,0.104753,0.10834865272045135,0.003595652720451356,0.159628,0.14033082127571106,-0.019297178724288933,0.054576,0.06424959003925323,0.009673590039253235,117.39,233.78713075456056,116.39713075456056,361.41,225.8943641140438,-135.51563588595621,368.172,229.82666574136533,-138.3453342586347,45.50000001,45.50000001,0.0
2026-06-08 00:10:56,2026-06-08 00:11:56,0.108028,0.10845597833395004,0.0004279783339500437,0.137642,0.13906221091747284,0.0014202109174728528,0.060924,0.06333040446043015,0.0024064044604301463,173.138,232.28398322571113,59.14598322571112,39.144,223.72746135592973,184.58346135592973,340.718,228.58573731640908,-112.13226268359094,45.5,45.5,0.0
2026-06-08 00:10:58,2026-06-08 00:11:58,0.119299,0.10503552109003067,-0.014263478909969332,0.112845,0.13670945167541504,0.023864451675415038,0.060802,0.06346333771944046,0.0026613377194404583,54.768,228.3069387903905,173.5389387903905,285.88,236.61801418297395,-49.261985817026044,40.67,229.30825135030702,188.63825135030703,45.5,45.5,0.0
2026-06-08 00:10:59,2026-06-08 00:11:59,0.130802,0.10380072891712189,-0.027001271082878114,0.134526,0.13620920479297638,0.0016832047929763727,0.065428,0.06321906298398972,-0.0022089370160102845,333.55,227.5524695693505,-105.9975304306495,203.644,229.41419190299297,25.770191902992963,49.364,236.27032571388554,186.90632571388554,45.5,45.5,0.0
2026-06-08 00:11:01,2026-06-08 00:12:01,0.105736,0.10462933033704758,-0.0011066696629524198,0.127991,0.13662250339984894,0.008631503399848944,0.064264,0.06330932676792145,-0.0009546732320785539,90.188,227.18851643104864,137.00051643104865,158.074,230.16640671973843,72.09240671973842,122.346,227.34528678430993,104.99928678430993,45.5,45.5,0.0
2026-06-08 00:11:02,2026-06-08 00:12:02,0.096763,0.10905037075281143,0.01228737075281143,0.159916,0.13692794740200043,-0.022988052597999575,0.064218,0.06397519260644913,-0.0002428073935508701,324.044,230.80627296869798,-93.237727031302,250.04,229.5295635939661,-20.510436406033904,181.286,230.08780526786586,48.80180526786586,45.5,45.5,0.0
2026-06-08 00:11:03,2026-06-08 00:12:03,0.096318,0.10848849266767502,0.012170492667675017,0.144374,0.13716821372509003,-0.0072057862749099755,0.064768,0.06229790672659874,-0.0024700932734012665,374.248,231.30494841116527,-142.94305158883472,75.85201,229.25757963540153,153.40556963540152,114.52,233.4965950576716,118.97659505767162,45.5,45.5,0.0
2026-06-08 00:11:05,2026-06-08 00:12:05,0.096155,0.10830717533826828,0.012152175338268276,0.118706,0.13822172582149506,0.01951572582149505,0.070708,0.06221150979399681,-0.008496490206003182,98.056,229.4497845285924,131.3937845285924,229.502,223.53648288339252,-5.9655171166074865,117.096,228.49786223796698,111.40186223796698,45.5,45.5,0.0
2026-06-08 00:11:06,2026-06-08 00:12:06,0.105017,0.10748498886823654,0.0024679888682365425,0.125508,0.13679392635822296,0.011285926358222953,0.061341,0.061793021857738495,0.0004520218577384952,224.84,233.41492733108035,8.574927331080346,175.14,228.50679304016876,53.36679304016877,332.206,231.9708952875846,-100.23510471241542,45.5,45.5,0.0
2026-06-08 00:11:08,2026-06-08 00:12:08,0.124257,0.10694713145494461,-0.017309868545055396,0.14651,0.13602137565612793,-0.010488624343872072,0.067544,0.06169869378209114,-0.005845306217908866,418.362,232.09704190719853,-186.2649580928015,429.968,236.07613493841956,-193.89186506158046,257.642,227.85180120399932,-29.79019879600068,45.5,45.5,0.0
2026-06-08 00:11:09,2026-06-08 00:12:09,0.089909,0.1084505170583725,0.018541517058372495,0.143188,0.13633480668067932,-0.006853193319320688,0.05564,0.06192722171545029,0.006287221715450285,125.79,236.45477710315967,110.66477710315966,112.644,228.94998171610771,116.30598171610771,27.412,229.4331364720048,202.0211364720048,45.5,45.5,0.0
2026-06-08 00:11:11,2026-06-08 00:12:11,0.100068,0.10821053385734558,0.008142533857345577,0.128877,0.13656368851661682,0.00768668851661683,0.062469,0.0619555227458477,-0.0005134772541522947,266.49,231.94891823449706,-34.54108176550295,68.096,231.70791479714632,163.6119147971463,78.652,227.55286225623624,148.90086225623622,45.5,45.5,0.0
2026-06-08 00:11:12,2026-06-08 00:12:12,0.105155,0.10609311610460281,0.0009381161046028152,0.133761,0.13586832582950592,0.0021073258295059294,0.065331,0.06276800483465195,-0.002562995165348053,420.168,237.55481162625324,-182.61318837374677,9.576,226.78967290108307,217.21367290108307,319.858,227.7338650556543,-92.12413494434571,45.5,45.5,0.0
2026-06-08 00:11:14,2026-06-08 00:12:14,0.110583,0.10748559981584549,-0.0030974001841545112,0.149732,0.13680891692638397,-0.012923083073616032,0.062867,0.062036748975515366,-0.0008302510244846406,267.386,237.9401102986463,-29.445889701353735,33.138,226.9624071141853,193.8244071141853,213.682,222.40503457859228,8.72303457859229,45.5,45.5,0.0
2026-06-08 00:11:15,2026-06-08 00:12:15,0.106166,0.10786820948123932,0.0017022094812393224,0.140489,0.13606715202331543,-0.004421847976684573,0.054767,0.06311707198619843,0.008350071986198422,175.518,236.9956098297303,61.47760982973031,97.818,227.40060649483098,129.582606494831,237.86,222.57843427678958,-15.281565723210434,45.5,45.5,0.0
2026-06-08 00:11:16,2026-06-08 00:12:16,0.099369,0.10475276410579681,0.005383764105796815,0.133343,0.1347702592611313,0.0014272592611312973,0.05914,0.062255196273326874,0.0031151962733268757,319.606,235.56375212878064,-84.04224787121936,32.242,228.97485314968196,196.73285314968197,161.826,231.5289136394604,69.7029136394604,45.5,45.5,0.0
2026-06-08 00:11:18,2026-06-08 00:12:18,0.106736,0.10480702668428421,-0.0019289733157157873,0.149911,0.1338476985692978,-0.016063301430702198,0.054665,0.06212383508682251,0.0074588350868225115,104.944,239.44968962935843,134.50568962935841,100.954,231.9367576062874,130.9827576062874,77.644,228.89223855317618,151.24823855317618,45.5,45.5,0.0
2026-06-08 00:11:19,2026-06-08 00:12:19,0.107864,0.10456349700689316,-0.0033005029931068436,0.146235,0.13399823009967804,-0.012236769900321964,0.068155,0.0628921166062355,-0.005262883393764489,130.298,239.45019943844872,109.15219943844872,146.104,241.8019508221085,95.69795082210848,57.232,230.37007748754885,173.13807748754886,45.5,45.5,0.0
2026-06-08 00:11:21,2026-06-08 00:12:21,0.098468,0.10463081300258636,0.006162813002586365,0.154108,0.13442614674568176,-0.019681853254318232,0.058161,0.0626494288444519,0.004488428844451907,355.502,237.19053378648923,-118.31146621351078,359.898,237.27904290080335,-122.61895709919668,408.898,229.09041174059445,-179.80758825940558,45.5,45.5,0.0
2026-06-08 00:11:22,2026-06-08 00:12:22,0.09255,0.10506472736597061,0.012514727365970618,0.135999,0.1337459534406662,-0.00225304655933381,0.055981,0.06315863877534866,0.00717763877534866,422.87,240.76347638545266,-182.10652361454734,224.798,231.3734292927965,6.5754292927964855,146.146,224.4821405838259,78.33614058382591,45.5,45.5,0.0
2026-06-08 00:11:24,2026-06-08 00:12:24,0.106623,0.10463739931583405,-0.00198560068416595,0.114346,0.13406848907470703,0.019722489074707028,0.06881,0.0627821758389473,-0.0060278241610527,144.158,235.57433266239127,91.41633266239128,120.232,229.07672481485807,108.84472481485807,337.722,223.99578821991372,-113.72621178008626,45.5,45.5,0.0
2026-06-08 00:11:25,2026-06-08 00:12:25,0.112622,0.10504104197025299,-0.007580958029747009,0.142124,0.1349634826183319,-0.007160517381668091,0.066588,0.06327123194932938,-0.003316768050670618,112.714,229.80823638261865,117.09423638261865,457.548,235.1795161248887,-222.3684838751113,45.766,225.45105150514524,179.68505150514525,45.5,45.5,0.0
2026-06-08 00:11:26,2026-06-08 00:12:26,0.103377,0.10518505424261093,0.0018080542426109347,0.141169,0.1350483000278473,-0.006120699972152699,0.052585,0.06350235641002655,0.01091735641002655,95.522,229.04724328622075,133.52524328622076,49.77,229.55445281975452,179.7844528197545,71.302,231.17496835260556,159.87296835260554,45.5,45.5,0.0
2026-06-08 00:11:28,2026-06-08 00:12:28,0.087308,0.10577485710382462,0.01846685710382462,0.128598,0.1342843621969223,0.005686362196922312,0.058029,0.06318023800849915,0.005151238008499148,362.446,231.64476903709496,-130.80123096290507,443.1,239.39565672563162,-203.7043432743684,308.938,231.37138021007453,-77.56661978992545,45.5,45.5,0.0
2026-06-08 00:11:29,2026-06-08 00:12:29,0.103056,0.10466179251670837,0.0016057925167083792,0.135668,0.13604821264743805,0.0003802126474380385,0.068038,0.06329488754272461,-0.004743112457275392,242.536,237.19622358615828,-5.339776413841719,4.676,227.39548968290586,222.71948968290587,15.4,232.6981686360852,217.2981686360852,45.5,45.5,0.0
2026-06-08 00:11:31,2026-06-08 00:12:31,0.100291,0.10635893791913986,0.006067937919139857,0.169797,0.13641086220741272,-0.033386137792587284,0.061557,0.06270460784435272,0.0011476078443527216,92.624,232.00529640998028,139.38129640998028,341.754,228.51765026899486,-113.23634973100516,218.176,230.69329770192985,12.517297701929863,45.5,45.5,0.0
2026-06-08 00:11:32,2026-06-08 00:12:32,0.100519,0.10615817457437515,0.005639174574375155,0.143213,0.13587386906147003,-0.007339130938529975,0.053838,0.06460113823413849,0.010763138234138492,33.334,229.01346613087475,195.67946613087474,450.366,231.3337046013341,-219.0322953986659,39.354,225.6110744194421,186.25707441944212,45.5,45.5,0.0
2026-06-08 00:11:34,2026-06-08 00:12:34,0.104793,0.1081034317612648,0.0033104317612648038,0.126609,0.1352003961801529,0.008591396180152894,0.064164,0.06301797181367874,-0.0011460281863212574,368.13,228.94660079317447,-139.18339920682553,283.43,227.20151367923188,-56.22848632076813,65.464,232.93034856171397,167.46634856171397,45.5,45.5,0.0
2026-06-08 00:11:35,2026-06-08 00:12:35,0.099706,0.10682578384876251,0.007119783848762509,0.139243,0.13452479243278503,-0.0047182075672149715,0.063985,0.06293399631977081,-0.0010510036802291872,212.058,231.01676136071873,18.95876136071874,7.672,232.67888138526766,225.00688138526766,44.212,237.97503215755728,193.7630321575573,45.5,45.5,0.0
2026-06-08 00:11:36,2026-06-08 00:12:36,0.090131,0.10171175748109818,0.011580757481098172,0.125799,0.13231554627418518,0.0065165462741851865,0.057775,0.06257376074790955,0.004798760747909546,257.362,227.03325050776527,-30.32874949223475,285.516,226.91984952341025,-58.59615047658977,313.894,234.64802358601673,-79.24597641398327,45.5,45.5,0.0
2026-06-08 00:11:38,2026-06-08 00:12:38,0.116783,0.10127779841423035,-0.015505201585769651,0.139488,0.13290797173976898,-0.006580028260231019,0.062318,0.06146539747714996,-0.000852602522850035,427.168,233.989191248362,-193.178808751638,228.69,225.64758768200338,-3.0424123179966216,350.406,240.78406883485934,-109.62193116514067,45.5,45.5,0.0
2026-06-08 00:11:39,2026-06-08 00:12:39,0.132442,0.10339311510324478,-0.029048884896755223,0.139293,0.13505475223064423,-0.004238247769355774,0.063061,0.06159283220767975,-0.0014681677923202574,85.918,232.49607339174872,146.57807339174872,323.806,226.28580268247075,-97.52019731752924,224.392,230.3041144654763,5.912114465476293,45.5,45.5,0.0
2026-06-08 00:11:41,2026-06-08 00:12:41,0.10768,0.10272403061389923,-0.004955969386100767,0.135025,0.13375698029994965,-0.0012680197000503601,0.060309,0.060757800936698914,0.0004488009366989121,256.382,231.1163946778099,-25.265605322190112,19.81,220.5321760396597,200.7221760396597,390.488,235.4991598804554,-154.9888401195446,45.5,45.5,0.0
2026-06-08 00:11:42,2026-06-08 00:12:42,0.104003,0.10317744314670563,-0.0008255568532943708,0.113908,0.13483016192913055,0.02092216192913056,0.064164,0.060699764639139175,-0.0034642353608608234,78.232,232.18716236543253,153.95516236543253,440.3,232.4000433796296,-207.8999566203704,125.65,235.90702941880716,110.25702941880715,45.5,45.5,0.0
2026-06-08 00:11:44,2026-06-08 00:12:44,0.113089,0.10236499458551407,-0.010724005414485926,0.143435,0.13662806153297424,-0.006806938467025764,0.06079,0.06065825745463371,-0.00013174254536628405,302.624,229.8684153932991,-72.75558460670092,324.128,237.29655777186915,-86.83144222813084,129.878,238.66372757194415,108.78572757194416,45.5,45.5,0.0
2026-06-08 00:11:45,2026-06-08 00:12:45,0.113152,0.10361994057893753,-0.009532059421062472,0.138643,0.13552731275558472,-0.0031156872444152717,0.061987,0.06067807599902153,-0.0013089240009784703,264.418,227.86333922625093,-36.55466077374908,429.352,240.92917455101693,-188.42282544898305,344.652,239.8822272584332,-104.76977274156678,45.5,45.5,0.0
2026-06-08 00:11:47,2026-06-08 00:12:47,0.112358,0.1063598170876503,-0.0059981829123497005,0.155525,0.13455738127231598,-0.020967618727684018,0.063618,0.05998517945408821,-0.003632820545911783,220.304,233.63520758426063,13.331207584260625,224.658,222.26753173678995,-2.390468263210039,442.596,237.15695619959064,-205.43904380040937,45.5,45.5,0.0
2026-06-08 00:11:48,2026-06-08 00:12:48,0.108734,0.10357215255498886,-0.005161847445011136,0.179758,0.1351245492696762,-0.04463345073032379,0.071244,0.0596437081694603,-0.011600291830539705,297.472,231.16925501345236,-66.30274498654762,50.316,223.38928438070076,173.07328438070076,287.63,231.5706397668841,-56.05936023311588,45.5,45.5,0.0
2026-06-08 00:11:49,2026-06-08 00:12:49,0.10079,0.10201998800039291,0.0012299880003929092,0.130967,0.1318575143814087,0.0008905143814086913,0.067625,0.059510111808776855,-0.008114888191223149,323.078,223.61251741800487,-99.4654825819951,294.014,229.31293229513625,-64.70106770486376,380.506,232.11528543706495,-148.39071456293502,45.5,45.5,0.0
2026-06-08 00:11:51,2026-06-08 00:12:51,0.10653,0.10377681255340576,-0.002753187446594238,0.138661,0.13355712592601776,-0.005103874073982245,0.069308,0.061115700751543045,-0.00819229924845695,291.83,236.38039845357312,-55.44960154642686,145.628,222.3150004593294,76.68700045932943,422.8,238.43401321321625,-184.36598678678376,45.5,45.5,0.0
2026-06-08 00:11:52,2026-06-08 00:12:52,0.117157,0.10318542271852493,-0.013971577281475064,0.145009,0.13244518637657166,-0.012563813623428344,0.062033,0.060149453580379486,-0.0018835464196205118,349.328,225.78940940952646,-123.53859059047352,396.956,230.83914172302303,-166.11685827697698,176.134,231.53661660822576,55.40261660822577,45.5,45.5,0.0
2026-06-08 00:11:54,2026-06-08 00:12:54,0.113472,0.10302775353193283,-0.010444246468067173,0.131083,0.13386701047420502,0.002784010474205012,0.07362,0.0609913170337677,-0.012628682966232305,387.478,231.36858819746018,-156.10941180253982,7.91,225.25636028223113,217.34636028223113,400.022,235.52506348010465,-164.49693651989534,45.5,45.5,0.0
2026-06-08 00:11:55,2026-06-08 00:12:55,0.107051,0.10352686047554016,-0.0035241395244598323,0.13473,0.13574014604091644,0.0010101460409164542,0.05998,0.06075587123632431,0.0007758712363243117,290.654,222.97265279368267,-67.68134720631733,389.984,237.5892972703647,-152.39470272963527,297.556,235.5131300457252,-62.04286995427478,45.5,45.5,0.0
2026-06-08 00:11:56,2026-06-08 00:12:56,0.113492,0.10350381582975388,-0.00998818417024612,0.149158,0.13560034334659576,-0.013557656653404249,0.064752,0.06155465170741081,-0.0031973482925891916,415.184,227.00918803127578,-188.17481196872424,43.162,225.77136883280897,182.60936883280897,364.812,230.7329341830321,-134.0790658169679,45.5,45.5,0.0
2026-06-08 00:11:58,2026-06-08 00:12:58,0.091883,0.10499834269285202,0.013115342692852014,0.135696,0.1346474438905716,-0.0010485561094284168,0.064113,0.06109616905450821,-0.003016830945491794,29.47,227.23294363510226,197.76294363510226,12.698,226.91872565326122,214.2207256532612,105.784,224.524866851076,118.740866851076,45.5,45.5,0.0
2026-06-08 00:11:59,2026-06-08 00:12:59,0.107799,0.10421428829431534,-0.003584711705684668,0.135599,0.1350174844264984,-0.0005815155735015842,0.060384,0.06100110709667206,0.0006171070966720579,308.238,216.77298356638585,-91.46501643361415,209.328,237.9650176999692,28.637017699969192,138.152,225.72174745238024,87.56974745238026,45.5,45.5,0.0
2026-06-08 00:12:01,2026-06-08 00:13:01,0.116399,0.1044035330414772,-0.011995466958522799,0.135186,0.1341490000486374,-0.0010369999513626105,0.058865,0.06129726767539978,0.0024322676753997796,289.352,221.98706720600617,-67.3649327939938,370.048,245.3508231425247,-124.69717685747531,168.364,230.83915826959247,62.47515826959247,45.5,45.5,0.0
2026-06-08 00:12:02,2026-06-08 00:13:02,0.104848,0.10346823185682297,-0.0013797681431770292,0.138361,0.13363079726696014,-0.004730202733039868,0.068895,0.061044976115226746,-0.007850023884773252,391.062,220.34061166096717,-170.72138833903284,347.06,234.2078050440741,-112.85219495592591,53.62,225.96586411298387,172.34586411298386,45.5,45.5,0.0
2026-06-08 00:12:04,2026-06-08 00:13:04,0.115871,0.10403776168823242,-0.01183323831176758,0.134362,0.13292814791202545,-0.0014338520879745575,0.067626,0.06137818470597267,-0.006247815294027334,104.146,218.25281778833644,114.10681778833644,394.604,239.56052921408926,-155.04347078591073,52.668,233.75658539850815,181.08858539850814,45.5,45.5,0.0
2026-06-08 00:12:05,2026-06-08 00:13:05,0.116056,0.10322926193475723,-0.012826738065242774,0.145954,0.13316497206687927,-0.012789027933120728,0.071623,0.06080915406346321,-0.010813845936536795,141.134,214.69116849308645,73.55716849308646,130.858,231.10767709560474,100.24967709560474,202.51,238.4264990700687,35.91649907006871,45.5,45.5,0.0
2026-06-08 00:12:06,2026-06-08 00:13:06,0.1072,0.10450955480337143,-0.002690445196628574,0.130804,0.13361138105392456,0.002807381053924557,0.05469,0.06141721457242966,0.0067272145724296545,68.68401,216.25963705325967,147.57562705325967,433.356,236.9518886711662,-196.4041113288338,29.54,227.47985935972187,197.93985935972188,45.5,45.5,0.0
2026-06-08 00:12:08,2026-06-08 00:13:08,0.122725,0.10490891337394714,-0.017816086626052857,0.124388,0.133578360080719,0.009190360080718996,0.06656,0.0606449656188488,-0.0059150343811511935,219.562,216.5750053961954,-2.986994603804618,68.69801,228.41137147913665,159.71336147913667,416.794,234.5931712539088,-182.2008287460912,45.5,45.5,0.0
2026-06-08 00:12:09,2026-06-08 00:13:09,0.120382,0.10345667600631714,-0.016925323993682864,0.142333,0.1334580034017563,-0.0088749965982437,0.066532,0.06040705367922783,-0.006124946320772165,454.16,222.13719867480205,-232.02280132519797,291.214,229.5358912127013,-61.6781087872987,457.268,227.92443826461977,-229.3435617353802,45.5,45.5,0.0
2026-06-08 00:12:11,2026-06-08 00:13:11,0.10791,0.10440865159034729,-0.003501348409652716,0.126127,0.13513065874576569,0.009003658745765697,0.052697,0.06157137081027031,0.008874370810270309,153.986,226.9882738443995,73.0022738443995,299.082,226.51588013005136,-72.56611986994864,343.7,229.94147767254023,-113.75852232745976,45.5,45.5,0.0
2026-06-08 00:12:12,2026-06-08 00:13:12,0.101697,0.1052570715546608,0.0035600715546608014,0.138062,0.13246257603168488,-0.005599423968315115,0.052192,0.060518451035022736,0.008326451035022733,204.736,224.8435641740731,20.107564174073104,304.934,230.35535931420236,-74.57864068579767,117.572,225.8555334104317,108.28353341043169,45.5,45.5,0.0
2026-06-08 00:12:14,2026-06-08 00:13:14,0.114656,0.10366091877222061,-0.010995081227779382,0.135367,0.13310709595680237,-0.002259904043197619,0.060398,0.05909331515431404,-0.0013046848456859592,223.496,226.05123516042903,2.555235160429021,130.998,226.51073367239476,95.51273367239477,240.24,229.90251917868738,-10.337480821312624,45.5,45.5,0.0
2026-06-08 00:12:15,2026-06-08 00:13:15,0.105915,0.10440416634082794,-0.0015108336591720534,0.142684,0.13536779582500458,-0.007316204174995428,0.069606,0.05972939357161522,-0.009876606428384782,51.044,233.8988981401573,182.85489814015733,349.244,234.46826861652693,-114.7757313834731,207.592,229.74017689443355,22.148176894433533,45.5,45.5,0.0
2026-06-08 00:12:16,2026-06-08 00:13:16,0.114715,0.1079258918762207,-0.006789108123779294,0.153865,0.13621431589126587,-0.017650684108734133,0.064619,0.06076296046376228,-0.0038560395362377126,419.622,232.74851708524554,-186.87348291475448,13.594,230.0076252936008,216.4136252936008,218.036,234.22351042507177,16.187510425071764,45.5,45.5,0.0
2026-06-08 00:12:18,2026-06-08 00:13:18,0.110832,0.10689039528369904,-0.003941604716300964,0.147152,0.13611945509910583,-0.01103254490089417,0.063837,0.06094595789909363,-0.002891042100906377,162.652,232.36561658083383,69.71361658083384,374.052,233.94372072634997,-140.10827927365006,356.608,229.18147135959694,-127.42652864040306,45.5,45.5,0.0
2026-06-08 00:12:19,2026-06-08 00:13:19,0.107247,0.10778085142374039,0.0005338514237403919,0.123264,0.1360407918691635,0.012776791869163515,0.066659,0.06055327504873276,-0.0061057249512672385,407.274,232.14022293241405,-175.13377706758595,448.616,227.97346704324738,-220.6425329567526,81.144,229.57597003753193,148.43197003753193,45.5,45.5,0.0
2026-06-08 00:12:21,2026-06-08 00:13:21,0.09025,0.10648133605718613,0.01623133605718613,0.124554,0.13779792189598083,0.013243921895980837,0.058482,0.06059756875038147,0.0021155687503814705,394.17,224.28630749727236,-169.88369250272765,151.718,232.81513147520977,81.09713147520978,250.376,239.23301664185607,-11.142983358143937,45.5,45.5,0.0
2026-06-08 00:12:22,2026-06-08 00:13:22,0.11048,0.1073790192604065,-0.0031009807395935007,0.129169,0.13904714584350586,0.009878145843505853,0.062091,0.06109008565545082,-0.0010009143445491794,444.22,224.9341186102977,-219.28588138970233,176.26,230.08945491615404,53.82945491615405,440.034,236.68983953802496,-203.34416046197504,45.5,45.5,0.0
2026-06-08 00:12:24,2026-06-08 00:13:24,0.110975,0.10781557857990265,-0.0031594214200973553,0.148626,0.13660798966884613,-0.012018010331153878,0.063743,0.060834553092718124,-0.0029084469072818697,302.61,232.52412161930923,-70.08587838069079,200.326,226.23090583651637,25.904905836516377,288.75,228.36857406904102,-60.38142593095898,45.5,45.5,0.0
2026-06-08 00:12:25,2026-06-08 00:13:25,0.125912,0.10778915137052536,-0.018122848629474636,0.134001,0.13802969455718994,0.004028694557189932,0.054628,0.06209544464945793,0.007467444649457929,267.232,234.76890353374418,-32.46309646625585,81.522,220.0356961203989,138.5136961203989,360.556,231.3981136868959,-129.1578863131041,45.5,45.5,0.0
2026-06-08 00:12:27,2026-06-08 00:13:27,0.105505,0.10546387732028961,-4.112267971038974e-05,0.137686,0.13630792498588562,-0.0013780750141143827,0.060116,0.061577118933200836,0.0014611189332008334,434.672,231.3025773591451,-203.36942264085494,36.372,220.2219270484812,183.84992704848122,111.048,228.75257368364902,117.70457368364902,45.5,45.5,0.0
2026-06-08 00:12:28,2026-06-08 00:13:28,0.117362,0.10639213770627975,-0.01096986229372024,0.124629,0.13781951367855072,0.013190513678550717,0.068814,0.06151608005166054,-0.0072979199483394624,401.478,230.8402973937257,-170.6377026062743,215.138,227.08413376511484,11.946133765114837,324.492,233.58570555205807,-90.90629444794195,45.5,45.5,0.0
2026-06-08 00:12:29,2026-06-08 00:13:29,0.11421,0.10723619908094406,-0.006973800919055945,0.134297,0.1369447559118271,0.0026477559118270877,0.068571,0.06124569848179817,-0.007325301518201821,161.014,233.5191834417126,72.5051834417126,31.444,228.404819820411,196.96081982041102,304.206,229.0868878507386,-75.11911214926141,45.5,45.5,0.0
2026-06-08 00:12:31,2026-06-08 00:13:31,0.103384,0.10693032294511795,0.0035463229451179468,0.136706,0.1365295797586441,-0.00017642024135589018,0.062748,0.06149715185165405,-0.0012508481483459455,347.396,224.253858167838,-123.14214183216203,234.402,233.98846610376094,-0.4135338962390449,403.312,229.91171000279206,-173.40028999720795,45.5,45.5,0.0
2026-06-08 00:12:32,2026-06-08 00:13:32,0.123273,0.10602866858243942,-0.01724433141756057,0.134145,0.13866771757602692,0.00452271757602693,0.070966,0.061777204275131226,-0.009188795724868776,298.9,231.93163501901998,-66.96836498098,74.214,235.3264156134547,161.11241561345471,325.304,232.59614919488973,-92.70785080511024,45.5,45.5,0.0
2026-06-08 00:12:34,2026-06-08 00:13:34,0.111773,0.1051495149731636,-0.006623485026836393,0.145646,0.13959670066833496,-0.006049299331665037,0.06328,0.06171935051679611,-0.0015606494832038909,86.24001,230.8212499265126,144.58123992651258,335.328,227.66364172590883,-107.66435827409114,383.474,223.23956070654464,-160.23443929345535,45.5,45.5,0.0
2026-06-08 00:12:35,2026-06-08 00:13:35,0.104076,0.1067703366279602,0.0026943366279602032,0.132456,0.13543622195720673,0.0029802219572067357,0.055662,0.0615459680557251,0.0058839680557250945,380.072,230.85696274546015,-149.21503725453985,112.714,229.48837490202604,116.77437490202604,377.468,233.26422792988325,-144.20377207011677,45.5,45.5,0.0
2026-06-08 00:12:37,2026-06-08 00:13:37,0.104991,0.10531367361545563,0.00032267361545562645,0.137819,0.13833828270435333,0.0005192827043533355,0.0634,0.06121259182691574,-0.002187408173084257,379.666,227.376664257645,-152.289335742355,159.754,234.63259762655397,74.87859762655398,141.932,230.42169233081182,88.48969233081183,45.5,45.5,0.0
2026-06-08 00:12:38,2026-06-08 00:13:38,0.108081,0.10565757006406784,-0.002423429935932156,0.127139,0.13677707314491272,0.009638073144912718,0.068066,0.06287720054388046,-0.005188799456119539,344.498,229.04697207447887,-115.45102792552112,241.752,235.50756260874195,-6.24443739125806,210.784,228.30702424613725,17.523024246137254,45.55,45.55,0.0
2026-06-08 00:12:39,2026-06-08 00:13:39,0.109778,0.10274063795804977,-0.007037362041950226,0.16113,0.1313028633594513,-0.0298271366405487,0.066919,0.059673186391592026,-0.0072458136084079805,248.542,224.1909810102518,-24.351018989748212,384.09,237.60145624816727,-146.4885437518327,92.12,228.42749948351855,136.30749948351854,45.54,45.54,0.0
2026-06-08 00:12:41,2026-06-08 00:13:41,0.108278,0.10280345380306244,-0.00547454619693756,0.13554,0.1307739019393921,-0.004766098060607904,0.064804,0.06016533821821213,-0.004638661781787873,63.966,223.3595175130228,159.3935175130228,281.442,235.99612545810157,-45.445874541898434,56.154,223.1747676735402,167.0207676735402,45.532,45.532,0.0
2026-06-08 00:12:42,2026-06-08 00:13:42,0.114374,0.10420535504817963,-0.010168644951820377,0.150036,0.1309346705675125,-0.01910132943248749,0.056588,0.059983234852552414,0.0033952348525524145,247.478,224.29273559224833,-23.185264407751674,151.634,233.87294200133297,82.23894200133299,203.252,225.63713586913,22.385135869129982,45.5256,45.5256,0.0
2026-06-08 00:12:44,2026-06-08 00:13:44,0.08983,0.10486917942762375,0.015039179427623756,0.151233,0.1307399570941925,-0.0204930429058075,0.057875,0.05949172005057335,0.0016167200505733462,413.532,226.55709261506092,-186.97490738493906,255.668,227.94448292515568,-27.723517074844324,75.418,227.74375963054717,152.32575963054717,45.52048,45.52048,0.0
2026-06-08 00:12:45,2026-06-08 00:13:45,0.079503,0.10410217195749283,0.024599171957492824,0.147545,0.12985794246196747,-0.01768705753803254,0.050903,0.060152266174554825,0.009249266174554828,376.586,232.00831579114856,-144.57768420885145,277.158,227.55961138217492,-49.598388617825094,257.81,230.2601331281009,-27.5498668718991,45.516384,45.516384,0.0
2026-06-08 00:12:47,2026-06-08 00:13:47,0.115635,0.1035132184624672,-0.012121781537532808,0.134947,0.13028204441070557,-0.004664955589294445,0.065368,0.0602119117975235,-0.005156088202476497,364.112,228.23324336861413,-135.8787566313859,140.91,225.04021338280717,84.13021338280717,189.056,229.21879088326588,40.16279088326587,45.5131072,45.5131072,0.0
2026-06-08 00:12:48,2026-06-08 00:13:48,0.128262,0.10388220846652985,-0.02437979153347014,0.152631,0.1315050572156906,-0.021125942784309376,0.067799,0.060032352805137634,-0.007766647194862364,374.458,230.36945890576393,-144.0885410942361,76.272,222.80944783953032,146.53744783953033,246.652,231.34013262928218,-15.311867370717806,45.51048576,45.51048576,0.0
2026-06-08 00:12:49,2026-06-08 00:13:49,0.093893,0.10370529443025589,0.009812294430255886,0.136803,0.1285836547613144,-0.008219345238685616,0.061342,0.06076981872320175,-0.000572181276798249,361.97,234.05015391019646,-127.91984608980357,338.324,225.19290199214777,-113.13109800785224,38.094,229.8016895652388,191.7076895652388,45.50838861,45.50838861,0.0
2026-06-08 00:12:51,2026-06-08 00:13:51,0.097694,0.10330839455127716,0.005614394551277158,0.13184,0.13351266086101532,0.001672660861015307,0.066363,0.06104346364736557,-0.005319536352634435,334.796,234.66542489836678,-100.13057510163321,332.122,220.43315178322567,-111.68884821677435,246.61,229.71174485715633,-16.89825514284368,45.50671089,45.50671089,0.0
2026-06-08 00:12:52,2026-06-08 00:13:52,0.108996,0.10388318449258804,-0.0051128155074119525,0.134357,0.13360756635665894,-0.0007494336433410687,0.064669,0.06064499169588089,-0.004024008304119114,87.89201,240.0656323922769,152.1736223922769,316.344,223.1498314037026,-93.1941685962974,310.24,232.3686082118404,-77.8713917881596,45.50536871,45.50536871,0.0
2026-06-08 00:12:54,2026-06-08 00:13:54,0.112373,0.10319983214139938,-0.009173167858600617,0.131903,0.13473130762577057,0.0028283076257705764,0.061217,0.06123122200369835,1.4222003698348418e-05,424.452,230.67792286913797,-193.77407713086203,276.01,230.2362297422886,-45.77377025771139,106.246,229.5767638710069,123.33076387100691,45.50429497,45.50429497,0.0
2026-06-08 00:12:55,2026-06-08 00:13:55,0.115043,0.10313552618026733,-0.011907473819732672,0.142151,0.13434506952762604,-0.007805930472373962,0.064526,0.06096789985895157,-0.0035581001410484314,76.748,240.45777978284357,163.70977978284355,187.922,226.95761367843988,39.03561367843989,219.142,228.06374681415423,8.921746814154233,45.50343597,45.50343597,0.0
2026-06-08 00:12:57,2026-06-08 00:13:57,0.107606,0.1079554334282875,0.0003494334282875128,0.155133,0.1350087970495224,-0.020124202950477593,0.062266,0.0604017898440361,-0.0018642101559638996,407.134,230.72543692275858,-176.40856307724144,37.17,229.3811761393616,192.2111761393616,310.562,232.91629760160174,-77.64570239839827,45.55274878,45.55274878,0.0
2026-06-08 00:12:58,2026-06-08 00:13:58,0.097662,0.1071866825222969,0.009524682522296907,0.155875,0.1301739364862442,-0.025701063513755812,0.062087,0.06127803400158882,-0.0008089659984111819,53.536,241.17633037419324,187.64033037419324,217.91,231.0613270022947,13.151327002294693,405.538,231.37377612607236,-174.16422387392765,45.54219902,45.54219902,0.0
2026-06-08 00:12:59,2026-06-08 00:13:59,0.081143,0.10879883915185928,0.027655839151859277,0.148437,0.1393577605485916,-0.0090792394514084,0.062331,0.060903627425432205,-0.0014273725745677923,450.772,231.82057659622768,-218.9514234037723,55.874,232.1121302251058,176.2381302251058,95.606,231.48172300935266,135.87572300935267,45.53375922,45.53375922,0.0
2026-06-08 00:13:01,2026-06-08 00:14:01,0.10753,0.10934620350599289,0.0018162035059928888,0.147177,0.1385173499584198,-0.008659650041580202,0.066838,0.06144405156373978,-0.005393948436260218,326.83,234.69531563811418,-92.1346843618858,181.902,230.20160807175068,48.2996080717507,137.382,226.21716090010298,88.83516090010298,45.52700737,45.52700737,0.0
2026-06-08 00:13:02,2026-06-08 00:14:02,0.118834,0.10934457927942276,-0.009489420720577235,0.129186,0.1453903168439865,0.016204316843986516,0.069665,0.06140665337443352,-0.008258346625566487,233.38,235.9391032347441,2.5591032347441,393.134,231.91929173850775,-161.21470826149226,454.482,232.49560299139526,-221.98639700860477,45.5216059,45.5216059,0.0
2026-06-08 00:13:04,2026-06-08 00:14:04,0.119268,0.1110764667391777,-0.008191533260822295,0.164037,0.13908573985099792,-0.024951260149002064,0.070373,0.062310975044965744,-0.008062024955034261,404.152,235.61304681509554,-168.53895318490444,309.19,228.44155501699726,-80.74844498300274,409.766,228.7875265465051,-180.97847345349493,45.51728472,45.51728472,0.0
2026-06-08 00:13:05,2026-06-08 00:14:05,0.129922,0.10690414160490036,-0.02301785839509965,0.147379,0.14086171984672546,-0.006517280153274546,0.05766,0.061467207968235016,0.003807207968235013,303.954,232.18756132125006,-71.76643867874995,137.802,230.09066210222952,92.28866210222952,149.324,233.6374996934482,84.3134996934482,45.51382778,45.51382778,0.0
2026-06-08 00:13:07,2026-06-08 00:14:07,0.113161,0.10650979727506638,-0.006651202724933622,0.119484,0.13413411378860474,0.01465011378860473,0.064749,0.06124803051352501,-0.003500969486474992,71.582,234.47601698260206,162.89401698260207,216.902,225.98818714674564,9.086187146745658,201.824,226.42607082459665,24.602070824596638,45.51106222,45.51106222,0.0
2026-06-08 00:13:08,2026-06-08 00:14:08,0.107236,0.10805061459541321,0.00081461459541321,0.150963,0.13615946471691132,-0.014803535283088698,0.056835,0.06190482899546623,0.005069828995466236,44.996,232.98622014353234,187.99022014353233,79.366,227.03366507699684,147.66766507699685,308.07,228.88440358917978,-79.18559641082021,45.50884978,45.50884978,0.0
2026-06-08 00:13:09,2026-06-08 00:14:09,0.104965,0.1075512170791626,0.002586217079162595,0.124225,0.13793334364891052,0.01370834364891052,0.053705,0.06125685200095177,0.007551852000951764,315.364,229.02081182342954,-86.34318817657044,303.24,238.75474477028695,-64.48525522971306,129.472,229.2067922725114,99.73479227251138,45.50707982,45.50707982,0.0
2026-06-08 00:13:11,2026-06-08 00:14:11,0.098639,0.1055367961525917,0.006897796152591701,0.146666,0.13453449308872223,-0.012131506911277762,0.053853,0.06081677973270416,0.0069637797327041645,105.714,231.48043717549447,125.76643717549447,324.254,237.1956518287261,-87.0583481712739,115.374,232.34493244442865,116.97093244442866,45.50566386,45.50566386,0.0
2026-06-08 00:13:12,2026-06-08 00:14:12,0.095311,0.1043718233704567,0.009060823370456689,0.141689,0.1380259245634079,-0.0036630754365921114,0.065065,0.05756135657429695,-0.0075036434257030465,288.414,222.21292781288972,-66.20107218711027,455.574,236.38946663795863,-219.18453336204138,16.352,226.69727312662366,210.34527312662365,45.50453109,45.50453109,0.0
2026-06-08 00:13:14,2026-06-08 00:14:14,0.09394,0.10664009302854538,0.012700093028545384,0.126005,0.1366461217403412,0.01064112174034118,0.065308,0.05908023938536644,-0.006227760614633565,48.23,226.29402064911173,178.06402064911174,131.88,223.75649138229787,91.87649138229787,426.006,229.71291728999216,-196.2930827100078,45.50362487,45.50362487,0.0
2026-06-08 00:13:15,2026-06-08 00:14:15,0.105446,0.10422836989164352,-0.001217630108356474,0.139196,0.13387431204319,-0.005321687956809984,0.074268,0.06023736298084259,-0.01403063701915741,192.192,227.07632086790917,34.88432086790917,39.186,227.6023167283429,188.4163167283429,271.768,226.20686777730197,-45.561132222698006,45.50289989,45.50289989,0.0
2026-06-08 00:13:17,2026-06-08 00:14:17,0.096921,0.10369721055030823,0.006776210550308234,0.13782,0.13693179190158844,-0.0008882080984115581,0.056083,0.0611160472035408,0.005033047203540801,441.91,230.77925558455277,-211.13074441544725,76.468,219.53152817433696,143.06352817433697,453.306,225.29119906285825,-228.01480093714173,45.50231992,45.50231992,0.0
2026-06-08 00:13:18,2026-06-08 00:14:18,0.096969,0.10254854708909988,0.005579547089099884,0.135506,0.13537481427192688,-0.0001311857280731077,0.061494,0.06084594875574112,-0.0006480512442588807,85.204,232.18879818403067,146.9847981840307,110.278,225.48879441469506,115.21079441469506,24.542,223.05504851818426,198.51304851818426,45.50185593,45.50185593,0.0
2026-06-08 00:13:20,2026-06-08 00:14:20,0.117682,0.10233807563781738,-0.015343924362182612,0.155401,0.13559477031230927,-0.019806229687690746,0.075168,0.06072011962532997,-0.014447880374670027,235.872,225.6714295911953,-10.200570408804708,261.772,228.31682608522323,-33.455173914776765,90.818,220.9292126942154,130.1112126942154,45.50148475,45.50148475,0.0
2026-06-08 00:13:21,2026-06-08 00:14:21,0.112304,0.10242481529712677,-0.009879184702873231,0.143887,0.13297045230865479,-0.010916547691345202,0.06775,0.06034412235021591,-0.007405877649784093,27.468,230.55409257321423,203.08609257321424,397.25,237.93805836436115,-159.31194163563885,19.978,231.50804206383214,211.53004206383213,45.5011878,45.5011878,0.0
