id,feature_timestamp,forecast_timestamp,horizon_seconds,sensor,model,current_value,predicted_value,change_from_current,status,severity,alert_type,model_reliability,alert_reason
4,2026-06-08 00:01:26,2026-06-08 00:02:26,60,mag_x,Ridge,157.416,232.5547602257189,75.13876022571893,LOW_CONFIDENCE,INFO,MODEL_RELIABILITY_WARNING,LOW,Magnetic forecasting model has low predictive reliability based on walk-forward evaluation.
5,2026-06-08 00:01:26,2026-06-08 00:02:26,60,mag_y,Ridge,297.654,228.2892264747264,-69.36477352527362,LOW_CONFIDENCE,INFO,MODEL_RELIABILITY_WARNING,LOW,Magnetic forecasting model has low predictive reliability based on walk-forward evaluation.
6,2026-06-08 00:01:26,2026-06-08 00:02:26,60,mag_z,Ridge,4.928,222.61420083311344,217.68620083311345,LOW_CONFIDENCE,INFO,MODEL_RELIABILITY_WARNING,LOW,Magnetic forecasting model has low predictive reliability based on walk-forward evaluation.
7,2026-06-08 00:01:26,2026-06-08 00:02:26,60,temperature,Persistence,45.25,45.25,0.0,NORMAL,NORMAL,NONE,HIGH,
1,2026-06-08 00:01:26,2026-06-08 00:02:26,60,vib_x_rms,XGBoost,0.107575,0.1057664304971695,-0.0018085695028305,WARNING,MEDIUM,ELEVATED_VIBRATION,MODERATE,Predicted vibration 0.105766 exceeds warning limit 0.10
2,2026-06-08 00:01:26,2026-06-08 00:02:26,60,vib_y_rms,XGBoost,0.153031,0.1362979710102081,-0.0167330289897918,WARNING,MEDIUM,ELEVATED_VIBRATION,MODERATE,Predicted vibration 0.136298 exceeds warning limit 0.10
3,2026-06-08 00:01:26,2026-06-08 00:02:26,60,vib_z_rms,XGBoost,0.07271,0.0631382465362548,-0.0095717534637451,NORMAL,NORMAL,NONE,MODERATE,
11,2026-06-08 00:01:28,2026-06-08 00:02:28,60,mag_x,Ridge,437.108,220.83296975547276,-216.27503024452727,LOW_CONFIDENCE,INFO,MODEL_RELIABILITY_WARNING,LOW,Magnetic forecasting model has low predictive reliability based on walk-forward evaluation.
12,2026-06-08 00:01:28,2026-06-08 00:02:28,60,mag_y,Ridge,346.402,232.2629401451929,-114.13905985480704,LOW_CONFIDENCE,INFO,MODEL_RELIABILITY_WARNING,LOW,Magnetic forecasting model has low predictive reliability based on walk-forward evaluation.
13,2026-06-08 00:01:28,2026-06-08 00:02:28,60,mag_z,Ridge,298.858,229.04262337864805,-69.81537662135196,LOW_CONFIDENCE,INFO,MODEL_RELIABILITY_WARNING,LOW,Magnetic forecasting model has low predictive reliability based on walk-forward evaluation.
14,2026-06-08 00:01:28,2026-06-08 00:02:28,60,temperature,Persistence,45.25,45.25,0.0,NORMAL,NORMAL,NONE,HIGH,
8,2026-06-08 00:01:28,2026-06-08 00:02:28,60,vib_x_rms,XGBoost,0.112811,0.1081988289952278,-0.0046121710047721,WARNING,MEDIUM,ELEVATED_VIBRATION,MODERATE,Predicted vibration 0.108199 exceeds warning limit 0.10
9,2026-06-08 00:01:28,2026-06-08 00:02:28,60,vib_y_rms,XGBoost,0.13907,0.1348722577095031,-0.0041977422904968,WARNING,MEDIUM,ELEVATED_VIBRATION,MODERATE,Predicted vibration 0.134872 exceeds warning limit 0.10
10,2026-06-08 00:01:28,2026-06-08 00:02:28,60,vib_z_rms,XGBoost,0.062509,0.0633393749594688,0.0008303749594688,NORMAL,NORMAL,NONE,MODERATE,
18,2026-06-08 00:01:29,2026-06-08 00:02:29,60,mag_x,Ridge,147.518,232.42886977425837,84.91086977425834,LOW_CONFIDENCE,INFO,MODEL_RELIABILITY_WARNING,LOW,Magnetic forecasting model has low predictive reliability based on walk-forward evaluation.
19,2026-06-08 00:01:29,2026-06-08 00:02:29,60,mag_y,Ridge,384.496,230.68905321760047,-153.8069467823995,LOW_CONFIDENCE,INFO,MODEL_RELIABILITY_WARNING,LOW,Magnetic forecasting model has low predictive reliability based on walk-forward evaluation.
20,2026-06-08 00:01:29,2026-06-08 00:02:29,60,mag_z,Ridge,371.518,226.8928053966717,-144.62519460332828,LOW_CONFIDENCE,INFO,MODEL_RELIABILITY_WARNING,LOW,Magnetic forecasting model has low predictive reliability based on walk-forward evaluation.
21,2026-06-08 00:01:29,2026-06-08 00:02:29,60,temperature,Persistence,45.25,45.25,0.0,NORMAL,NORMAL,NONE,HIGH,
15,2026-06-08 00:01:29,2026-06-08 00:02:29,60,vib_x_rms,XGBoost,0.125232,0.1089151576161384,-0.0163168423838615,WARNING,MEDIUM,ELEVATED_VIBRATION,MODERATE,Predicted vibration 0.108915 exceeds warning limit 0.10
16,2026-06-08 00:01:29,2026-06-08 00:02:29,60,vib_y_rms,XGBoost,0.154818,0.1380024850368499,-0.01681551496315,WARNING,MEDIUM,ELEVATED_VIBRATION,MODERATE,Predicted vibration 0.138002 exceeds warning limit 0.10
17,2026-06-08 00:01:29,2026-06-08 00:02:29,60,vib_z_rms,XGBoost,0.082712,0.0634815543889999,-0.019230445611,NORMAL,NORMAL,NONE,MODERATE,
25,2026-06-08 00:01:31,2026-06-08 00:02:31,60,mag_x,Ridge,103.306,224.205099389686,120.899099389686,LOW_CONFIDENCE,INFO,MODEL_RELIABILITY_WARNING,LOW,Magnetic forecasting model has low predictive reliability based on walk-forward evaluation.
26,2026-06-08 00:01:31,2026-06-08 00:02:31,60,mag_y,Ridge,284.704,232.81481055695284,-51.88918944304717,LOW_CONFIDENCE,INFO,MODEL_RELIABILITY_WARNING,LOW,Magnetic forecasting model has low predictive reliability based on walk-forward evaluation.
27,2026-06-08 00:01:31,2026-06-08 00:02:31,60,mag_z,Ridge,77.966,225.9638084229124,147.9978084229124,LOW_CONFIDENCE,INFO,MODEL_RELIABILITY_WARNING,LOW,Magnetic forecasting model has low predictive reliability based on walk-forward evaluation.
28,2026-06-08 00:01:31,2026-06-08 00:02:31,60,temperature,Persistence,45.25,45.25,0.0,NORMAL,NORMAL,NONE,HIGH,
22,2026-06-08 00:01:31,2026-06-08 00:02:31,60,vib_x_rms,XGBoost,0.126166,0.1074292138218879,-0.018736786178112,WARNING,MEDIUM,ELEVATED_VIBRATION,MODERATE,Predicted vibration 0.107429 exceeds warning limit 0.10
23,2026-06-08 00:01:31,2026-06-08 00:02:31,60,vib_y_rms,XGBoost,0.127775,0.1377461105585098,0.0099711105585098,WARNING,MEDIUM,ELEVATED_VIBRATION,MODERATE,Predicted vibration 0.137746 exceeds warning limit 0.10
24,2026-06-08 00:01:31,2026-06-08 00:02:31,60,vib_z_rms,XGBoost,0.072664,0.0630990862846374,-0.0095649137153625,NORMAL,NORMAL,NONE,MODERATE,
32,2026-06-08 00:01:32,2026-06-08 00:02:32,60,mag_x,Ridge,210.35,225.6831602787753,15.333160278775296,LOW_CONFIDENCE,INFO,MODEL_RELIABILITY_WARNING,LOW,Magnetic forecasting model has low predictive reliability based on walk-forward evaluation.
33,2026-06-08 00:01:32,2026-06-08 00:02:32,60,mag_y,Ridge,354.172,235.61859079557388,-118.55340920442616,LOW_CONFIDENCE,INFO,MODEL_RELIABILITY_WARNING,LOW,Magnetic forecasting model has low predictive reliability based on walk-forward evaluation.
34,2026-06-08 00:01:32,2026-06-08 00:02:32,60,mag_z,Ridge,456.932,223.44859949444395,-233.4834005055561,LOW_CONFIDENCE,INFO,MODEL_RELIABILITY_WARNING,LOW,Magnetic forecasting model has low predictive reliability based on walk-forward evaluation.
35,2026-06-08 00:01:32,2026-06-08 00:02:32,60,temperature,Persistence,45.25,45.25,0.0,NORMAL,NORMAL,NONE,HIGH,
29,2026-06-08 00:01:32,2026-06-08 00:02:32,60,vib_x_rms,XGBoost,0.117426,0.1072755753993988,-0.0101504246006011,WARNING,MEDIUM,ELEVATED_VIBRATION,MODERATE,Predicted vibration 0.107276 exceeds warning limit 0.10
30,2026-06-08 00:01:32,2026-06-08 00:02:32,60,vib_y_rms,XGBoost,0.126935,0.1385915577411651,0.0116565577411651,WARNING,MEDIUM,ELEVATED_VIBRATION,MODERATE,Predicted vibration 0.138592 exceeds warning limit 0.10
31,2026-06-08 00:01:32,2026-06-08 00:02:32,60,vib_z_rms,XGBoost,0.064844,0.0635862648487091,-0.0012577351512908,NORMAL,NORMAL,NONE,MODERATE,
39,2026-06-08 00:01:34,2026-06-08 00:02:34,60,mag_x,Ridge,40.754,229.6975423085192,188.94354230851923,LOW_CONFIDENCE,INFO,MODEL_RELIABILITY_WARNING,LOW,Magnetic forecasting model has low predictive reliability based on walk-forward evaluation.
40,2026-06-08 00:01:34,2026-06-08 00:02:34,60,mag_y,Ridge,137.438,227.67175040361897,90.23375040361898,LOW_CONFIDENCE,INFO,MODEL_RELIABILITY_WARNING,LOW,Magnetic forecasting model has low predictive reliability based on walk-forward evaluation.
41,2026-06-08 00:01:34,2026-06-08 00:02:34,60,mag_z,Ridge,34.23,227.7666068971729,193.53660689717293,LOW_CONFIDENCE,INFO,MODEL_RELIABILITY_WARNING,LOW,Magnetic forecasting model has low predictive reliability based on walk-forward evaluation.
42,2026-06-08 00:01:34,2026-06-08 00:02:34,60,temperature,Persistence,45.25,45.25,0.0,NORMAL,NORMAL,NONE,HIGH,
36,2026-06-08 00:01:34,2026-06-08 00:02:34,60,vib_x_rms,XGBoost,0.116956,0.1061987802386283,-0.0107572197613716,WARNING,MEDIUM,ELEVATED_VIBRATION,MODERATE,Predicted vibration 0.106199 exceeds warning limit 0.10
37,2026-06-08 00:01:34,2026-06-08 00:02:34,60,vib_y_rms,XGBoost,0.130425,0.1360837817192077,0.0056587817192077,WARNING,MEDIUM,ELEVATED_VIBRATION,MODERATE,Predicted vibration 0.136084 exceeds warning limit 0.10
38,2026-06-08 00:01:34,2026-06-08 00:02:34,60,vib_z_rms,XGBoost,0.070224,0.0643586590886116,-0.0058653409113883,NORMAL,NORMAL,NONE,MODERATE,
46,2026-06-08 00:01:35,2026-06-08 00:02:35,60,mag_x,Ridge,37.59,226.2202133361312,188.6302133361312,LOW_CONFIDENCE,INFO,MODEL_RELIABILITY_WARNING,LOW,Magnetic forecasting model has low predictive reliability based on walk-forward evaluation.
47,2026-06-08 00:01:35,2026-06-08 00:02:35,60,mag_y,Ridge,49.336,231.02037048639917,181.68437048639916,LOW_CONFIDENCE,INFO,MODEL_RELIABILITY_WARNING,LOW,Magnetic forecasting model has low predictive reliability based on walk-forward evaluation.
48,2026-06-08 00:01:35,2026-06-08 00:02:35,60,mag_z,Ridge,153.566,221.6397429391832,68.07374293918318,LOW_CONFIDENCE,INFO,MODEL_RELIABILITY_WARNING,LOW,Magnetic forecasting model has low predictive reliability based on walk-forward evaluation.
49,2026-06-08 00:01:35,2026-06-08 00:02:35,60,temperature,Persistence,45.25,45.25,0.0,NORMAL,NORMAL,NONE,HIGH,
43,2026-06-08 00:01:35,2026-06-08 00:02:35,60,vib_x_rms,XGBoost,0.09848,0.1066807135939598,0.0082007135939598,WARNING,MEDIUM,ELEVATED_VIBRATION,MODERATE,Predicted vibration 0.106681 exceeds warning limit 0.10
44,2026-06-08 00:01:35,2026-06-08 00:02:35,60,vib_y_rms,XGBoost,0.129365,0.1401375234127044,0.0107725234127044,WARNING,MEDIUM,ELEVATED_VIBRATION,MODERATE,Predicted vibration 0.140138 exceeds warning limit 0.10
45,2026-06-08 00:01:35,2026-06-08 00:02:35,60,vib_z_rms,XGBoost,0.062856,0.062631070613861,-0.0002249293861389,NORMAL,NORMAL,NONE,MODERATE,
53,2026-06-08 00:01:37,2026-06-08 00:02:37,60,mag_x,Ridge,92.708,230.68122803071537,137.97322803071538,LOW_CONFIDENCE,INFO,MODEL_RELIABILITY_WARNING,LOW,Magnetic forecasting model has low predictive reliability based on walk-forward evaluation.
54,2026-06-08 00:01:37,2026-06-08 00:02:37,60,mag_y,Ridge,426.664,238.60719369261756,-188.0568063073825,LOW_CONFIDENCE,INFO,MODEL_RELIABILITY_WARNING,LOW,Magnetic forecasting model has low predictive reliability based on walk-forward evaluation.
55,2026-06-08 00:01:37,2026-06-08 00:02:37,60,mag_z,Ridge,283.01,226.92251398426436,-56.087486015735664,LOW_CONFIDENCE,INFO,MODEL_RELIABILITY_WARNING,LOW,Magnetic forecasting model has low predictive reliability based on walk-forward evaluation.
56,2026-06-08 00:01:37,2026-06-08 00:02:37,60,temperature,Persistence,45.25,45.25,0.0,NORMAL,NORMAL,NONE,HIGH,
50,2026-06-08 00:01:37,2026-06-08 00:02:37,60,vib_x_rms,XGBoost,0.096603,0.1074368953704834,0.0108338953704834,WARNING,MEDIUM,ELEVATED_VIBRATION,MODERATE,Predicted vibration 0.107437 exceeds warning limit 0.10
51,2026-06-08 00:01:37,2026-06-08 00:02:37,60,vib_y_rms,XGBoost,0.130207,0.143016055226326,0.012809055226326,WARNING,MEDIUM,ELEVATED_VIBRATION,MODERATE,Predicted vibration 0.143016 exceeds warning limit 0.10
52,2026-06-08 00:01:37,2026-06-08 00:02:37,60,vib_z_rms,XGBoost,0.064598,0.0636869370937347,-0.0009110629062652,NORMAL,NORMAL,NONE,MODERATE,
60,2026-06-08 00:01:38,2026-06-08 00:02:38,60,mag_x,Ridge,211.414,229.2586584527248,17.844658452724786,LOW_CONFIDENCE,INFO,MODEL_RELIABILITY_WARNING,LOW,Magnetic forecasting model has low predictive reliability based on walk-forward evaluation.
61,2026-06-08 00:01:38,2026-06-08 00:02:38,60,mag_y,Ridge,282.786,226.41899262761683,-56.36700737238317,LOW_CONFIDENCE,INFO,MODEL_RELIABILITY_WARNING,LOW,Magnetic forecasting model has low predictive reliability based on walk-forward evaluation.
62,2026-06-08 00:01:38,2026-06-08 00:02:38,60,mag_z,Ridge,413.672,226.50510809682612,-187.16689190317388,LOW_CONFIDENCE,INFO,MODEL_RELIABILITY_WARNING,LOW,Magnetic forecasting model has low predictive reliability based on walk-forward evaluation.
63,2026-06-08 00:01:38,2026-06-08 00:02:38,60,temperature,Persistence,45.25,45.25,0.0,NORMAL,NORMAL,NONE,HIGH,
57,2026-06-08 00:01:38,2026-06-08 00:02:38,60,vib_x_rms,XGBoost,0.115572,0.1064249351620674,-0.0091470648379325,WARNING,MEDIUM,ELEVATED_VIBRATION,MODERATE,Predicted vibration 0.106425 exceeds warning limit 0.10
58,2026-06-08 00:01:38,2026-06-08 00:02:38,60,vib_y_rms,XGBoost,0.124349,0.1421786397695541,0.0178296397695541,WARNING,MEDIUM,ELEVATED_VIBRATION,MODERATE,Predicted vibration 0.142179 exceeds warning limit 0.10
59,2026-06-08 00:01:38,2026-06-08 00:02:38,60,vib_z_rms,XGBoost,0.067111,0.0636331513524055,-0.0034778486475944,NORMAL,NORMAL,NONE,MODERATE,
67,2026-06-08 00:01:39,2026-06-08 00:02:39,60,mag_x,Ridge,374.122,229.5421574994258,-144.57984250057422,LOW_CONFIDENCE,INFO,MODEL_RELIABILITY_WARNING,LOW,Magnetic forecasting model has low predictive reliability based on walk-forward evaluation.
68,2026-06-08 00:01:39,2026-06-08 00:02:39,60,mag_y,Ridge,54.306,227.9994848320165,173.6934848320165,LOW_CONFIDENCE,INFO,MODEL_RELIABILITY_WARNING,LOW,Magnetic forecasting model has low predictive reliability based on walk-forward evaluation.
69,2026-06-08 00:01:39,2026-06-08 00:02:39,60,mag_z,Ridge,354.004,233.710800791726,-120.29319920827405,LOW_CONFIDENCE,INFO,MODEL_RELIABILITY_WARNING,LOW,Magnetic forecasting model has low predictive reliability based on walk-forward evaluation.
70,2026-06-08 00:01:39,2026-06-08 00:02:39,60,temperature,Persistence,45.25,45.25,0.0,NORMAL,NORMAL,NONE,HIGH,
64,2026-06-08 00:01:39,2026-06-08 00:02:39,60,vib_x_rms,XGBoost,0.122997,0.1049134284257888,-0.0180835715742111,WARNING,MEDIUM,ELEVATED_VIBRATION,MODERATE,Predicted vibration 0.104913 exceeds warning limit 0.10
65,2026-06-08 00:01:39,2026-06-08 00:02:39,60,vib_y_rms,XGBoost,0.134318,0.1378279775381088,0.0035099775381088,WARNING,MEDIUM,ELEVATED_VIBRATION,MODERATE,Predicted vibration 0.137828 exceeds warning limit 0.10
66,2026-06-08 00:01:39,2026-06-08 00:02:39,60,vib_z_rms,XGBoost,0.064001,0.0629080384969711,-0.0010929615030288,NORMAL,NORMAL,NONE,MODERATE,
74,2026-06-08 00:01:41,2026-06-08 00:02:41,60,mag_x,Ridge,440.468,230.1067319845181,-210.3612680154819,LOW_CONFIDENCE,INFO,MODEL_RELIABILITY_WARNING,LOW,Magnetic forecasting model has low predictive reliability based on walk-forward evaluation.
75,2026-06-08 00:01:41,2026-06-08 00:02:41,60,mag_y,Ridge,323.218,223.9098055719573,-99.30819442804275,LOW_CONFIDENCE,INFO,MODEL_RELIABILITY_WARNING,LOW,Magnetic forecasting model has low predictive reliability based on walk-forward evaluation.
76,2026-06-08 00:01:41,2026-06-08 00:02:41,60,mag_z,Ridge,20.79,223.9378232916374,203.14782329163745,LOW_CONFIDENCE,INFO,MODEL_RELIABILITY_WARNING,LOW,Magnetic forecasting model has low predictive reliability based on walk-forward evaluation.
77,2026-06-08 00:01:41,2026-06-08 00:02:41,60,temperature,Persistence,45.25,45.25,0.0,NORMAL,NORMAL,NONE,HIGH,
71,2026-06-08 00:01:41,2026-06-08 00:02:41,60,vib_x_rms,XGBoost,0.093207,0.103265531361103,0.010058531361103,WARNING,MEDIUM,ELEVATED_VIBRATION,MODERATE,Predicted vibration 0.103266 exceeds warning limit 0.10
72,2026-06-08 00:01:41,2026-06-08 00:02:41,60,vib_y_rms,XGBoost,0.134058,0.1383096724748611,0.0042516724748611,WARNING,MEDIUM,ELEVATED_VIBRATION,MODERATE,Predicted vibration 0.138310 exceeds warning limit 0.10
73,2026-06-08 00:01:41,2026-06-08 00:02:41,60,vib_z_rms,XGBoost,0.067395,0.0627064779400825,-0.0046885220599174,NORMAL,NORMAL,NONE,MODERATE,
81,2026-06-08 00:01:42,2026-06-08 00:02:42,60,mag_x,Ridge,429.24,226.85685272777815,-202.38314727222183,LOW_CONFIDENCE,INFO,MODEL_RELIABILITY_WARNING,LOW,Magnetic forecasting model has low predictive reliability based on walk-forward evaluation.
82,2026-06-08 00:01:42,2026-06-08 00:02:42,60,mag_y,Ridge,209.412,226.6798245346293,17.267824534629284,LOW_CONFIDENCE,INFO,MODEL_RELIABILITY_WARNING,LOW,Magnetic forecasting model has low predictive reliability based on walk-forward evaluation.
83,2026-06-08 00:01:42,2026-06-08 00:02:42,60,mag_z,Ridge,299.558,228.0426417641885,-71.5153582358115,LOW_CONFIDENCE,INFO,MODEL_RELIABILITY_WARNING,LOW,Magnetic forecasting model has low predictive reliability based on walk-forward evaluation.
84,2026-06-08 00:01:42,2026-06-08 00:02:42,60,temperature,Persistence,45.25,45.25,0.0,NORMAL,NORMAL,NONE,HIGH,
78,2026-06-08 00:01:42,2026-06-08 00:02:42,60,vib_x_rms,XGBoost,0.102644,0.103811964392662,0.001167964392662,WARNING,MEDIUM,ELEVATED_VIBRATION,MODERATE,Predicted vibration 0.103812 exceeds warning limit 0.10
79,2026-06-08 00:01:42,2026-06-08 00:02:42,60,vib_y_rms,XGBoost,0.14926,0.1393169313669204,-0.0099430686330795,WARNING,MEDIUM,ELEVATED_VIBRATION,MODERATE,Predicted vibration 0.139317 exceeds warning limit 0.10
80,2026-06-08 00:01:42,2026-06-08 00:02:42,60,vib_z_rms,XGBoost,0.062102,0.0624033398926258,0.0003013398926258,NORMAL,NORMAL,NONE,MODERATE,
88,2026-06-08 00:01:44,2026-06-08 00:02:44,60,mag_x,Ridge,207.97,230.17158993324017,22.20158993324017,LOW_CONFIDENCE,INFO,MODEL_RELIABILITY_WARNING,LOW,Magnetic forecasting model has low predictive reliability based on walk-forward evaluation.
89,2026-06-08 00:01:44,2026-06-08 00:02:44,60,mag_y,Ridge,125.832,228.8931725757236,103.0611725757236,LOW_CONFIDENCE,INFO,MODEL_RELIABILITY_WARNING,LOW,Magnetic forecasting model has low predictive reliability based on walk-forward evaluation.
90,2026-06-08 00:01:44,2026-06-08 00:02:44,60,mag_z,Ridge,414.218,232.6399580431463,-181.57804195685367,LOW_CONFIDENCE,INFO,MODEL_RELIABILITY_WARNING,LOW,Magnetic forecasting model has low predictive reliability based on walk-forward evaluation.
91,2026-06-08 00:01:44,2026-06-08 00:02:44,60,temperature,Persistence,45.25,45.25,0.0,NORMAL,NORMAL,NONE,HIGH,
85,2026-06-08 00:01:44,2026-06-08 00:02:44,60,vib_x_rms,XGBoost,0.101222,0.1082180961966514,0.0069960961966514,WARNING,MEDIUM,ELEVATED_VIBRATION,MODERATE,Predicted vibration 0.108218 exceeds warning limit 0.10
86,2026-06-08 00:01:44,2026-06-08 00:02:44,60,vib_y_rms,XGBoost,0.140427,0.1381338983774185,-0.0022931016225814,WARNING,MEDIUM,ELEVATED_VIBRATION,MODERATE,Predicted vibration 0.138134 exceeds warning limit 0.10
87,2026-06-08 00:01:44,2026-06-08 00:02:44,60,vib_z_rms,XGBoost,0.067699,0.0618288293480873,-0.0058701706519126,NORMAL,NORMAL,NONE,MODERATE,
95,2026-06-08 00:01:45,2026-06-08 00:02:45,60,mag_x,Ridge,418.642,228.8522597607068,-189.7897402392932,LOW_CONFIDENCE,INFO,MODEL_RELIABILITY_WARNING,LOW,Magnetic forecasting model has low predictive reliability based on walk-forward evaluation.
96,2026-06-08 00:01:45,2026-06-08 00:02:45,60,mag_y,Ridge,181.818,232.1068087798228,50.28880877982277,LOW_CONFIDENCE,INFO,MODEL_RELIABILITY_WARNING,LOW,Magnetic forecasting model has low predictive reliability based on walk-forward evaluation.
97,2026-06-08 00:01:45,2026-06-08 00:02:45,60,mag_z,Ridge,422.8,222.30564603328077,-200.49435396671927,LOW_CONFIDENCE,INFO,MODEL_RELIABILITY_WARNING,LOW,Magnetic forecasting model has low predictive reliability based on walk-forward evaluation.
98,2026-06-08 00:01:45,2026-06-08 00:02:45,60,temperature,Persistence,45.25,45.25,0.0,NORMAL,NORMAL,NONE,HIGH,
92,2026-06-08 00:01:45,2026-06-08 00:02:45,60,vib_x_rms,XGBoost,0.104554,0.1042773202061653,-0.0002766797938346,WARNING,MEDIUM,ELEVATED_VIBRATION,MODERATE,Predicted vibration 0.104277 exceeds warning limit 0.10
93,2026-06-08 00:01:45,2026-06-08 00:02:45,60,vib_y_rms,XGBoost,0.124969,0.1399440020322799,0.0149750020322799,WARNING,MEDIUM,ELEVATED_VIBRATION,MODERATE,Predicted vibration 0.139944 exceeds warning limit 0.10
94,2026-06-08 00:01:45,2026-06-08 00:02:45,60,vib_z_rms,XGBoost,0.061696,0.0622018054127693,0.0005058054127693,NORMAL,NORMAL,NONE,MODERATE,
102,2026-06-08 00:01:47,2026-06-08 00:02:47,60,mag_x,Ridge,443.954,231.81602298643557,-212.13797701356447,LOW_CONFIDENCE,INFO,MODEL_RELIABILITY_WARNING,LOW,Magnetic forecasting model has low predictive reliability based on walk-forward evaluation.
103,2026-06-08 00:01:47,2026-06-08 00:02:47,60,mag_y,Ridge,12.768,227.3240753993682,214.5560753993682,LOW_CONFIDENCE,INFO,MODEL_RELIABILITY_WARNING,LOW,Magnetic forecasting model has low predictive reliability based on walk-forward evaluation.
104,2026-06-08 00:01:47,2026-06-08 00:02:47,60,mag_z,Ridge,278.46,225.02987983657044,-53.430120163429535,LOW_CONFIDENCE,INFO,MODEL_RELIABILITY_WARNING,LOW,Magnetic forecasting model has low predictive reliability based on walk-forward evaluation.
105,2026-06-08 00:01:47,2026-06-08 00:02:47,60,temperature,Persistence,45.25,45.25,0.0,NORMAL,NORMAL,NONE,HIGH,
99,2026-06-08 00:01:47,2026-06-08 00:02:47,60,vib_x_rms,XGBoost,0.123715,0.1045774817466735,-0.0191375182533264,WARNING,MEDIUM,ELEVATED_VIBRATION,MODERATE,Predicted vibration 0.104577 exceeds warning limit 0.10
100,2026-06-08 00:01:47,2026-06-08 00:02:47,60,vib_y_rms,XGBoost,0.104073,0.1398987919092178,0.0358257919092178,WARNING,MEDIUM,ELEVATED_VIBRATION,MODERATE,Predicted vibration 0.139899 exceeds warning limit 0.10
101,2026-06-08 00:01:47,2026-06-08 00:02:47,60,vib_z_rms,XGBoost,0.063711,0.0627932175993919,-0.000917782400608,NORMAL,NORMAL,NONE,MODERATE,
109,2026-06-08 00:01:48,2026-06-08 00:02:48,60,mag_x,Ridge,335.468,231.94670825443052,-103.52129174556948,LOW_CONFIDENCE,INFO,MODEL_RELIABILITY_WARNING,LOW,Magnetic forecasting model has low predictive reliability based on walk-forward evaluation.
110,2026-06-08 00:01:48,2026-06-08 00:02:48,60,mag_y,Ridge,369.726,223.8409428411282,-145.8850571588718,LOW_CONFIDENCE,INFO,MODEL_RELIABILITY_WARNING,LOW,Magnetic forecasting model has low predictive reliability based on walk-forward evaluation.
111,2026-06-08 00:01:48,2026-06-08 00:02:48,60,mag_z,Ridge,213.36,225.0347049985103,11.674704998510292,LOW_CONFIDENCE,INFO,MODEL_RELIABILITY_WARNING,LOW,Magnetic forecasting model has low predictive reliability based on walk-forward evaluation.
112,2026-06-08 00:01:48,2026-06-08 00:02:48,60,temperature,Persistence,45.25,45.25,0.0,NORMAL,NORMAL,NONE,HIGH,
106,2026-06-08 00:01:48,2026-06-08 00:02:48,60,vib_x_rms,XGBoost,0.117646,0.1028175130486488,-0.0148284869513511,WARNING,MEDIUM,ELEVATED_VIBRATION,MODERATE,Predicted vibration 0.102818 exceeds warning limit 0.10
107,2026-06-08 00:01:48,2026-06-08 00:02:48,60,vib_y_rms,XGBoost,0.120904,0.1358939409255981,0.0149899409255981,WARNING,MEDIUM,ELEVATED_VIBRATION,MODERATE,Predicted vibration 0.135894 exceeds warning limit 0.10
108,2026-06-08 00:01:48,2026-06-08 00:02:48,60,vib_z_rms,XGBoost,0.060466,0.0609584189951419,0.0004924189951419,NORMAL,NORMAL,NONE,MODERATE,
116,2026-06-08 00:01:49,2026-06-08 00:02:49,60,mag_x,Ridge,94.318,231.3131112602641,136.99511126026408,LOW_CONFIDENCE,INFO,MODEL_RELIABILITY_WARNING,LOW,Magnetic forecasting model has low predictive reliability based on walk-forward evaluation.
117,2026-06-08 00:01:49,2026-06-08 00:02:49,60,mag_y,Ridge,232.232,224.25168034686743,-7.98031965313254,LOW_CONFIDENCE,INFO,MODEL_RELIABILITY_WARNING,LOW,Magnetic forecasting model has low predictive reliability based on walk-forward evaluation.
118,2026-06-08 00:01:49,2026-06-08 00:02:49,60,mag_z,Ridge,323.33,227.9016720610352,-95.4283279389648,LOW_CONFIDENCE,INFO,MODEL_RELIABILITY_WARNING,LOW,Magnetic forecasting model has low predictive reliability based on walk-forward evaluation.
119,2026-06-08 00:01:49,2026-06-08 00:02:49,60,temperature,Persistence,45.25,45.25,0.0,NORMAL,NORMAL,NONE,HIGH,
113,2026-06-08 00:01:49,2026-06-08 00:02:49,60,vib_x_rms,XGBoost,0.101315,0.1015142574906349,0.0001992574906349,WARNING,MEDIUM,ELEVATED_VIBRATION,MODERATE,Predicted vibration 0.101514 exceeds warning limit 0.10
114,2026-06-08 00:01:49,2026-06-08 00:02:49,60,vib_y_rms,XGBoost,0.127902,0.1373732835054397,0.0094712835054397,WARNING,MEDIUM,ELEVATED_VIBRATION,MODERATE,Predicted vibration 0.137373 exceeds warning limit 0.10
115,2026-06-08 00:01:49,2026-06-08 00:02:49,60,vib_z_rms,XGBoost,0.065544,0.0626014769077301,-0.0029425230922699,NORMAL,NORMAL,NONE,MODERATE,
123,2026-06-08 00:01:51,2026-06-08 00:02:51,60,mag_x,Ridge,166.012,224.23035239063992,58.21835239063992,LOW_CONFIDENCE,INFO,MODEL_RELIABILITY_WARNING,LOW,Magnetic forecasting model has low predictive reliability based on walk-forward evaluation.
124,2026-06-08 00:01:51,2026-06-08 00:02:51,60,mag_y,Ridge,91.658,236.48055335126296,144.82255335126297,LOW_CONFIDENCE,INFO,MODEL_RELIABILITY_WARNING,LOW,Magnetic forecasting model has low predictive reliability based on walk-forward evaluation.
125,2026-06-08 00:01:51,2026-06-08 00:02:51,60,mag_z,Ridge,420.252,231.60522601192469,-188.64677398807527,LOW_CONFIDENCE,INFO,MODEL_RELIABILITY_WARNING,LOW,Magnetic forecasting model has low predictive reliability based on walk-forward evaluation.
126,2026-06-08 00:01:51,2026-06-08 00:02:51,60,temperature,Persistence,45.25,45.25,0.0,NORMAL,NORMAL,NONE,HIGH,
120,2026-06-08 00:01:51,2026-06-08 00:02:51,60,vib_x_rms,XGBoost,0.105865,0.1040081828832626,-0.0018568171167373,WARNING,MEDIUM,ELEVATED_VIBRATION,MODERATE,Predicted vibration 0.104008 exceeds warning limit 0.10
121,2026-06-08 00:01:51,2026-06-08 00:02:51,60,vib_y_rms,XGBoost,0.117095,0.1364894658327102,0.0193944658327102,WARNING,MEDIUM,ELEVATED_VIBRATION,MODERATE,Predicted vibration 0.136489 exceeds warning limit 0.10
122,2026-06-08 00:01:51,2026-06-08 00:02:51,60,vib_z_rms,XGBoost,0.057432,0.062755212187767,0.005323212187767,NORMAL,NORMAL,NONE,MODERATE,
130,2026-06-08 00:01:52,2026-06-08 00:02:52,60,mag_x,Ridge,329.616,231.5147668871874,-98.1012331128126,LOW_CONFIDENCE,INFO,MODEL_RELIABILITY_WARNING,LOW,Magnetic forecasting model has low predictive reliability based on walk-forward evaluation.
131,2026-06-08 00:01:52,2026-06-08 00:02:52,60,mag_y,Ridge,364.042,231.73890274506596,-132.30309725493404,LOW_CONFIDENCE,INFO,MODEL_RELIABILITY_WARNING,LOW,Magnetic forecasting model has low predictive reliability based on walk-forward evaluation.
132,2026-06-08 00:01:52,2026-06-08 00:02:52,60,mag_z,Ridge,439.81,226.15013686449052,-213.65986313550945,LOW_CONFIDENCE,INFO,MODEL_RELIABILITY_WARNING,LOW,Magnetic forecasting model has low predictive reliability based on walk-forward evaluation.
133,2026-06-08 00:01:52,2026-06-08 00:02:52,60,temperature,Persistence,45.25,45.25,0.0,NORMAL,NORMAL,NONE,HIGH,
127,2026-06-08 00:01:52,2026-06-08 00:02:52,60,vib_x_rms,XGBoost,0.108886,0.1043111011385917,-0.0045748988614082,WARNING,MEDIUM,ELEVATED_VIBRATION,MODERATE,Predicted vibration 0.104311 exceeds warning limit 0.10
128,2026-06-08 00:01:52,2026-06-08 00:02:52,60,vib_y_rms,XGBoost,0.154408,0.1350389719009399,-0.01936902809906,WARNING,MEDIUM,ELEVATED_VIBRATION,MODERATE,Predicted vibration 0.135039 exceeds warning limit 0.10
129,2026-06-08 00:01:52,2026-06-08 00:02:52,60,vib_z_rms,XGBoost,0.054371,0.061020590364933,0.006649590364933,NORMAL,NORMAL,NONE,MODERATE,
137,2026-06-08 00:01:54,2026-06-08 00:02:54,60,mag_x,Ridge,395.794,226.03893572296477,-169.75506427703525,LOW_CONFIDENCE,INFO,MODEL_RELIABILITY_WARNING,LOW,Magnetic forecasting model has low predictive reliability based on walk-forward evaluation.
138,2026-06-08 00:01:54,2026-06-08 00:02:54,60,mag_y,Ridge,306.236,229.1080852092126,-77.1279147907874,LOW_CONFIDENCE,INFO,MODEL_RELIABILITY_WARNING,LOW,Magnetic forecasting model has low predictive reliability based on walk-forward evaluation.
139,2026-06-08 00:01:54,2026-06-08 00:02:54,60,mag_z,Ridge,39.62,218.62318069428164,179.00318069428164,LOW_CONFIDENCE,INFO,MODEL_RELIABILITY_WARNING,LOW,Magnetic forecasting model has low predictive reliability based on walk-forward evaluation.
140,2026-06-08 00:01:54,2026-06-08 00:02:54,60,temperature,Persistence,45.25,45.25,0.0,NORMAL,NORMAL,NONE,HIGH,
134,2026-06-08 00:01:54,2026-06-08 00:02:54,60,vib_x_rms,XGBoost,0.105419,0.097100555896759,-0.0083184441032409,NORMAL,NORMAL,NONE,MODERATE,
135,2026-06-08 00:01:54,2026-06-08 00:02:54,60,vib_y_rms,XGBoost,0.130155,0.1311382800340652,0.0009832800340652,WARNING,MEDIUM,ELEVATED_VIBRATION,MODERATE,Predicted vibration 0.131138 exceeds warning limit 0.10
136,2026-06-08 00:01:54,2026-06-08 00:02:54,60,vib_z_rms,XGBoost,0.062237,0.0581431277096271,-0.0040938722903728,NORMAL,NORMAL,NONE,MODERATE,
144,2026-06-08 00:01:55,2026-06-08 00:02:55,60,mag_x,Ridge,234.682,230.8038974743391,-3.8781025256608928,LOW_CONFIDENCE,INFO,MODEL_RELIABILITY_WARNING,LOW,Magnetic forecasting model has low predictive reliability based on walk-forward evaluation.
145,2026-06-08 00:01:55,2026-06-08 00:02:55,60,mag_y,Ridge,201.054,224.44514866444555,23.391148664445552,LOW_CONFIDENCE,INFO,MODEL_RELIABILITY_WARNING,LOW,Magnetic forecasting model has low predictive reliability based on walk-forward evaluation.
146,2026-06-08 00:01:55,2026-06-08 00:02:55,60,mag_z,Ridge,352.114,222.52947459318528,-129.5845254068147,LOW_CONFIDENCE,INFO,MODEL_RELIABILITY_WARNING,LOW,Magnetic forecasting model has low predictive reliability based on walk-forward evaluation.
147,2026-06-08 00:01:55,2026-06-08 00:02:55,60,temperature,Persistence,45.25,45.25,0.0,NORMAL,NORMAL,NONE,HIGH,
141,2026-06-08 00:01:55,2026-06-08 00:02:55,60,vib_x_rms,XGBoost,0.112862,0.1023702174425125,-0.0104917825574874,WARNING,MEDIUM,ELEVATED_VIBRATION,MODERATE,Predicted vibration 0.102370 exceeds warning limit 0.10
142,2026-06-08 00:01:55,2026-06-08 00:02:55,60,vib_y_rms,XGBoost,0.121209,0.1358586549758911,0.0146496549758911,WARNING,MEDIUM,ELEVATED_VIBRATION,MODERATE,Predicted vibration 0.135859 exceeds warning limit 0.10
143,2026-06-08 00:01:55,2026-06-08 00:02:55,60,vib_z_rms,XGBoost,0.059213,0.0600817576050758,0.0008687576050758,NORMAL,NORMAL,NONE,MODERATE,
151,2026-06-08 00:01:57,2026-06-08 00:02:57,60,mag_x,Ridge,165.69,225.40278749885883,59.71278749885883,LOW_CONFIDENCE,INFO,MODEL_RELIABILITY_WARNING,LOW,Magnetic forecasting model has low predictive reliability based on walk-forward evaluation.
152,2026-06-08 00:01:57,2026-06-08 00:02:57,60,mag_y,Ridge,195.328,233.42333410375625,38.095334103756215,LOW_CONFIDENCE,INFO,MODEL_RELIABILITY_WARNING,LOW,Magnetic forecasting model has low predictive reliability based on walk-forward evaluation.
153,2026-06-08 00:01:57,2026-06-08 00:02:57,60,mag_z,Ridge,133.644,222.7223127960728,89.0783127960728,LOW_CONFIDENCE,INFO,MODEL_RELIABILITY_WARNING,LOW,Magnetic forecasting model has low predictive reliability based on walk-forward evaluation.
154,2026-06-08 00:01:57,2026-06-08 00:02:57,60,temperature,Persistence,45.25,45.25,0.0,NORMAL,NORMAL,NONE,HIGH,
148,2026-06-08 00:01:57,2026-06-08 00:02:57,60,vib_x_rms,XGBoost,0.109245,0.1041295900940895,-0.0051154099059104,WARNING,MEDIUM,ELEVATED_VIBRATION,MODERATE,Predicted vibration 0.104130 exceeds warning limit 0.10
149,2026-06-08 00:01:57,2026-06-08 00:02:57,60,vib_y_rms,XGBoost,0.130418,0.135106548666954,0.004688548666954,WARNING,MEDIUM,ELEVATED_VIBRATION,MODERATE,Predicted vibration 0.135107 exceeds warning limit 0.10
150,2026-06-08 00:01:57,2026-06-08 00:02:57,60,vib_z_rms,XGBoost,0.053492,0.0599245317280292,0.0064325317280292,NORMAL,NORMAL,NONE,MODERATE,
158,2026-06-08 00:01:58,2026-06-08 00:02:58,60,mag_x,Ridge,228.214,228.51916162321425,0.305161623214218,LOW_CONFIDENCE,INFO,MODEL_RELIABILITY_WARNING,LOW,Magnetic forecasting model has low predictive reliability based on walk-forward evaluation.
159,2026-06-08 00:01:58,2026-06-08 00:02:58,60,mag_y,Ridge,352.674,237.06357902931757,-115.61042097068244,LOW_CONFIDENCE,INFO,MODEL_RELIABILITY_WARNING,LOW,Magnetic forecasting model has low predictive reliability based on walk-forward evaluation.
160,2026-06-08 00:01:58,2026-06-08 00:02:58,60,mag_z,Ridge,264.18,231.52453152424204,-32.65546847575797,LOW_CONFIDENCE,INFO,MODEL_RELIABILITY_WARNING,LOW,Magnetic forecasting model has low predictive reliability based on walk-forward evaluation.
161,2026-06-08 00:01:58,2026-06-08 00:02:58,60,temperature,Persistence,45.25,45.25,0.0,NORMAL,NORMAL,NONE,HIGH,
155,2026-06-08 00:01:58,2026-06-08 00:02:58,60,vib_x_rms,XGBoost,0.116031,0.1015796288847923,-0.0144513711152076,WARNING,MEDIUM,ELEVATED_VIBRATION,MODERATE,Predicted vibration 0.101580 exceeds warning limit 0.10
156,2026-06-08 00:01:58,2026-06-08 00:02:58,60,vib_y_rms,XGBoost,0.12171,0.1350819617509842,0.0133719617509841,WARNING,MEDIUM,ELEVATED_VIBRATION,MODERATE,Predicted vibration 0.135082 exceeds warning limit 0.10
157,2026-06-08 00:01:58,2026-06-08 00:02:58,60,vib_z_rms,XGBoost,0.055579,0.0597338452935218,0.0041548452935218,NORMAL,NORMAL,NONE,MODERATE,
165,2026-06-08 00:01:59,2026-06-08 00:02:59,60,mag_x,Ridge,396.69,227.6825099267322,-169.0074900732678,LOW_CONFIDENCE,INFO,MODEL_RELIABILITY_WARNING,LOW,Magnetic forecasting model has low predictive reliability based on walk-forward evaluation.
166,2026-06-08 00:01:59,2026-06-08 00:02:59,60,mag_y,Ridge,331.828,234.10743037518984,-97.72056962481012,LOW_CONFIDENCE,INFO,MODEL_RELIABILITY_WARNING,LOW,Magnetic forecasting model has low predictive reliability based on walk-forward evaluation.
167,2026-06-08 00:01:59,2026-06-08 00:02:59,60,mag_z,Ridge,70.756,226.25039107548145,155.49439107548145,LOW_CONFIDENCE,INFO,MODEL_RELIABILITY_WARNING,LOW,Magnetic forecasting model has low predictive reliability based on walk-forward evaluation.
168,2026-06-08 00:01:59,2026-06-08 00:02:59,60,temperature,Persistence,45.25,45.25,0.0,NORMAL,NORMAL,NONE,HIGH,
162,2026-06-08 00:01:59,2026-06-08 00:02:59,60,vib_x_rms,XGBoost,0.105917,0.1003975942730903,-0.0055194057269096,WARNING,MEDIUM,ELEVATED_VIBRATION,MODERATE,Predicted vibration 0.100398 exceeds warning limit 0.10
163,2026-06-08 00:01:59,2026-06-08 00:02:59,60,vib_y_rms,XGBoost,0.121565,0.1354299783706665,0.0138649783706664,WARNING,MEDIUM,ELEVATED_VIBRATION,MODERATE,Predicted vibration 0.135430 exceeds warning limit 0.10
164,2026-06-08 00:01:59,2026-06-08 00:02:59,60,vib_z_rms,XGBoost,0.052659,0.0585380271077156,0.0058790271077156,NORMAL,NORMAL,NONE,MODERATE,
172,2026-06-08 00:02:01,2026-06-08 00:03:01,60,mag_x,Ridge,292.376,224.5416764564362,-67.83432354356378,LOW_CONFIDENCE,INFO,MODEL_RELIABILITY_WARNING,LOW,Magnetic forecasting model has low predictive reliability based on walk-forward evaluation.
173,2026-06-08 00:02:01,2026-06-08 00:03:01,60,mag_y,Ridge,259.672,223.912286766678,-35.75971323332206,LOW_CONFIDENCE,INFO,MODEL_RELIABILITY_WARNING,LOW,Magnetic forecasting model has low predictive reliability based on walk-forward evaluation.
174,2026-06-08 00:02:01,2026-06-08 00:03:01,60,mag_z,Ridge,285.796,223.1078662084621,-62.68813379153789,LOW_CONFIDENCE,INFO,MODEL_RELIABILITY_WARNING,LOW,Magnetic forecasting model has low predictive reliability based on walk-forward evaluation.
175,2026-06-08 00:02:01,2026-06-08 00:03:01,60,temperature,Persistence,45.25,45.25,0.0,NORMAL,NORMAL,NONE,HIGH,
169,2026-06-08 00:02:01,2026-06-08 00:03:01,60,vib_x_rms,XGBoost,0.120936,0.0986994430422782,-0.0222365569577217,NORMAL,NORMAL,NONE,MODERATE,
170,2026-06-08 00:02:01,2026-06-08 00:03:01,60,vib_y_rms,XGBoost,0.142716,0.1332550197839737,-0.0094609802160263,WARNING,MEDIUM,ELEVATED_VIBRATION,MODERATE,Predicted vibration 0.133255 exceeds warning limit 0.10
171,2026-06-08 00:02:01,2026-06-08 00:03:01,60,vib_z_rms,XGBoost,0.056678,0.0585961602628231,0.0019181602628231,NORMAL,NORMAL,NONE,MODERATE,
179,2026-06-08 00:02:02,2026-06-08 00:03:02,60,mag_x,Ridge,440.37,226.47867706866927,-213.89132293133076,LOW_CONFIDENCE,INFO,MODEL_RELIABILITY_WARNING,LOW,Magnetic forecasting model has low predictive reliability based on walk-forward evaluation.
180,2026-06-08 00:02:02,2026-06-08 00:03:02,60,mag_y,Ridge,414.302,229.9561217520264,-184.3458782479736,LOW_CONFIDENCE,INFO,MODEL_RELIABILITY_WARNING,LOW,Magnetic forecasting model has low predictive reliability based on walk-forward evaluation.
181,2026-06-08 00:02:02,2026-06-08 00:03:02,60,mag_z,Ridge,228.718,230.10289564019257,1.3848956401925818,LOW_CONFIDENCE,INFO,MODEL_RELIABILITY_WARNING,LOW,Magnetic forecasting model has low predictive reliability based on walk-forward evaluation.
182,2026-06-08 00:02:02,2026-06-08 00:03:02,60,temperature,Persistence,45.25,45.25,0.0,NORMAL,NORMAL,NONE,HIGH,
176,2026-06-08 00:02:02,2026-06-08 00:03:02,60,vib_x_rms,XGBoost,0.112079,0.1009195148944854,-0.0111594851055145,WARNING,MEDIUM,ELEVATED_VIBRATION,MODERATE,Predicted vibration 0.100920 exceeds warning limit 0.10
177,2026-06-08 00:02:02,2026-06-08 00:03:02,60,vib_y_rms,XGBoost,0.124257,0.1343359053134918,0.0100789053134918,WARNING,MEDIUM,ELEVATED_VIBRATION,MODERATE,Predicted vibration 0.134336 exceeds warning limit 0.10
178,2026-06-08 00:02:02,2026-06-08 00:03:02,60,vib_z_rms,XGBoost,0.062288,0.0586868524551391,-0.0036011475448608,NORMAL,NORMAL,NONE,MODERATE,
186,2026-06-08 00:02:04,2026-06-08 00:03:04,60,mag_x,Ridge,180.908,229.3086392842325,48.40063928423251,LOW_CONFIDENCE,INFO,MODEL_RELIABILITY_WARNING,LOW,Magnetic forecasting model has low predictive reliability based on walk-forward evaluation.
187,2026-06-08 00:02:04,2026-06-08 00:03:04,60,mag_y,Ridge,155.834,222.4160853470265,66.58208534702649,LOW_CONFIDENCE,INFO,MODEL_RELIABILITY_WARNING,LOW,Magnetic forecasting model has low predictive reliability based on walk-forward evaluation.
188,2026-06-08 00:02:04,2026-06-08 00:03:04,60,mag_z,Ridge,366.52,229.48917386563943,-137.03082613436055,LOW_CONFIDENCE,INFO,MODEL_RELIABILITY_WARNING,LOW,Magnetic forecasting model has low predictive reliability based on walk-forward evaluation.
189,2026-06-08 00:02:04,2026-06-08 00:03:04,60,temperature,Persistence,45.25,45.25,0.0,NORMAL,NORMAL,NONE,HIGH,
183,2026-06-08 00:02:04,2026-06-08 00:03:04,60,vib_x_rms,XGBoost,0.104428,0.1050183102488517,0.0005903102488517,WARNING,MEDIUM,ELEVATED_VIBRATION,MODERATE,Predicted vibration 0.105018 exceeds warning limit 0.10
184,2026-06-08 00:02:04,2026-06-08 00:03:04,60,vib_y_rms,XGBoost,0.128132,0.1350697427988052,0.0069377427988052,WARNING,MEDIUM,ELEVATED_VIBRATION,MODERATE,Predicted vibration 0.135070 exceeds warning limit 0.10
185,2026-06-08 00:02:04,2026-06-08 00:03:04,60,vib_z_rms,XGBoost,0.052846,0.0604183152318,0.0075723152318,NORMAL,NORMAL,NONE,MODERATE,
193,2026-06-08 00:02:05,2026-06-08 00:03:05,60,mag_x,Ridge,205.604,225.15880466126472,19.55480466126471,LOW_CONFIDENCE,INFO,MODEL_RELIABILITY_WARNING,LOW,Magnetic forecasting model has low predictive reliability based on walk-forward evaluation.
194,2026-06-08 00:02:05,2026-06-08 00:03:05,60,mag_y,Ridge,379.876,228.05327849270847,-151.8227215072915,LOW_CONFIDENCE,INFO,MODEL_RELIABILITY_WARNING,LOW,Magnetic forecasting model has low predictive reliability based on walk-forward evaluation.
195,2026-06-08 00:02:05,2026-06-08 00:03:05,60,mag_z,Ridge,227.262,226.5922314006845,-0.6697685993154892,LOW_CONFIDENCE,INFO,MODEL_RELIABILITY_WARNING,LOW,Magnetic forecasting model has low predictive reliability based on walk-forward evaluation.
196,2026-06-08 00:02:05,2026-06-08 00:03:05,60,temperature,Persistence,45.25,45.25,0.0,NORMAL,NORMAL,NONE,HIGH,
190,2026-06-08 00:02:05,2026-06-08 00:03:05,60,vib_x_rms,XGBoost,0.12606,0.1019265875220298,-0.0241334124779701,WARNING,MEDIUM,ELEVATED_VIBRATION,MODERATE,Predicted vibration 0.101927 exceeds warning limit 0.10
191,2026-06-08 00:02:05,2026-06-08 00:03:05,60,vib_y_rms,XGBoost,0.123791,0.1362342685461044,0.0124432685461044,WARNING,MEDIUM,ELEVATED_VIBRATION,MODERATE,Predicted vibration 0.136234 exceeds warning limit 0.10
192,2026-06-08 00:02:05,2026-06-08 00:03:05,60,vib_z_rms,XGBoost,0.062032,0.0597806237637996,-0.0022513762362003,NORMAL,NORMAL,NONE,MODERATE,
200,2026-06-08 00:02:07,2026-06-08 00:03:07,60,mag_x,Ridge,38.206,230.64211682300547,192.43611682300548,LOW_CONFIDENCE,INFO,MODEL_RELIABILITY_WARNING,LOW,Magnetic forecasting model has low predictive reliability based on walk-forward evaluation.
201,2026-06-08 00:02:07,2026-06-08 00:03:07,60,mag_y,Ridge,259.518,227.90882094455543,-31.609179055444518,LOW_CONFIDENCE,INFO,MODEL_RELIABILITY_WARNING,LOW,Magnetic forecasting model has low predictive reliability based on walk-forward evaluation.
202,2026-06-08 00:02:07,2026-06-08 00:03:07,60,mag_z,Ridge,207.27,229.53401442774788,22.264014427747867,LOW_CONFIDENCE,INFO,MODEL_RELIABILITY_WARNING,LOW,Magnetic forecasting model has low predictive reliability based on walk-forward evaluation.
203,2026-06-08 00:02:07,2026-06-08 00:03:07,60,temperature,Persistence,45.25,45.25,0.0,NORMAL,NORMAL,NONE,HIGH,
197,2026-06-08 00:02:07,2026-06-08 00:03:07,60,vib_x_rms,XGBoost,0.115029,0.102044366300106,-0.0129846336998939,WARNING,MEDIUM,ELEVATED_VIBRATION,MODERATE,Predicted vibration 0.102044 exceeds warning limit 0.10
198,2026-06-08 00:02:07,2026-06-08 00:03:07,60,vib_y_rms,XGBoost,0.162426,0.127892404794693,-0.0345335952053069,WARNING,MEDIUM,ELEVATED_VIBRATION,MODERATE,Predicted vibration 0.127892 exceeds warning limit 0.10
199,2026-06-08 00:02:07,2026-06-08 00:03:07,60,vib_z_rms,XGBoost,0.060142,0.0598627775907516,-0.0002792224092483,NORMAL,NORMAL,NONE,MODERATE,
207,2026-06-08 00:02:08,2026-06-08 00:03:08,60,mag_x,Ridge,298.452,224.8232671496772,-73.62873285032279,LOW_CONFIDENCE,INFO,MODEL_RELIABILITY_WARNING,LOW,Magnetic forecasting model has low predictive reliability based on walk-forward evaluation.
208,2026-06-08 00:02:08,2026-06-08 00:03:08,60,mag_y,Ridge,189.644,230.7140191442389,41.0700191442389,LOW_CONFIDENCE,INFO,MODEL_RELIABILITY_WARNING,LOW,Magnetic forecasting model has low predictive reliability based on walk-forward evaluation.
209,2026-06-08 00:02:08,2026-06-08 00:03:08,60,mag_z,Ridge,416.724,230.1698616357375,-186.55413836426249,LOW_CONFIDENCE,INFO,MODEL_RELIABILITY_WARNING,LOW,Magnetic forecasting model has low predictive reliability based on walk-forward evaluation.
210,2026-06-08 00:02:08,2026-06-08 00:03:08,60,temperature,Persistence,45.25,45.25,0.0,NORMAL,NORMAL,NONE,HIGH,
204,2026-06-08 00:02:08,2026-06-08 00:03:08,60,vib_x_rms,XGBoost,0.100385,0.1026882752776146,0.0023032752776145,WARNING,MEDIUM,ELEVATED_VIBRATION,MODERATE,Predicted vibration 0.102688 exceeds warning limit 0.10
205,2026-06-08 00:02:08,2026-06-08 00:03:08,60,vib_y_rms,XGBoost,0.148243,0.127598226070404,-0.0206447739295959,WARNING,MEDIUM,ELEVATED_VIBRATION,MODERATE,Predicted vibration 0.127598 exceeds warning limit 0.10
206,2026-06-08 00:02:08,2026-06-08 00:03:08,60,vib_z_rms,XGBoost,0.063779,0.0611435174942016,-0.0026354825057983,NORMAL,NORMAL,NONE,MODERATE,
214,2026-06-08 00:02:09,2026-06-08 00:03:09,60,mag_x,Ridge,264.894,234.57136194564063,-30.322638054359373,LOW_CONFIDENCE,INFO,MODEL_RELIABILITY_WARNING,LOW,Magnetic forecasting model has low predictive reliability based on walk-forward evaluation.
215,2026-06-08 00:02:09,2026-06-08 00:03:09,60,mag_y,Ridge,143.948,230.69643587210732,86.74843587210734,LOW_CONFIDENCE,INFO,MODEL_RELIABILITY_WARNING,LOW,Magnetic forecasting model has low predictive reliability based on walk-forward evaluation.
216,2026-06-08 00:02:09,2026-06-08 00:03:09,60,mag_z,Ridge,106.022,225.34818035715347,119.32618035715346,LOW_CONFIDENCE,INFO,MODEL_RELIABILITY_WARNING,LOW,Magnetic forecasting model has low predictive reliability based on walk-forward evaluation.
217,2026-06-08 00:02:09,2026-06-08 00:03:09,60,temperature,Persistence,45.25,45.25,0.0,NORMAL,NORMAL,NONE,HIGH,
211,2026-06-08 00:02:09,2026-06-08 00:03:09,60,vib_x_rms,XGBoost,0.101808,0.1034543588757515,0.0016463588757514,WARNING,MEDIUM,ELEVATED_VIBRATION,MODERATE,Predicted vibration 0.103454 exceeds warning limit 0.10
212,2026-06-08 00:02:09,2026-06-08 00:03:09,60,vib_y_rms,XGBoost,0.146375,0.1350405663251876,-0.0113344336748123,WARNING,MEDIUM,ELEVATED_VIBRATION,MODERATE,Predicted vibration 0.135041 exceeds warning limit 0.10
213,2026-06-08 00:02:09,2026-06-08 00:03:09,60,vib_z_rms,XGBoost,0.060786,0.058451447635889,-0.0023345523641109,NORMAL,NORMAL,NONE,MODERATE,
221,2026-06-08 00:02:11,2026-06-08 00:03:11,60,mag_x,Ridge,7.294,231.79888872011688,224.50488872011687,LOW_CONFIDENCE,INFO,MODEL_RELIABILITY_WARNING,LOW,Magnetic forecasting model has low predictive reliability based on walk-forward evaluation.
222,2026-06-08 00:02:11,2026-06-08 00:03:11,60,mag_y,Ridge,412.496,235.31631029454212,-177.17968970545783,LOW_CONFIDENCE,INFO,MODEL_RELIABILITY_WARNING,LOW,Magnetic forecasting model has low predictive reliability based on walk-forward evaluation.
223,2026-06-08 00:02:11,2026-06-08 00:03:11,60,mag_z,Ridge,44.898,227.613384244212,182.715384244212,LOW_CONFIDENCE,INFO,MODEL_RELIABILITY_WARNING,LOW,Magnetic forecasting model has low predictive reliability based on walk-forward evaluation.
224,2026-06-08 00:02:11,2026-06-08 00:03:11,60,temperature,Persistence,45.25,45.25,0.0,NORMAL,NORMAL,NONE,HIGH,
218,2026-06-08 00:02:11,2026-06-08 00:03:11,60,vib_x_rms,XGBoost,0.115437,0.1047050654888153,-0.0107319345111846,WARNING,MEDIUM,ELEVATED_VIBRATION,MODERATE,Predicted vibration 0.104705 exceeds warning limit 0.10
219,2026-06-08 00:02:11,2026-06-08 00:03:11,60,vib_y_rms,XGBoost,0.13441,0.1339036524295807,-0.0005063475704193,WARNING,MEDIUM,ELEVATED_VIBRATION,MODERATE,Predicted vibration 0.133904 exceeds warning limit 0.10
220,2026-06-08 00:02:11,2026-06-08 00:03:11,60,vib_z_rms,XGBoost,0.071451,0.0595164075493812,-0.0119345924506187,NORMAL,NORMAL,NONE,MODERATE,
228,2026-06-08 00:02:12,2026-06-08 00:03:12,60,mag_x,Ridge,48.678,227.6423759591904,178.9643759591904,LOW_CONFIDENCE,INFO,MODEL_RELIABILITY_WARNING,LOW,Magnetic forecasting model has low predictive reliability based on walk-forward evaluation.
229,2026-06-08 00:02:12,2026-06-08 00:03:12,60,mag_y,Ridge,119.126,228.74515211101024,109.61915211101024,LOW_CONFIDENCE,INFO,MODEL_RELIABILITY_WARNING,LOW,Magnetic forecasting model has low predictive reliability based on walk-forward evaluation.
230,2026-06-08 00:02:12,2026-06-08 00:03:12,60,mag_z,Ridge,21.322,229.32368547740447,208.0016854774045,LOW_CONFIDENCE,INFO,MODEL_RELIABILITY_WARNING,LOW,Magnetic forecasting model has low predictive reliability based on walk-forward evaluation.
231,2026-06-08 00:02:12,2026-06-08 00:03:12,60,temperature,Persistence,45.25,45.25,0.0,NORMAL,NORMAL,NONE,HIGH,
225,2026-06-08 00:02:12,2026-06-08 00:03:12,60,vib_x_rms,XGBoost,0.109007,0.1062066555023193,-0.0028003444976806,WARNING,MEDIUM,ELEVATED_VIBRATION,MODERATE,Predicted vibration 0.106207 exceeds warning limit 0.10
226,2026-06-08 00:02:12,2026-06-08 00:03:12,60,vib_y_rms,XGBoost,0.140922,0.1362696439027786,-0.0046523560972213,WARNING,MEDIUM,ELEVATED_VIBRATION,MODERATE,Predicted vibration 0.136270 exceeds warning limit 0.10
227,2026-06-08 00:02:12,2026-06-08 00:03:12,60,vib_z_rms,XGBoost,0.070105,0.0594697184860706,-0.0106352815139293,NORMAL,NORMAL,NONE,MODERATE,
235,2026-06-08 00:02:14,2026-06-08 00:03:14,60,mag_x,Ridge,318.542,227.9351041779374,-90.60689582206255,LOW_CONFIDENCE,INFO,MODEL_RELIABILITY_WARNING,LOW,Magnetic forecasting model has low predictive reliability based on walk-forward evaluation.
236,2026-06-08 00:02:14,2026-06-08 00:03:14,60,mag_y,Ridge,148.834,226.99084940779343,78.15684940779343,LOW_CONFIDENCE,INFO,MODEL_RELIABILITY_WARNING,LOW,Magnetic forecasting model has low predictive reliability based on walk-forward evaluation.
237,2026-06-08 00:02:14,2026-06-08 00:03:14,60,mag_z,Ridge,435.358,229.7941507462005,-205.5638492537995,LOW_CONFIDENCE,INFO,MODEL_RELIABILITY_WARNING,LOW,Magnetic forecasting model has low predictive reliability based on walk-forward evaluation.
238,2026-06-08 00:02:14,2026-06-08 00:03:14,60,temperature,Persistence,45.25,45.25,0.0,NORMAL,NORMAL,NONE,HIGH,
232,2026-06-08 00:02:14,2026-06-08 00:03:14,60,vib_x_rms,XGBoost,0.086469,0.1086359396576881,0.0221669396576881,WARNING,MEDIUM,ELEVATED_VIBRATION,MODERATE,Predicted vibration 0.108636 exceeds warning limit 0.10
233,2026-06-08 00:02:14,2026-06-08 00:03:14,60,vib_y_rms,XGBoost,0.151236,0.1456821113824844,-0.0055538886175155,WARNING,MEDIUM,ELEVATED_VIBRATION,MODERATE,Predicted vibration 0.145682 exceeds warning limit 0.10
234,2026-06-08 00:02:14,2026-06-08 00:03:14,60,vib_z_rms,XGBoost,0.060345,0.0616022124886512,0.0012572124886512,NORMAL,NORMAL,NONE,MODERATE,
242,2026-06-08 00:02:15,2026-06-08 00:03:15,60,mag_x,Ridge,1.106,238.28738275590655,237.18138275590655,LOW_CONFIDENCE,INFO,MODEL_RELIABILITY_WARNING,LOW,Magnetic forecasting model has low predictive reliability based on walk-forward evaluation.
243,2026-06-08 00:02:15,2026-06-08 00:03:15,60,mag_y,Ridge,182.448,238.07416173107217,55.62616173107216,LOW_CONFIDENCE,INFO,MODEL_RELIABILITY_WARNING,LOW,Magnetic forecasting model has low predictive reliability based on walk-forward evaluation.
244,2026-06-08 00:02:15,2026-06-08 00:03:15,60,mag_z,Ridge,58.926,225.790195909454,166.864195909454,LOW_CONFIDENCE,INFO,MODEL_RELIABILITY_WARNING,LOW,Magnetic forecasting model has low predictive reliability based on walk-forward evaluation.
245,2026-06-08 00:02:15,2026-06-08 00:03:15,60,temperature,Persistence,45.25,45.25,0.0,NORMAL,NORMAL,NONE,HIGH,
239,2026-06-08 00:02:15,2026-06-08 00:03:15,60,vib_x_rms,XGBoost,0.114538,0.1035073921084404,-0.0110306078915596,WARNING,MEDIUM,ELEVATED_VIBRATION,MODERATE,Predicted vibration 0.103507 exceeds warning limit 0.10
240,2026-06-08 00:02:15,2026-06-08 00:03:15,60,vib_y_rms,XGBoost,0.128288,0.1360147893428802,0.0077267893428802,WARNING,MEDIUM,ELEVATED_VIBRATION,MODERATE,Predicted vibration 0.136015 exceeds warning limit 0.10
241,2026-06-08 00:02:15,2026-06-08 00:03:15,60,vib_z_rms,XGBoost,0.054742,0.059403970837593,0.004661970837593,NORMAL,NORMAL,NONE,MODERATE,
249,2026-06-08 00:02:17,2026-06-08 00:03:17,60,mag_x,Ridge,282.016,230.4685078980834,-51.54749210191662,LOW_CONFIDENCE,INFO,MODEL_RELIABILITY_WARNING,LOW,Magnetic forecasting model has low predictive reliability based on walk-forward evaluation.
250,2026-06-08 00:02:17,2026-06-08 00:03:17,60,mag_y,Ridge,178.36,222.15430085549187,43.794300855491855,LOW_CONFIDENCE,INFO,MODEL_RELIABILITY_WARNING,LOW,Magnetic forecasting model has low predictive reliability based on walk-forward evaluation.
251,2026-06-08 00:02:17,2026-06-08 00:03:17,60,mag_z,Ridge,136.808,222.7417024590706,85.93370245907062,LOW_CONFIDENCE,INFO,MODEL_RELIABILITY_WARNING,LOW,Magnetic forecasting model has low predictive reliability based on walk-forward evaluation.
252,2026-06-08 00:02:17,2026-06-08 00:03:17,60,temperature,Persistence,45.3,45.3,0.0,NORMAL,NORMAL,NONE,HIGH,
246,2026-06-08 00:02:17,2026-06-08 00:03:17,60,vib_x_rms,XGBoost,0.1063,0.1043355390429496,-0.0019644609570503,WARNING,MEDIUM,ELEVATED_VIBRATION,MODERATE,Predicted vibration 0.104336 exceeds warning limit 0.10
247,2026-06-08 00:02:17,2026-06-08 00:03:17,60,vib_y_rms,XGBoost,0.137698,0.139237105846405,0.001539105846405,WARNING,MEDIUM,ELEVATED_VIBRATION,MODERATE,Predicted vibration 0.139237 exceeds warning limit 0.10
248,2026-06-08 00:02:17,2026-06-08 00:03:17,60,vib_z_rms,XGBoost,0.059885,0.0609723217785358,0.0010873217785358,NORMAL,NORMAL,NONE,MODERATE,
256,2026-06-08 00:02:18,2026-06-08 00:03:18,60,mag_x,Ridge,217.21,231.03893038000984,13.828930380009837,LOW_CONFIDENCE,INFO,MODEL_RELIABILITY_WARNING,LOW,Magnetic forecasting model has low predictive reliability based on walk-forward evaluation.
257,2026-06-08 00:02:18,2026-06-08 00:03:18,60,mag_y,Ridge,200.564,228.19185215193392,27.62785215193392,LOW_CONFIDENCE,INFO,MODEL_RELIABILITY_WARNING,LOW,Magnetic forecasting model has low predictive reliability based on walk-forward evaluation.
258,2026-06-08 00:02:18,2026-06-08 00:03:18,60,mag_z,Ridge,208.474,227.47119008272216,18.99719008272217,LOW_CONFIDENCE,INFO,MODEL_RELIABILITY_WARNING,LOW,Magnetic forecasting model has low predictive reliability based on walk-forward evaluation.
259,2026-06-08 00:02:18,2026-06-08 00:03:18,60,temperature,Persistence,45.29,45.29,0.0,NORMAL,NORMAL,NONE,HIGH,
253,2026-06-08 00:02:18,2026-06-08 00:03:18,60,vib_x_rms,XGBoost,0.08632,0.0994102284312248,0.0130902284312248,NORMAL,NORMAL,NONE,MODERATE,
254,2026-06-08 00:02:18,2026-06-08 00:03:18,60,vib_y_rms,XGBoost,0.128287,0.1337039768695831,0.0054169768695831,WARNING,MEDIUM,ELEVATED_VIBRATION,MODERATE,Predicted vibration 0.133704 exceeds warning limit 0.10
255,2026-06-08 00:02:18,2026-06-08 00:03:18,60,vib_z_rms,XGBoost,0.058868,0.0576617047190666,-0.0012062952809333,NORMAL,NORMAL,NONE,MODERATE,
263,2026-06-08 00:02:19,2026-06-08 00:03:19,60,mag_x,Ridge,31.556,238.15735727244373,206.6013572724437,LOW_CONFIDENCE,INFO,MODEL_RELIABILITY_WARNING,LOW,Magnetic forecasting model has low predictive reliability based on walk-forward evaluation.
264,2026-06-08 00:02:19,2026-06-08 00:03:19,60,mag_y,Ridge,144.676,220.1507804632228,75.47478046322277,LOW_CONFIDENCE,INFO,MODEL_RELIABILITY_WARNING,LOW,Magnetic forecasting model has low predictive reliability based on walk-forward evaluation.
265,2026-06-08 00:02:19,2026-06-08 00:03:19,60,mag_z,Ridge,264.782,228.1650917815403,-36.616908218459685,LOW_CONFIDENCE,INFO,MODEL_RELIABILITY_WARNING,LOW,Magnetic forecasting model has low predictive reliability based on walk-forward evaluation.
266,2026-06-08 00:02:19,2026-06-08 00:03:19,60,temperature,Persistence,45.282,45.282,0.0,NORMAL,NORMAL,NONE,HIGH,
260,2026-06-08 00:02:19,2026-06-08 00:03:19,60,vib_x_rms,XGBoost,0.097925,0.096844881772995,-0.001080118227005,NORMAL,NORMAL,NONE,MODERATE,
261,2026-06-08 00:02:19,2026-06-08 00:03:19,60,vib_y_rms,XGBoost,0.121661,0.1295792758464813,0.0079182758464813,WARNING,MEDIUM,ELEVATED_VIBRATION,MODERATE,Predicted vibration 0.129579 exceeds warning limit 0.10
262,2026-06-08 00:02:19,2026-06-08 00:03:19,60,vib_z_rms,XGBoost,0.054018,0.0584805607795715,0.0044625607795715,NORMAL,NORMAL,NONE,MODERATE,
270,2026-06-08 00:02:21,2026-06-08 00:03:21,60,mag_x,Ridge,183.176,235.957486373324,52.78148637332399,LOW_CONFIDENCE,INFO,MODEL_RELIABILITY_WARNING,LOW,Magnetic forecasting model has low predictive reliability based on walk-forward evaluation.
271,2026-06-08 00:02:21,2026-06-08 00:03:21,60,mag_y,Ridge,300.902,233.7530447294254,-67.14895527057459,LOW_CONFIDENCE,INFO,MODEL_RELIABILITY_WARNING,LOW,Magnetic forecasting model has low predictive reliability based on walk-forward evaluation.
272,2026-06-08 00:02:21,2026-06-08 00:03:21,60,mag_z,Ridge,45.038,230.89254175638985,185.85454175638984,LOW_CONFIDENCE,INFO,MODEL_RELIABILITY_WARNING,LOW,Magnetic forecasting model has low predictive reliability based on walk-forward evaluation.
273,2026-06-08 00:02:21,2026-06-08 00:03:21,60,temperature,Persistence,45.2756,45.2756,0.0,NORMAL,NORMAL,NONE,HIGH,
267,2026-06-08 00:02:21,2026-06-08 00:03:21,60,vib_x_rms,XGBoost,0.112253,0.0956892520189285,-0.0165637479810714,NORMAL,NORMAL,NONE,MODERATE,
268,2026-06-08 00:02:21,2026-06-08 00:03:21,60,vib_y_rms,XGBoost,0.128814,0.1315099895000457,0.0026959895000457,WARNING,MEDIUM,ELEVATED_VIBRATION,MODERATE,Predicted vibration 0.131510 exceeds warning limit 0.10
269,2026-06-08 00:02:21,2026-06-08 00:03:21,60,vib_z_rms,XGBoost,0.062596,0.0552635304629802,-0.0073324695370197,NORMAL,NORMAL,NONE,MODERATE,
277,2026-06-08 00:02:22,2026-06-08 00:03:22,60,mag_x,Ridge,251.216,223.29238938227036,-27.92361061772968,LOW_CONFIDENCE,INFO,MODEL_RELIABILITY_WARNING,LOW,Magnetic forecasting model has low predictive reliability based on walk-forward evaluation.
278,2026-06-08 00:02:22,2026-06-08 00:03:22,60,mag_y,Ridge,288.946,229.0002849053865,-59.94571509461349,LOW_CONFIDENCE,INFO,MODEL_RELIABILITY_WARNING,LOW,Magnetic forecasting model has low predictive reliability based on walk-forward evaluation.
279,2026-06-08 00:02:22,2026-06-08 00:03:22,60,mag_z,Ridge,203.644,234.80668394385623,31.162683943856223,LOW_CONFIDENCE,INFO,MODEL_RELIABILITY_WARNING,LOW,Magnetic forecasting model has low predictive reliability based on walk-forward evaluation.
280,2026-06-08 00:02:22,2026-06-08 00:03:22,60,temperature,Persistence,45.32048,45.32048,0.0,NORMAL,NORMAL,NONE,HIGH,
274,2026-06-08 00:02:22,2026-06-08 00:03:22,60,vib_x_rms,XGBoost,0.109596,0.096060886979103,-0.0135351130208969,NORMAL,NORMAL,NONE,MODERATE,
275,2026-06-08 00:02:22,2026-06-08 00:03:22,60,vib_y_rms,XGBoost,0.146333,0.1306525468826294,-0.0156804531173705,WARNING,MEDIUM,ELEVATED_VIBRATION,MODERATE,Predicted vibration 0.130653 exceeds warning limit 0.10
276,2026-06-08 00:02:22,2026-06-08 00:03:22,60,vib_z_rms,XGBoost,0.061678,0.057485993951559,-0.0041920060484409,NORMAL,NORMAL,NONE,MODERATE,
284,2026-06-08 00:02:24,2026-06-08 00:03:24,60,mag_x,Ridge,325.836,232.4623285884853,-93.37367141151472,LOW_CONFIDENCE,INFO,MODEL_RELIABILITY_WARNING,LOW,Magnetic forecasting model has low predictive reliability based on walk-forward evaluation.
285,2026-06-08 00:02:24,2026-06-08 00:03:24,60,mag_y,Ridge,290.822,222.31406665913212,-68.50793334086785,LOW_CONFIDENCE,INFO,MODEL_RELIABILITY_WARNING,LOW,Magnetic forecasting model has low predictive reliability based on walk-forward evaluation.
286,2026-06-08 00:02:24,2026-06-08 00:03:24,60,mag_z,Ridge,260.54,235.792999537067,-24.747000462933016,LOW_CONFIDENCE,INFO,MODEL_RELIABILITY_WARNING,LOW,Magnetic forecasting model has low predictive reliability based on walk-forward evaluation.
287,2026-06-08 00:02:24,2026-06-08 00:03:24,60,temperature,Persistence,45.356384,45.356384,0.0,NORMAL,NORMAL,NONE,HIGH,
281,2026-06-08 00:02:24,2026-06-08 00:03:24,60,vib_x_rms,XGBoost,0.120957,0.100433625280857,-0.0205233747191429,WARNING,MEDIUM,ELEVATED_VIBRATION,MODERATE,Predicted vibration 0.100434 exceeds warning limit 0.10
282,2026-06-08 00:02:24,2026-06-08 00:03:24,60,vib_y_rms,XGBoost,0.158625,0.1355717033147812,-0.0230532966852188,WARNING,MEDIUM,ELEVATED_VIBRATION,MODERATE,Predicted vibration 0.135572 exceeds warning limit 0.10
283,2026-06-08 00:02:24,2026-06-08 00:03:24,60,vib_z_rms,XGBoost,0.073868,0.0595933571457862,-0.0142746428542137,NORMAL,NORMAL,NONE,MODERATE,
291,2026-06-08 00:02:25,2026-06-08 00:03:25,60,mag_x,Ridge,343.462,233.7932387299927,-109.66876127000728,LOW_CONFIDENCE,INFO,MODEL_RELIABILITY_WARNING,LOW,Magnetic forecasting model has low predictive reliability based on walk-forward evaluation.
292,2026-06-08 00:02:25,2026-06-08 00:03:25,60,mag_y,Ridge,253.106,223.4558491863472,-29.6501508136528,LOW_CONFIDENCE,INFO,MODEL_RELIABILITY_WARNING,LOW,Magnetic forecasting model has low predictive reliability based on walk-forward evaluation.
293,2026-06-08 00:02:25,2026-06-08 00:03:25,60,mag_z,Ridge,149.66,232.4232738630648,82.76327386306482,LOW_CONFIDENCE,INFO,MODEL_RELIABILITY_WARNING,LOW,Magnetic forecasting model has low predictive reliability based on walk-forward evaluation.
294,2026-06-08 00:02:25,2026-06-08 00:03:25,60,temperature,Persistence,45.3351072,45.3351072,0.0,NORMAL,NORMAL,NONE,HIGH,
288,2026-06-08 00:02:25,2026-06-08 00:03:25,60,vib_x_rms,XGBoost,0.100494,0.0972630158066749,-0.003230984193325,NORMAL,NORMAL,NONE,MODERATE,
289,2026-06-08 00:02:25,2026-06-08 00:03:25,60,vib_y_rms,XGBoost,0.122813,0.1238131895661354,0.0010001895661354,WARNING,MEDIUM,ELEVATED_VIBRATION,MODERATE,Predicted vibration 0.123813 exceeds warning limit 0.10
290,2026-06-08 00:02:25,2026-06-08 00:03:25,60,vib_z_rms,XGBoost,0.060833,0.0555638037621974,-0.0052691962378025,NORMAL,NORMAL,NONE,MODERATE,
298,2026-06-08 00:02:27,2026-06-08 00:03:27,60,mag_x,Ridge,226.072,230.993422023976,4.9214220239759925,LOW_CONFIDENCE,INFO,MODEL_RELIABILITY_WARNING,LOW,Magnetic forecasting model has low predictive reliability based on walk-forward evaluation.
299,2026-06-08 00:02:27,2026-06-08 00:03:27,60,mag_y,Ridge,162.96,225.70375629421088,62.74375629421087,LOW_CONFIDENCE,INFO,MODEL_RELIABILITY_WARNING,LOW,Magnetic forecasting model has low predictive reliability based on walk-forward evaluation.
300,2026-06-08 00:02:27,2026-06-08 00:03:27,60,mag_z,Ridge,289.884,231.13953447768205,-58.74446552231797,LOW_CONFIDENCE,INFO,MODEL_RELIABILITY_WARNING,LOW,Magnetic forecasting model has low predictive reliability based on walk-forward evaluation.
301,2026-06-08 00:02:27,2026-06-08 00:03:27,60,temperature,Persistence,45.31808576,45.31808576,0.0,NORMAL,NORMAL,NONE,HIGH,
295,2026-06-08 00:02:27,2026-06-08 00:03:27,60,vib_x_rms,XGBoost,0.106488,0.1007378846406936,-0.0057501153593063,WARNING,MEDIUM,ELEVATED_VIBRATION,MODERATE,Predicted vibration 0.100738 exceeds warning limit 0.10
296,2026-06-08 00:02:27,2026-06-08 00:03:27,60,vib_y_rms,XGBoost,0.130302,0.1317309588193893,0.0014289588193893,WARNING,MEDIUM,ELEVATED_VIBRATION,MODERATE,Predicted vibration 0.131731 exceeds warning limit 0.10
297,2026-06-08 00:02:27,2026-06-08 00:03:27,60,vib_z_rms,XGBoost,0.059734,0.0584685169160366,-0.0012654830839633,NORMAL,NORMAL,NONE,MODERATE,
305,2026-06-08 00:02:28,2026-06-08 00:03:28,60,mag_x,Ridge,294.308,231.94213830088432,-62.36586169911567,LOW_CONFIDENCE,INFO,MODEL_RELIABILITY_WARNING,LOW,Magnetic forecasting model has low predictive reliability based on walk-forward evaluation.
306,2026-06-08 00:02:28,2026-06-08 00:03:28,60,mag_y,Ridge,128.142,223.7446287185429,95.60262871854292,LOW_CONFIDENCE,INFO,MODEL_RELIABILITY_WARNING,LOW,Magnetic forecasting model has low predictive reliability based on walk-forward evaluation.
307,2026-06-08 00:02:28,2026-06-08 00:03:28,60,mag_z,Ridge,35.182,231.54167561610583,196.35967561610585,LOW_CONFIDENCE,INFO,MODEL_RELIABILITY_WARNING,LOW,Magnetic forecasting model has low predictive reliability based on walk-forward evaluation.
308,2026-06-08 00:02:28,2026-06-08 00:03:28,60,temperature,Persistence,45.30446861,45.30446861,0.0,NORMAL,NORMAL,NONE,HIGH,
302,2026-06-08 00:02:28,2026-06-08 00:03:28,60,vib_x_rms,XGBoost,0.125418,0.0998997315764427,-0.0255182684235572,NORMAL,NORMAL,NONE,MODERATE,
303,2026-06-08 00:02:28,2026-06-08 00:03:28,60,vib_y_rms,XGBoost,0.1268,0.1335649192333221,0.0067649192333221,WARNING,MEDIUM,ELEVATED_VIBRATION,MODERATE,Predicted vibration 0.133565 exceeds warning limit 0.10
304,2026-06-08 00:02:28,2026-06-08 00:03:28,60,vib_z_rms,XGBoost,0.080431,0.0581330507993698,-0.0222979492006301,NORMAL,NORMAL,NONE,MODERATE,
312,2026-06-08 00:02:30,2026-06-08 00:03:30,60,mag_x,Ridge,112.07,233.8952834495725,121.82528344957252,LOW_CONFIDENCE,INFO,MODEL_RELIABILITY_WARNING,LOW,Magnetic forecasting model has low predictive reliability based on walk-forward evaluation.
313,2026-06-08 00:02:30,2026-06-08 00:03:30,60,mag_y,Ridge,403.76,230.12620935165103,-173.63379064834896,LOW_CONFIDENCE,INFO,MODEL_RELIABILITY_WARNING,LOW,Magnetic forecasting model has low predictive reliability based on walk-forward evaluation.
314,2026-06-08 00:02:30,2026-06-08 00:03:30,60,mag_z,Ridge,348.222,231.0761542597734,-117.14584574022658,LOW_CONFIDENCE,INFO,MODEL_RELIABILITY_WARNING,LOW,Magnetic forecasting model has low predictive reliability based on walk-forward evaluation.
315,2026-06-08 00:02:30,2026-06-08 00:03:30,60,temperature,Persistence,45.34357489,45.34357489,0.0,NORMAL,NORMAL,NONE,HIGH,
309,2026-06-08 00:02:30,2026-06-08 00:03:30,60,vib_x_rms,XGBoost,0.117226,0.097295343875885,-0.0199306561241149,NORMAL,NORMAL,NONE,MODERATE,
310,2026-06-08 00:02:30,2026-06-08 00:03:30,60,vib_y_rms,XGBoost,0.136264,0.1218282952904701,-0.0144357047095298,WARNING,MEDIUM,ELEVATED_VIBRATION,MODERATE,Predicted vibration 0.121828 exceeds warning limit 0.10
311,2026-06-08 00:02:30,2026-06-08 00:03:30,60,vib_z_rms,XGBoost,0.067474,0.0569621808826923,-0.0105118191173076,NORMAL,NORMAL,NONE,MODERATE,
319,2026-06-08 00:02:31,2026-06-08 00:03:31,60,mag_x,Ridge,177.912,240.0913254579459,62.17932545794591,LOW_CONFIDENCE,INFO,MODEL_RELIABILITY_WARNING,LOW,Magnetic forecasting model has low predictive reliability based on walk-forward evaluation.
320,2026-06-08 00:02:31,2026-06-08 00:03:31,60,mag_y,Ridge,318.234,223.54089822111945,-94.69310177888056,LOW_CONFIDENCE,INFO,MODEL_RELIABILITY_WARNING,LOW,Magnetic forecasting model has low predictive reliability based on walk-forward evaluation.
321,2026-06-08 00:02:31,2026-06-08 00:03:31,60,mag_z,Ridge,375.158,231.0199929192556,-144.13800708074444,LOW_CONFIDENCE,INFO,MODEL_RELIABILITY_WARNING,LOW,Magnetic forecasting model has low predictive reliability based on walk-forward evaluation.
322,2026-06-08 00:02:31,2026-06-08 00:03:31,60,temperature,Persistence,45.32485991,45.32485991,0.0,NORMAL,NORMAL,NONE,HIGH,
316,2026-06-08 00:02:31,2026-06-08 00:03:31,60,vib_x_rms,XGBoost,0.115467,0.1003688648343086,-0.0150981351656913,WARNING,MEDIUM,ELEVATED_VIBRATION,MODERATE,Predicted vibration 0.100369 exceeds warning limit 0.10
317,2026-06-08 00:02:31,2026-06-08 00:03:31,60,vib_y_rms,XGBoost,0.134109,0.1289461702108383,-0.0051628297891616,WARNING,MEDIUM,ELEVATED_VIBRATION,MODERATE,Predicted vibration 0.128946 exceeds warning limit 0.10
318,2026-06-08 00:02:31,2026-06-08 00:03:31,60,vib_z_rms,XGBoost,0.065981,0.0567996390163898,-0.0091813609836101,NORMAL,NORMAL,NONE,MODERATE,
326,2026-06-08 00:02:32,2026-06-08 00:03:32,60,mag_x,Ridge,153.538,235.8829421575548,82.34494215755478,LOW_CONFIDENCE,INFO,MODEL_RELIABILITY_WARNING,LOW,Magnetic forecasting model has low predictive reliability based on walk-forward evaluation.
327,2026-06-08 00:02:32,2026-06-08 00:03:32,60,mag_y,Ridge,446.908,224.98349263749444,-221.9245073625056,LOW_CONFIDENCE,INFO,MODEL_RELIABILITY_WARNING,LOW,Magnetic forecasting model has low predictive reliability based on walk-forward evaluation.
328,2026-06-08 00:02:32,2026-06-08 00:03:32,60,mag_z,Ridge,38.92,223.76239747612428,184.8423974761243,LOW_CONFIDENCE,INFO,MODEL_RELIABILITY_WARNING,LOW,Magnetic forecasting model has low predictive reliability based on walk-forward evaluation.
329,2026-06-08 00:02:32,2026-06-08 00:03:32,60,temperature,Persistence,45.30988793,45.30988793,0.0,NORMAL,NORMAL,NONE,HIGH,
323,2026-06-08 00:02:32,2026-06-08 00:03:32,60,vib_x_rms,XGBoost,0.114188,0.0998111516237258,-0.0143768483762741,NORMAL,NORMAL,NONE,MODERATE,
324,2026-06-08 00:02:32,2026-06-08 00:03:32,60,vib_y_rms,XGBoost,0.156197,0.1288235783576965,-0.0273734216423034,WARNING,MEDIUM,ELEVATED_VIBRATION,MODERATE,Predicted vibration 0.128824 exceeds warning limit 0.10
325,2026-06-08 00:02:32,2026-06-08 00:03:32,60,vib_z_rms,XGBoost,0.078332,0.0571943596005439,-0.021137640399456,NORMAL,NORMAL,NONE,MODERATE,
333,2026-06-08 00:02:34,2026-06-08 00:03:34,60,mag_x,Ridge,108.64,230.6089403713512,121.96894037135122,LOW_CONFIDENCE,INFO,MODEL_RELIABILITY_WARNING,LOW,Magnetic forecasting model has low predictive reliability based on walk-forward evaluation.
334,2026-06-08 00:02:34,2026-06-08 00:03:34,60,mag_y,Ridge,313.67,227.5901527772533,-86.07984722274668,LOW_CONFIDENCE,INFO,MODEL_RELIABILITY_WARNING,LOW,Magnetic forecasting model has low predictive reliability based on walk-forward evaluation.
335,2026-06-08 00:02:34,2026-06-08 00:03:34,60,mag_z,Ridge,242.032,225.4473544024007,-16.58464559759932,LOW_CONFIDENCE,INFO,MODEL_RELIABILITY_WARNING,LOW,Magnetic forecasting model has low predictive reliability based on walk-forward evaluation.
336,2026-06-08 00:02:34,2026-06-08 00:03:34,60,temperature,Persistence,45.34791034,45.34791034,0.0,NORMAL,NORMAL,NONE,HIGH,
330,2026-06-08 00:02:34,2026-06-08 00:03:34,60,vib_x_rms,XGBoost,0.100804,0.0967543125152587,-0.0040496874847412,NORMAL,NORMAL,NONE,MODERATE,
331,2026-06-08 00:02:34,2026-06-08 00:03:34,60,vib_y_rms,XGBoost,0.136143,0.1291561871767044,-0.0069868128232955,WARNING,MEDIUM,ELEVATED_VIBRATION,MODERATE,Predicted vibration 0.129156 exceeds warning limit 0.10
332,2026-06-08 00:02:34,2026-06-08 00:03:34,60,vib_z_rms,XGBoost,0.067805,0.0570712834596633,-0.0107337165403366,NORMAL,NORMAL,NONE,MODERATE,
340,2026-06-08 00:02:35,2026-06-08 00:03:35,60,mag_x,Ridge,330.708,224.38009053534512,-106.32790946465492,LOW_CONFIDENCE,INFO,MODEL_RELIABILITY_WARNING,LOW,Magnetic forecasting model has low predictive reliability based on walk-forward evaluation.
341,2026-06-08 00:02:35,2026-06-08 00:03:35,60,mag_y,Ridge,67.872,226.8336144162037,158.9616144162037,LOW_CONFIDENCE,INFO,MODEL_RELIABILITY_WARNING,LOW,Magnetic forecasting model has low predictive reliability based on walk-forward evaluation.
342,2026-06-08 00:02:35,2026-06-08 00:03:35,60,mag_z,Ridge,63.938,231.5869114172928,167.64891141729282,LOW_CONFIDENCE,INFO,MODEL_RELIABILITY_WARNING,LOW,Magnetic forecasting model has low predictive reliability based on walk-forward evaluation.
343,2026-06-08 00:02:35,2026-06-08 00:03:35,60,temperature,Persistence,45.37832827,45.37832827,0.0,NORMAL,NORMAL,NONE,HIGH,
337,2026-06-08 00:02:35,2026-06-08 00:03:35,60,vib_x_rms,XGBoost,0.098044,0.0985568687319755,0.0005128687319755,NORMAL,NORMAL,NONE,MODERATE,
338,2026-06-08 00:02:35,2026-06-08 00:03:35,60,vib_y_rms,XGBoost,0.11308,0.1281205266714096,0.0150405266714096,WARNING,MEDIUM,ELEVATED_VIBRATION,MODERATE,Predicted vibration 0.128121 exceeds warning limit 0.10
339,2026-06-08 00:02:35,2026-06-08 00:03:35,60,vib_z_rms,XGBoost,0.062483,0.0561425127089023,-0.0063404872910976,NORMAL,NORMAL,NONE,MODERATE,
347,2026-06-08 00:02:37,2026-06-08 00:03:37,60,mag_x,Ridge,455.896,235.41932328030188,-220.47667671969813,LOW_CONFIDENCE,INFO,MODEL_RELIABILITY_WARNING,LOW,Magnetic forecasting model has low predictive reliability based on walk-forward evaluation.
348,2026-06-08 00:02:37,2026-06-08 00:03:37,60,mag_y,Ridge,369.894,235.24362574153292,-134.65037425846705,LOW_CONFIDENCE,INFO,MODEL_RELIABILITY_WARNING,LOW,Magnetic forecasting model has low predictive reliability based on walk-forward evaluation.
349,2026-06-08 00:02:37,2026-06-08 00:03:37,60,mag_z,Ridge,251.664,237.16404577446175,-14.499954225538204,LOW_CONFIDENCE,INFO,MODEL_RELIABILITY_WARNING,LOW,Magnetic forecasting model has low predictive reliability based on walk-forward evaluation.
350,2026-06-08 00:02:37,2026-06-08 00:03:37,60,temperature,Persistence,45.35266262,45.35266262,0.0,NORMAL,NORMAL,NONE,HIGH,
344,2026-06-08 00:02:37,2026-06-08 00:03:37,60,vib_x_rms,XGBoost,0.102672,0.0972421616315841,-0.0054298383684158,NORMAL,NORMAL,NONE,MODERATE,
345,2026-06-08 00:02:37,2026-06-08 00:03:37,60,vib_y_rms,XGBoost,0.13945,0.1236168444156646,-0.0158331555843353,WARNING,MEDIUM,ELEVATED_VIBRATION,MODERATE,Predicted vibration 0.123617 exceeds warning limit 0.10
346,2026-06-08 00:02:37,2026-06-08 00:03:37,60,vib_z_rms,XGBoost,0.062219,0.0546477027237415,-0.0075712972762584,NORMAL,NORMAL,NONE,MODERATE,
354,2026-06-08 00:02:38,2026-06-08 00:03:38,60,mag_x,Ridge,333.76,239.64302323151665,-94.11697676848335,LOW_CONFIDENCE,INFO,MODEL_RELIABILITY_WARNING,LOW,Magnetic forecasting model has low predictive reliability based on walk-forward evaluation.
355,2026-06-08 00:02:38,2026-06-08 00:03:38,60,mag_y,Ridge,17.962,224.2477718661484,206.2857718661484,LOW_CONFIDENCE,INFO,MODEL_RELIABILITY_WARNING,LOW,Magnetic forecasting model has low predictive reliability based on walk-forward evaluation.
356,2026-06-08 00:02:38,2026-06-08 00:03:38,60,mag_z,Ridge,305.732,230.28589277757996,-75.4461072224201,LOW_CONFIDENCE,INFO,MODEL_RELIABILITY_WARNING,LOW,Magnetic forecasting model has low predictive reliability based on walk-forward evaluation.
357,2026-06-08 00:02:38,2026-06-08 00:03:38,60,temperature,Persistence,45.3321301,45.3321301,0.0,NORMAL,NORMAL,NONE,HIGH,
351,2026-06-08 00:02:38,2026-06-08 00:03:38,60,vib_x_rms,XGBoost,0.096593,0.0997878834605217,0.0031948834605216,NORMAL,NORMAL,NONE,MODERATE,
352,2026-06-08 00:02:38,2026-06-08 00:03:38,60,vib_y_rms,XGBoost,0.130238,0.1239526569843292,-0.0062853430156707,WARNING,MEDIUM,ELEVATED_VIBRATION,MODERATE,Predicted vibration 0.123953 exceeds warning limit 0.10
353,2026-06-08 00:02:38,2026-06-08 00:03:38,60,vib_z_rms,XGBoost,0.064291,0.0557895079255104,-0.0085014920744895,NORMAL,NORMAL,NONE,MODERATE,
361,2026-06-08 00:02:40,2026-06-08 00:03:40,60,mag_x,Ridge,14.35,232.278351706876,217.928351706876,LOW_CONFIDENCE,INFO,MODEL_RELIABILITY_WARNING,LOW,Magnetic forecasting model has low predictive reliability based on walk-forward evaluation.
362,2026-06-08 00:02:40,2026-06-08 00:03:40,60,mag_y,Ridge,441.952,225.58708882630867,-216.36491117369133,LOW_CONFIDENCE,INFO,MODEL_RELIABILITY_WARNING,LOW,Magnetic forecasting model has low predictive reliability based on walk-forward evaluation.
363,2026-06-08 00:02:40,2026-06-08 00:03:40,60,mag_z,Ridge,404.096,224.7129674145376,-179.3830325854624,LOW_CONFIDENCE,INFO,MODEL_RELIABILITY_WARNING,LOW,Magnetic forecasting model has low predictive reliability based on walk-forward evaluation.
364,2026-06-08 00:02:40,2026-06-08 00:03:40,60,temperature,Persistence,45.36570408,45.36570408,0.0,NORMAL,NORMAL,NONE,HIGH,
358,2026-06-08 00:02:40,2026-06-08 00:03:40,60,vib_x_rms,XGBoost,0.103578,0.0986776798963546,-0.0049003201036453,NORMAL,NORMAL,NONE,MODERATE,
359,2026-06-08 00:02:40,2026-06-08 00:03:40,60,vib_y_rms,XGBoost,0.13685,0.1265569478273391,-0.0102930521726608,WARNING,MEDIUM,ELEVATED_VIBRATION,MODERATE,Predicted vibration 0.126557 exceeds warning limit 0.10
360,2026-06-08 00:02:40,2026-06-08 00:03:40,60,vib_z_rms,XGBoost,0.063921,0.0577142685651779,-0.006206731434822,NORMAL,NORMAL,NONE,MODERATE,
368,2026-06-08 00:02:41,2026-06-08 00:03:41,60,mag_x,Ridge,454.888,228.520215750558,-226.367784249442,LOW_CONFIDENCE,INFO,MODEL_RELIABILITY_WARNING,LOW,Magnetic forecasting model has low predictive reliability based on walk-forward evaluation.
369,2026-06-08 00:02:41,2026-06-08 00:03:41,60,mag_y,Ridge,358.792,230.25139937479705,-128.54060062520296,LOW_CONFIDENCE,INFO,MODEL_RELIABILITY_WARNING,LOW,Magnetic forecasting model has low predictive reliability based on walk-forward evaluation.
370,2026-06-08 00:02:41,2026-06-08 00:03:41,60,mag_z,Ridge,226.52,235.4434742932628,8.923474293262814,LOW_CONFIDENCE,INFO,MODEL_RELIABILITY_WARNING,LOW,Magnetic forecasting model has low predictive reliability based on walk-forward evaluation.
371,2026-06-08 00:02:41,2026-06-08 00:03:41,60,temperature,Persistence,45.39256326,45.39256326,0.0,NORMAL,NORMAL,NONE,HIGH,
365,2026-06-08 00:02:41,2026-06-08 00:03:41,60,vib_x_rms,XGBoost,0.104592,0.0996268987655639,-0.004965101234436,NORMAL,NORMAL,NONE,MODERATE,
366,2026-06-08 00:02:41,2026-06-08 00:03:41,60,vib_y_rms,XGBoost,0.14843,0.1296319961547851,-0.0187980038452148,WARNING,MEDIUM,ELEVATED_VIBRATION,MODERATE,Predicted vibration 0.129632 exceeds warning limit 0.10
367,2026-06-08 00:02:41,2026-06-08 00:03:41,60,vib_z_rms,XGBoost,0.067991,0.0583836026489734,-0.0096073973510265,NORMAL,NORMAL,NONE,MODERATE,
375,2026-06-08 00:02:42,2026-06-08 00:03:42,60,mag_x,Ridge,6.216,230.8850304032792,224.6690304032792,LOW_CONFIDENCE,INFO,MODEL_RELIABILITY_WARNING,LOW,Magnetic forecasting model has low predictive reliability based on walk-forward evaluation.
376,2026-06-08 00:02:42,2026-06-08 00:03:42,60,mag_y,Ridge,376.432,231.7219048237349,-144.71009517626516,LOW_CONFIDENCE,INFO,MODEL_RELIABILITY_WARNING,LOW,Magnetic forecasting model has low predictive reliability based on walk-forward evaluation.
377,2026-06-08 00:02:42,2026-06-08 00:03:42,60,mag_z,Ridge,235.088,230.81567584316656,-4.2723241568334345,LOW_CONFIDENCE,INFO,MODEL_RELIABILITY_WARNING,LOW,Magnetic forecasting model has low predictive reliability based on walk-forward evaluation.
378,2026-06-08 00:02:42,2026-06-08 00:03:42,60,temperature,Persistence,45.41405061,45.41405061,0.0,NORMAL,NORMAL,NONE,HIGH,
372,2026-06-08 00:02:42,2026-06-08 00:03:42,60,vib_x_rms,XGBoost,0.120879,0.1000599637627601,-0.0208190362372398,WARNING,MEDIUM,ELEVATED_VIBRATION,MODERATE,Predicted vibration 0.100060 exceeds warning limit 0.10
373,2026-06-08 00:02:42,2026-06-08 00:03:42,60,vib_y_rms,XGBoost,0.142212,0.1291991025209427,-0.0130128974790573,WARNING,MEDIUM,ELEVATED_VIBRATION,MODERATE,Predicted vibration 0.129199 exceeds warning limit 0.10
374,2026-06-08 00:02:42,2026-06-08 00:03:42,60,vib_z_rms,XGBoost,0.06378,0.0587535910308361,-0.0050264089691638,NORMAL,NORMAL,NONE,MODERATE,
382,2026-06-08 00:02:44,2026-06-08 00:03:44,60,mag_x,Ridge,302.204,226.0271901144181,-76.17680988558189,LOW_CONFIDENCE,INFO,MODEL_RELIABILITY_WARNING,LOW,Magnetic forecasting model has low predictive reliability based on walk-forward evaluation.
383,2026-06-08 00:02:44,2026-06-08 00:03:44,60,mag_y,Ridge,391.314,238.74093295673305,-152.573067043267,LOW_CONFIDENCE,INFO,MODEL_RELIABILITY_WARNING,LOW,Magnetic forecasting model has low predictive reliability based on walk-forward evaluation.
384,2026-06-08 00:02:44,2026-06-08 00:03:44,60,mag_z,Ridge,93.464,234.979692525091,141.515692525091,LOW_CONFIDENCE,INFO,MODEL_RELIABILITY_WARNING,LOW,Magnetic forecasting model has low predictive reliability based on walk-forward evaluation.
385,2026-06-08 00:02:44,2026-06-08 00:03:44,60,temperature,Persistence,45.38124049,45.38124049,0.0,NORMAL,NORMAL,NONE,HIGH,
379,2026-06-08 00:02:44,2026-06-08 00:03:44,60,vib_x_rms,XGBoost,0.097881,0.1006122753024101,0.0027312753024101,WARNING,MEDIUM,ELEVATED_VIBRATION,MODERATE,Predicted vibration 0.100612 exceeds warning limit 0.10
380,2026-06-08 00:02:44,2026-06-08 00:03:44,60,vib_y_rms,XGBoost,0.117707,0.1289354562759399,0.0112284562759399,WARNING,MEDIUM,ELEVATED_VIBRATION,MODERATE,Predicted vibration 0.128935 exceeds warning limit 0.10
381,2026-06-08 00:02:44,2026-06-08 00:03:44,60,vib_z_rms,XGBoost,0.05748,0.0593959353864192,0.0019159353864192,NORMAL,NORMAL,NONE,MODERATE,
389,2026-06-08 00:02:45,2026-06-08 00:03:45,60,mag_x,Ridge,178.808,231.7763180206537,52.968318020653726,LOW_CONFIDENCE,INFO,MODEL_RELIABILITY_WARNING,LOW,Magnetic forecasting model has low predictive reliability based on walk-forward evaluation.
390,2026-06-08 00:02:45,2026-06-08 00:03:45,60,mag_y,Ridge,414.33,235.52929368011013,-178.80070631988983,LOW_CONFIDENCE,INFO,MODEL_RELIABILITY_WARNING,LOW,Magnetic forecasting model has low predictive reliability based on walk-forward evaluation.
391,2026-06-08 00:02:45,2026-06-08 00:03:45,60,mag_z,Ridge,448.35,239.1958772193568,-209.15412278064323,LOW_CONFIDENCE,INFO,MODEL_RELIABILITY_WARNING,LOW,Magnetic forecasting model has low predictive reliability based on walk-forward evaluation.
392,2026-06-08 00:02:45,2026-06-08 00:03:45,60,temperature,Persistence,45.35499239,45.35499239,0.0,NORMAL,NORMAL,NONE,HIGH,
386,2026-06-08 00:02:45,2026-06-08 00:03:45,60,vib_x_rms,XGBoost,0.119832,0.1024713888764381,-0.0173606111235618,WARNING,MEDIUM,ELEVATED_VIBRATION,MODERATE,Predicted vibration 0.102471 exceeds warning limit 0.10
387,2026-06-08 00:02:45,2026-06-08 00:03:45,60,vib_y_rms,XGBoost,0.136302,0.1290945708751678,-0.0072074291248321,WARNING,MEDIUM,ELEVATED_VIBRATION,MODERATE,Predicted vibration 0.129095 exceeds warning limit 0.10
388,2026-06-08 00:02:45,2026-06-08 00:03:45,60,vib_z_rms,XGBoost,0.056415,0.059102289378643,0.002687289378643,NORMAL,NORMAL,NONE,MODERATE,
396,2026-06-08 00:02:47,2026-06-08 00:03:47,60,mag_x,Ridge,68.558,230.23386332868043,161.6758633286804,LOW_CONFIDENCE,INFO,MODEL_RELIABILITY_WARNING,LOW,Magnetic forecasting model has low predictive reliability based on walk-forward evaluation.
397,2026-06-08 00:02:47,2026-06-08 00:03:47,60,mag_y,Ridge,431.452,235.02371605860557,-196.42828394139443,LOW_CONFIDENCE,INFO,MODEL_RELIABILITY_WARNING,LOW,Magnetic forecasting model has low predictive reliability based on walk-forward evaluation.
398,2026-06-08 00:02:47,2026-06-08 00:03:47,60,mag_z,Ridge,341.474,234.60943700944995,-106.86456299055004,LOW_CONFIDENCE,INFO,MODEL_RELIABILITY_WARNING,LOW,Magnetic forecasting model has low predictive reliability based on walk-forward evaluation.
399,2026-06-08 00:02:47,2026-06-08 00:03:47,60,temperature,Persistence,45.38399391,45.38399391,0.0,NORMAL,NORMAL,NONE,HIGH,
393,2026-06-08 00:02:47,2026-06-08 00:03:47,60,vib_x_rms,XGBoost,0.108845,0.0993050262331962,-0.0095399737668037,NORMAL,NORMAL,NONE,MODERATE,
394,2026-06-08 00:02:47,2026-06-08 00:03:47,60,vib_y_rms,XGBoost,0.133323,0.1308535188436508,-0.0024694811563491,WARNING,MEDIUM,ELEVATED_VIBRATION,MODERATE,Predicted vibration 0.130854 exceeds warning limit 0.10
395,2026-06-08 00:02:47,2026-06-08 00:03:47,60,vib_z_rms,XGBoost,0.060992,0.0573335476219654,-0.0036584523780345,NORMAL,NORMAL,NONE,MODERATE,
403,2026-06-08 00:02:48,2026-06-08 00:03:48,60,mag_x,Ridge,5.628,227.72657869276023,222.09857869276027,LOW_CONFIDENCE,INFO,MODEL_RELIABILITY_WARNING,LOW,Magnetic forecasting model has low predictive reliability based on walk-forward evaluation.
404,2026-06-08 00:02:48,2026-06-08 00:03:48,60,mag_y,Ridge,326.186,235.22291084685915,-90.96308915314084,LOW_CONFIDENCE,INFO,MODEL_RELIABILITY_WARNING,LOW,Magnetic forecasting model has low predictive reliability based on walk-forward evaluation.
405,2026-06-08 00:02:48,2026-06-08 00:03:48,60,mag_z,Ridge,174.594,237.9008897788474,63.30688977884739,LOW_CONFIDENCE,INFO,MODEL_RELIABILITY_WARNING,LOW,Magnetic forecasting model has low predictive reliability based on walk-forward evaluation.
406,2026-06-08 00:02:48,2026-06-08 00:03:48,60,temperature,Persistence,45.40719513,45.40719513,0.0,NORMAL,NORMAL,NONE,HIGH,
400,2026-06-08 00:02:48,2026-06-08 00:03:48,60,vib_x_rms,XGBoost,0.099183,0.1030918061733245,0.0039088061733245,WARNING,MEDIUM,ELEVATED_VIBRATION,MODERATE,Predicted vibration 0.103092 exceeds warning limit 0.10
401,2026-06-08 00:02:48,2026-06-08 00:03:48,60,vib_y_rms,XGBoost,0.152985,0.1354655772447586,-0.0175194227552414,WARNING,MEDIUM,ELEVATED_VIBRATION,MODERATE,Predicted vibration 0.135466 exceeds warning limit 0.10
402,2026-06-08 00:02:48,2026-06-08 00:03:48,60,vib_z_rms,XGBoost,0.06068,0.0578176416456699,-0.00286235835433,NORMAL,NORMAL,NONE,MODERATE,
410,2026-06-08 00:02:50,2026-06-08 00:03:50,60,mag_x,Ridge,126.49,225.3245764211537,98.83457642115368,LOW_CONFIDENCE,INFO,MODEL_RELIABILITY_WARNING,LOW,Magnetic forecasting model has low predictive reliability based on walk-forward evaluation.
411,2026-06-08 00:02:50,2026-06-08 00:03:50,60,mag_y,Ridge,54.362,226.45781548456895,172.095815484569,LOW_CONFIDENCE,INFO,MODEL_RELIABILITY_WARNING,LOW,Magnetic forecasting model has low predictive reliability based on walk-forward evaluation.
412,2026-06-08 00:02:50,2026-06-08 00:03:50,60,mag_z,Ridge,227.248,234.40591344588643,7.157913445886436,LOW_CONFIDENCE,INFO,MODEL_RELIABILITY_WARNING,LOW,Magnetic forecasting model has low predictive reliability based on walk-forward evaluation.
413,2026-06-08 00:02:50,2026-06-08 00:03:50,60,temperature,Persistence,45.3757561,45.3757561,0.0,NORMAL,NORMAL,NONE,HIGH,
407,2026-06-08 00:02:50,2026-06-08 00:03:50,60,vib_x_rms,XGBoost,0.12229,0.1040773838758468,-0.0182126161241531,WARNING,MEDIUM,ELEVATED_VIBRATION,MODERATE,Predicted vibration 0.104077 exceeds warning limit 0.10
408,2026-06-08 00:02:50,2026-06-08 00:03:50,60,vib_y_rms,XGBoost,0.148459,0.1335913836956024,-0.0148676163043975,WARNING,MEDIUM,ELEVATED_VIBRATION,MODERATE,Predicted vibration 0.133591 exceeds warning limit 0.10
409,2026-06-08 00:02:50,2026-06-08 00:03:50,60,vib_z_rms,XGBoost,0.072064,0.0565145127475261,-0.0155494872524738,NORMAL,NORMAL,NONE,MODERATE,
417,2026-06-08 00:02:51,2026-06-08 00:03:51,60,mag_x,Ridge,148.232,224.5837081245171,76.3517081245171,LOW_CONFIDENCE,INFO,MODEL_RELIABILITY_WARNING,LOW,Magnetic forecasting model has low predictive reliability based on walk-forward evaluation.
418,2026-06-08 00:02:51,2026-06-08 00:03:51,60,mag_y,Ridge,444.192,234.60057735808903,-209.59142264191092,LOW_CONFIDENCE,INFO,MODEL_RELIABILITY_WARNING,LOW,Magnetic forecasting model has low predictive reliability based on walk-forward evaluation.
419,2026-06-08 00:02:51,2026-06-08 00:03:51,60,mag_z,Ridge,127.68,230.76064513733385,103.08064513733382,LOW_CONFIDENCE,INFO,MODEL_RELIABILITY_WARNING,LOW,Magnetic forecasting model has low predictive reliability based on walk-forward evaluation.
420,2026-06-08 00:02:51,2026-06-08 00:03:51,60,temperature,Persistence,45.35060488,45.35060488,0.0,NORMAL,NORMAL,NONE,HIGH,
414,2026-06-08 00:02:51,2026-06-08 00:03:51,60,vib_x_rms,XGBoost,0.116418,0.1042074933648109,-0.012210506635189,WARNING,MEDIUM,ELEVATED_VIBRATION,MODERATE,Predicted vibration 0.104207 exceeds warning limit 0.10
415,2026-06-08 00:02:51,2026-06-08 00:03:51,60,vib_y_rms,XGBoost,0.136097,0.127811387181282,-0.0082856128187179,WARNING,MEDIUM,ELEVATED_VIBRATION,MODERATE,Predicted vibration 0.127811 exceeds warning limit 0.10
416,2026-06-08 00:02:51,2026-06-08 00:03:51,60,vib_z_rms,XGBoost,0.060234,0.0574758946895599,-0.00275810531044,NORMAL,NORMAL,NONE,MODERATE,
424,2026-06-08 00:02:52,2026-06-08 00:03:52,60,mag_x,Ridge,245.21,230.3088872775014,-14.901112722498596,LOW_CONFIDENCE,INFO,MODEL_RELIABILITY_WARNING,LOW,Magnetic forecasting model has low predictive reliability based on walk-forward evaluation.
425,2026-06-08 00:02:52,2026-06-08 00:03:52,60,mag_y,Ridge,432.852,229.65573362758624,-203.19626637241376,LOW_CONFIDENCE,INFO,MODEL_RELIABILITY_WARNING,LOW,Magnetic forecasting model has low predictive reliability based on walk-forward evaluation.
426,2026-06-08 00:02:52,2026-06-08 00:03:52,60,mag_z,Ridge,309.036,236.6049236104894,-72.4310763895106,LOW_CONFIDENCE,INFO,MODEL_RELIABILITY_WARNING,LOW,Magnetic forecasting model has low predictive reliability based on walk-forward evaluation.
427,2026-06-08 00:02:52,2026-06-08 00:03:52,60,temperature,Persistence,45.38048391,45.38048391,0.0,NORMAL,NORMAL,NONE,HIGH,
421,2026-06-08 00:02:52,2026-06-08 00:03:52,60,vib_x_rms,XGBoost,0.116167,0.1034685224294662,-0.0126984775705337,WARNING,MEDIUM,ELEVATED_VIBRATION,MODERATE,Predicted vibration 0.103469 exceeds warning limit 0.10
422,2026-06-08 00:02:52,2026-06-08 00:03:52,60,vib_y_rms,XGBoost,0.146454,0.131828099489212,-0.0146259005107879,WARNING,MEDIUM,ELEVATED_VIBRATION,MODERATE,Predicted vibration 0.131828 exceeds warning limit 0.10
423,2026-06-08 00:02:52,2026-06-08 00:03:52,60,vib_z_rms,XGBoost,0.06413,0.0575577169656753,-0.0065722830343246,NORMAL,NORMAL,NONE,MODERATE,
431,2026-06-08 00:02:54,2026-06-08 00:03:54,60,mag_x,Ridge,54.978,230.8059638667341,175.8279638667341,LOW_CONFIDENCE,INFO,MODEL_RELIABILITY_WARNING,LOW,Magnetic forecasting model has low predictive reliability based on walk-forward evaluation.
432,2026-06-08 00:02:54,2026-06-08 00:03:54,60,mag_y,Ridge,139.944,224.4754062255368,84.53140622553681,LOW_CONFIDENCE,INFO,MODEL_RELIABILITY_WARNING,LOW,Magnetic forecasting model has low predictive reliability based on walk-forward evaluation.
433,2026-06-08 00:02:54,2026-06-08 00:03:54,60,mag_z,Ridge,287.322,239.1348058153632,-48.18719418463678,LOW_CONFIDENCE,INFO,MODEL_RELIABILITY_WARNING,LOW,Magnetic forecasting model has low predictive reliability based on walk-forward evaluation.
434,2026-06-08 00:02:54,2026-06-08 00:03:54,60,temperature,Persistence,45.40438712,45.40438712,0.0,NORMAL,NORMAL,NONE,HIGH,
428,2026-06-08 00:02:54,2026-06-08 00:03:54,60,vib_x_rms,XGBoost,0.096409,0.1054696068167686,0.0090606068167686,WARNING,MEDIUM,ELEVATED_VIBRATION,MODERATE,Predicted vibration 0.105470 exceeds warning limit 0.10
429,2026-06-08 00:02:54,2026-06-08 00:03:54,60,vib_y_rms,XGBoost,0.139287,0.1314970403909683,-0.0077899596090316,WARNING,MEDIUM,ELEVATED_VIBRATION,MODERATE,Predicted vibration 0.131497 exceeds warning limit 0.10
430,2026-06-08 00:02:54,2026-06-08 00:03:54,60,vib_z_rms,XGBoost,0.060325,0.0595762096345424,-0.0007487903654575,NORMAL,NORMAL,NONE,MODERATE,
438,2026-06-08 00:02:55,2026-06-08 00:03:55,60,mag_x,Ridge,422.142,226.7114799753558,-195.43052002464415,LOW_CONFIDENCE,INFO,MODEL_RELIABILITY_WARNING,LOW,Magnetic forecasting model has low predictive reliability based on walk-forward evaluation.
439,2026-06-08 00:02:55,2026-06-08 00:03:55,60,mag_y,Ridge,422.982,228.65591784439613,-194.3260821556039,LOW_CONFIDENCE,INFO,MODEL_RELIABILITY_WARNING,LOW,Magnetic forecasting model has low predictive reliability based on walk-forward evaluation.
440,2026-06-08 00:02:55,2026-06-08 00:03:55,60,mag_z,Ridge,374.794,234.2617209518112,-140.5322790481888,LOW_CONFIDENCE,INFO,MODEL_RELIABILITY_WARNING,LOW,Magnetic forecasting model has low predictive reliability based on walk-forward evaluation.
441,2026-06-08 00:02:55,2026-06-08 00:03:55,60,temperature,Persistence,45.4235097,45.4235097,0.0,NORMAL,NORMAL,NONE,HIGH,
435,2026-06-08 00:02:55,2026-06-08 00:03:55,60,vib_x_rms,XGBoost,0.10244,0.1042816415429115,0.0018416415429115,WARNING,MEDIUM,ELEVATED_VIBRATION,MODERATE,Predicted vibration 0.104282 exceeds warning limit 0.10
436,2026-06-08 00:02:55,2026-06-08 00:03:55,60,vib_y_rms,XGBoost,0.142143,0.1324175000190735,-0.0097254999809265,WARNING,MEDIUM,ELEVATED_VIBRATION,MODERATE,Predicted vibration 0.132418 exceeds warning limit 0.10
437,2026-06-08 00:02:55,2026-06-08 00:03:55,60,vib_z_rms,XGBoost,0.064966,0.0576718933880329,-0.007294106611967,NORMAL,NORMAL,NONE,MODERATE,
445,2026-06-08 00:02:57,2026-06-08 00:03:57,60,mag_x,Ridge,87.654,232.7549385843588,145.1009385843588,LOW_CONFIDENCE,INFO,MODEL_RELIABILITY_WARNING,LOW,Magnetic forecasting model has low predictive reliability based on walk-forward evaluation.
446,2026-06-08 00:02:57,2026-06-08 00:03:57,60,mag_y,Ridge,279.37,228.96055581815324,-50.409444181846766,LOW_CONFIDENCE,INFO,MODEL_RELIABILITY_WARNING,LOW,Magnetic forecasting model has low predictive reliability based on walk-forward evaluation.
447,2026-06-08 00:02:57,2026-06-08 00:03:57,60,mag_z,Ridge,11.718,232.38732799529367,220.66932799529368,LOW_CONFIDENCE,INFO,MODEL_RELIABILITY_WARNING,LOW,Magnetic forecasting model has low predictive reliability based on walk-forward evaluation.
448,2026-06-08 00:02:57,2026-06-08 00:03:57,60,temperature,Persistence,45.43880776,45.43880776,0.0,NORMAL,NORMAL,NONE,HIGH,
442,2026-06-08 00:02:57,2026-06-08 00:03:57,60,vib_x_rms,XGBoost,0.114042,0.1048300862312316,-0.0092119137687683,WARNING,MEDIUM,ELEVATED_VIBRATION,MODERATE,Predicted vibration 0.104830 exceeds warning limit 0.10
443,2026-06-08 00:02:57,2026-06-08 00:03:57,60,vib_y_rms,XGBoost,0.139768,0.1348672956228256,-0.0049007043771743,WARNING,MEDIUM,ELEVATED_VIBRATION,MODERATE,Predicted vibration 0.134867 exceeds warning limit 0.10
444,2026-06-08 00:02:57,2026-06-08 00:03:57,60,vib_z_rms,XGBoost,0.080472,0.0594768710434436,-0.0209951289565563,NORMAL,NORMAL,NONE,MODERATE,
452,2026-06-08 00:02:58,2026-06-08 00:03:58,60,mag_x,Ridge,39.844,221.60630205936536,181.76230205936537,LOW_CONFIDENCE,INFO,MODEL_RELIABILITY_WARNING,LOW,Magnetic forecasting model has low predictive reliability based on walk-forward evaluation.
453,2026-06-08 00:02:58,2026-06-08 00:03:58,60,mag_y,Ridge,433.188,227.67360544227043,-205.5143945577296,LOW_CONFIDENCE,INFO,MODEL_RELIABILITY_WARNING,LOW,Magnetic forecasting model has low predictive reliability based on walk-forward evaluation.
454,2026-06-08 00:02:58,2026-06-08 00:03:58,60,mag_z,Ridge,294.014,228.9865143499929,-65.0274856500071,LOW_CONFIDENCE,INFO,MODEL_RELIABILITY_WARNING,LOW,Magnetic forecasting model has low predictive reliability based on walk-forward evaluation.
455,2026-06-08 00:02:58,2026-06-08 00:03:58,60,temperature,Persistence,45.45104621,45.45104621,0.0,NORMAL,NORMAL,NONE,HIGH,
449,2026-06-08 00:02:58,2026-06-08 00:03:58,60,vib_x_rms,XGBoost,0.092382,0.1031508520245552,0.0107688520245552,WARNING,MEDIUM,ELEVATED_VIBRATION,MODERATE,Predicted vibration 0.103151 exceeds warning limit 0.10
450,2026-06-08 00:02:58,2026-06-08 00:03:58,60,vib_y_rms,XGBoost,0.139837,0.1362647861242294,-0.0035722138757705,WARNING,MEDIUM,ELEVATED_VIBRATION,MODERATE,Predicted vibration 0.136265 exceeds warning limit 0.10
451,2026-06-08 00:02:58,2026-06-08 00:03:58,60,vib_z_rms,XGBoost,0.06761,0.0589946024119854,-0.0086153975880146,NORMAL,NORMAL,NONE,MODERATE,
459,2026-06-08 00:03:00,2026-06-08 00:04:00,60,mag_x,Ridge,28.63,228.6587794469505,200.0287794469505,LOW_CONFIDENCE,INFO,MODEL_RELIABILITY_WARNING,LOW,Magnetic forecasting model has low predictive reliability based on walk-forward evaluation.
460,2026-06-08 00:03:00,2026-06-08 00:04:00,60,mag_y,Ridge,401.086,234.7616445582916,-166.3243554417084,LOW_CONFIDENCE,INFO,MODEL_RELIABILITY_WARNING,LOW,Magnetic forecasting model has low predictive reliability based on walk-forward evaluation.
461,2026-06-08 00:03:00,2026-06-08 00:04:00,60,mag_z,Ridge,161.014,235.825315634404,74.81131563440397,LOW_CONFIDENCE,INFO,MODEL_RELIABILITY_WARNING,LOW,Magnetic forecasting model has low predictive reliability based on walk-forward evaluation.
462,2026-06-08 00:03:00,2026-06-08 00:04:00,60,temperature,Persistence,45.46083697,45.46083697,0.0,NORMAL,NORMAL,NONE,HIGH,
456,2026-06-08 00:03:00,2026-06-08 00:04:00,60,vib_x_rms,XGBoost,0.111306,0.1062719896435737,-0.0050340103564262,WARNING,MEDIUM,ELEVATED_VIBRATION,MODERATE,Predicted vibration 0.106272 exceeds warning limit 0.10
457,2026-06-08 00:03:00,2026-06-08 00:04:00,60,vib_y_rms,XGBoost,0.158549,0.1401815712451934,-0.0183674287548065,WARNING,MEDIUM,ELEVATED_VIBRATION,MODERATE,Predicted vibration 0.140182 exceeds warning limit 0.10
458,2026-06-08 00:03:00,2026-06-08 00:04:00,60,vib_z_rms,XGBoost,0.070111,0.0591624565422534,-0.0109485434577465,NORMAL,NORMAL,NONE,MODERATE,
466,2026-06-08 00:03:01,2026-06-08 00:04:01,60,mag_x,Ridge,405.09,224.6167520380231,-180.4732479619769,LOW_CONFIDENCE,INFO,MODEL_RELIABILITY_WARNING,LOW,Magnetic forecasting model has low predictive reliability based on walk-forward evaluation.
467,2026-06-08 00:03:01,2026-06-08 00:04:01,60,mag_y,Ridge,399.196,235.6969697954805,-163.49903020451953,LOW_CONFIDENCE,INFO,MODEL_RELIABILITY_WARNING,LOW,Magnetic forecasting model has low predictive reliability based on walk-forward evaluation.
468,2026-06-08 00:03:01,2026-06-08 00:04:01,60,mag_z,Ridge,119.028,234.3348371355352,115.30683713553516,LOW_CONFIDENCE,INFO,MODEL_RELIABILITY_WARNING,LOW,Magnetic forecasting model has low predictive reliability based on walk-forward evaluation.
469,2026-06-08 00:03:01,2026-06-08 00:04:01,60,temperature,Persistence,45.46866957,45.46866957,0.0,NORMAL,NORMAL,NONE,HIGH,
463,2026-06-08 00:03:01,2026-06-08 00:04:01,60,vib_x_rms,XGBoost,0.09886,0.1058398708701133,0.0069798708701133,WARNING,MEDIUM,ELEVATED_VIBRATION,MODERATE,Predicted vibration 0.105840 exceeds warning limit 0.10
464,2026-06-08 00:03:01,2026-06-08 00:04:01,60,vib_y_rms,XGBoost,0.126232,0.1400366425514221,0.0138046425514221,WARNING,MEDIUM,ELEVATED_VIBRATION,MODERATE,Predicted vibration 0.140037 exceeds warning limit 0.10
465,2026-06-08 00:03:01,2026-06-08 00:04:01,60,vib_z_rms,XGBoost,0.066267,0.0597727820277214,-0.0064942179722786,NORMAL,NORMAL,NONE,MODERATE,
473,2026-06-08 00:03:02,2026-06-08 00:04:02,60,mag_x,Ridge,343.602,227.23442339235845,-116.36757660764152,LOW_CONFIDENCE,INFO,MODEL_RELIABILITY_WARNING,LOW,Magnetic forecasting model has low predictive reliability based on walk-forward evaluation.
474,2026-06-08 00:03:02,2026-06-08 00:04:02,60,mag_y,Ridge,198.128,238.50690486055584,40.37890486055588,LOW_CONFIDENCE,INFO,MODEL_RELIABILITY_WARNING,LOW,Magnetic forecasting model has low predictive reliability based on walk-forward evaluation.
475,2026-06-08 00:03:02,2026-06-08 00:04:02,60,mag_z,Ridge,7.196,234.4712196957203,227.27521969572027,LOW_CONFIDENCE,INFO,MODEL_RELIABILITY_WARNING,LOW,Magnetic forecasting model has low predictive reliability based on walk-forward evaluation.
476,2026-06-08 00:03:02,2026-06-08 00:04:02,60,temperature,Persistence,45.47493566,45.47493566,0.0,NORMAL,NORMAL,NONE,HIGH,
470,2026-06-08 00:03:02,2026-06-08 00:04:02,60,vib_x_rms,XGBoost,0.089812,0.1055608391761779,0.0157488391761779,WARNING,MEDIUM,ELEVATED_VIBRATION,MODERATE,Predicted vibration 0.105561 exceeds warning limit 0.10
471,2026-06-08 00:03:02,2026-06-08 00:04:02,60,vib_y_rms,XGBoost,0.18763,0.1382007747888565,-0.0494292252111434,WARNING,MEDIUM,ELEVATED_VIBRATION,MODERATE,Predicted vibration 0.138201 exceeds warning limit 0.10
472,2026-06-08 00:03:02,2026-06-08 00:04:02,60,vib_z_rms,XGBoost,0.065683,0.0591078735888004,-0.0065751264111995,NORMAL,NORMAL,NONE,MODERATE,
480,2026-06-08 00:03:04,2026-06-08 00:04:04,60,mag_x,Ridge,264.124,222.1555668276351,-41.96843317236491,LOW_CONFIDENCE,INFO,MODEL_RELIABILITY_WARNING,LOW,Magnetic forecasting model has low predictive reliability based on walk-forward evaluation.
481,2026-06-08 00:03:04,2026-06-08 00:04:04,60,mag_y,Ridge,395.654,228.949420840412,-166.704579159588,LOW_CONFIDENCE,INFO,MODEL_RELIABILITY_WARNING,LOW,Magnetic forecasting model has low predictive reliability based on walk-forward evaluation.
482,2026-06-08 00:03:04,2026-06-08 00:04:04,60,mag_z,Ridge,211.638,232.2521913294795,20.614191329479496,LOW_CONFIDENCE,INFO,MODEL_RELIABILITY_WARNING,LOW,Magnetic forecasting model has low predictive reliability based on walk-forward evaluation.
483,2026-06-08 00:03:04,2026-06-08 00:04:04,60,temperature,Persistence,45.47994853,45.47994853,0.0,NORMAL,NORMAL,NONE,HIGH,
477,2026-06-08 00:03:04,2026-06-08 00:04:04,60,vib_x_rms,XGBoost,0.10172,0.1027409359812736,0.0010209359812736,WARNING,MEDIUM,ELEVATED_VIBRATION,MODERATE,Predicted vibration 0.102741 exceeds warning limit 0.10
478,2026-06-08 00:03:04,2026-06-08 00:04:04,60,vib_y_rms,XGBoost,0.17892,0.1382158994674682,-0.0407041005325317,WARNING,MEDIUM,ELEVATED_VIBRATION,MODERATE,Predicted vibration 0.138216 exceeds warning limit 0.10
479,2026-06-08 00:03:04,2026-06-08 00:04:04,60,vib_z_rms,XGBoost,0.065737,0.0575215183198452,-0.0082154816801548,NORMAL,NORMAL,NONE,MODERATE,
487,2026-06-08 00:03:05,2026-06-08 00:04:05,60,mag_x,Ridge,263.27,227.63933580964544,-35.630664190354565,LOW_CONFIDENCE,INFO,MODEL_RELIABILITY_WARNING,LOW,Magnetic forecasting model has low predictive reliability based on walk-forward evaluation.
488,2026-06-08 00:03:05,2026-06-08 00:04:05,60,mag_y,Ridge,293.65,229.903469377144,-63.74653062285597,LOW_CONFIDENCE,INFO,MODEL_RELIABILITY_WARNING,LOW,Magnetic forecasting model has low predictive reliability based on walk-forward evaluation.
489,2026-06-08 00:03:05,2026-06-08 00:04:05,60,mag_z,Ridge,274.428,236.50131781567137,-37.92668218432863,LOW_CONFIDENCE,INFO,MODEL_RELIABILITY_WARNING,LOW,Magnetic forecasting model has low predictive reliability based on walk-forward evaluation.
490,2026-06-08 00:03:05,2026-06-08 00:04:05,60,temperature,Persistence,45.48395882,45.48395882,0.0,NORMAL,NORMAL,NONE,HIGH,
484,2026-06-08 00:03:05,2026-06-08 00:04:05,60,vib_x_rms,XGBoost,0.107686,0.1016885489225387,-0.0059974510774612,WARNING,MEDIUM,ELEVATED_VIBRATION,MODERATE,Predicted vibration 0.101689 exceeds warning limit 0.10
485,2026-06-08 00:03:05,2026-06-08 00:04:05,60,vib_y_rms,XGBoost,0.145556,0.132245272397995,-0.0133107276020049,WARNING,MEDIUM,ELEVATED_VIBRATION,MODERATE,Predicted vibration 0.132245 exceeds warning limit 0.10
486,2026-06-08 00:03:05,2026-06-08 00:04:05,60,vib_z_rms,XGBoost,0.063461,0.0567741319537162,-0.0066868680462837,NORMAL,NORMAL,NONE,MODERATE,
494,2026-06-08 00:03:07,2026-06-08 00:04:07,60,mag_x,Ridge,379.078,227.1869370780274,-151.89106292197258,LOW_CONFIDENCE,INFO,MODEL_RELIABILITY_WARNING,LOW,Magnetic forecasting model has low predictive reliability based on walk-forward evaluation.
495,2026-06-08 00:03:07,2026-06-08 00:04:07,60,mag_y,Ridge,285.404,222.052365175399,-63.35163482460101,LOW_CONFIDENCE,INFO,MODEL_RELIABILITY_WARNING,LOW,Magnetic forecasting model has low predictive reliability based on walk-forward evaluation.
496,2026-06-08 00:03:07,2026-06-08 00:04:07,60,mag_z,Ridge,185.724,238.14320170463407,52.41920170463408,LOW_CONFIDENCE,INFO,MODEL_RELIABILITY_WARNING,LOW,Magnetic forecasting model has low predictive reliability based on walk-forward evaluation.
497,2026-06-08 00:03:07,2026-06-08 00:04:07,60,temperature,Persistence,45.48716706,45.48716706,0.0,NORMAL,NORMAL,NONE,HIGH,
491,2026-06-08 00:03:07,2026-06-08 00:04:07,60,vib_x_rms,XGBoost,0.110893,0.1018053367733955,-0.0090876632266044,WARNING,MEDIUM,ELEVATED_VIBRATION,MODERATE,Predicted vibration 0.101805 exceeds warning limit 0.10
492,2026-06-08 00:03:07,2026-06-08 00:04:07,60,vib_y_rms,XGBoost,0.168369,0.1316169798374176,-0.0367520201625823,WARNING,MEDIUM,ELEVATED_VIBRATION,MODERATE,Predicted vibration 0.131617 exceeds warning limit 0.10
493,2026-06-08 00:03:07,2026-06-08 00:04:07,60,vib_z_rms,XGBoost,0.055834,0.0582433007657527,0.0024093007657527,NORMAL,NORMAL,NONE,MODERATE,
501,2026-06-08 00:03:08,2026-06-08 00:04:08,60,mag_x,Ridge,283.332,230.7354709106501,-52.59652908934993,LOW_CONFIDENCE,INFO,MODEL_RELIABILITY_WARNING,LOW,Magnetic forecasting model has low predictive reliability based on walk-forward evaluation.
502,2026-06-08 00:03:08,2026-06-08 00:04:08,60,mag_y,Ridge,173.572,221.1711509577012,47.5991509577012,LOW_CONFIDENCE,INFO,MODEL_RELIABILITY_WARNING,LOW,Magnetic forecasting model has low predictive reliability based on walk-forward evaluation.
503,2026-06-08 00:03:08,2026-06-08 00:04:08,60,mag_z,Ridge,317.772,235.0650293673229,-82.7069706326771,LOW_CONFIDENCE,INFO,MODEL_RELIABILITY_WARNING,LOW,Magnetic forecasting model has low predictive reliability based on walk-forward evaluation.
504,2026-06-08 00:03:08,2026-06-08 00:04:08,60,temperature,Persistence,45.48973365,45.48973365,0.0,NORMAL,NORMAL,NONE,HIGH,
498,2026-06-08 00:03:08,2026-06-08 00:04:08,60,vib_x_rms,XGBoost,0.122665,0.1076598167419433,-0.0150051832580566,WARNING,MEDIUM,ELEVATED_VIBRATION,MODERATE,Predicted vibration 0.107660 exceeds warning limit 0.10
499,2026-06-08 00:03:08,2026-06-08 00:04:08,60,vib_y_rms,XGBoost,0.157034,0.1384075731039047,-0.0186264268960952,WARNING,MEDIUM,ELEVATED_VIBRATION,MODERATE,Predicted vibration 0.138408 exceeds warning limit 0.10
500,2026-06-08 00:03:08,2026-06-08 00:04:08,60,vib_z_rms,XGBoost,0.061198,0.0592266470193862,-0.0019713529806137,NORMAL,NORMAL,NONE,MODERATE,
508,2026-06-08 00:03:10,2026-06-08 00:04:10,60,mag_x,Ridge,252.644,236.25953651556372,-16.384463484436253,LOW_CONFIDENCE,INFO,MODEL_RELIABILITY_WARNING,LOW,Magnetic forecasting model has low predictive reliability based on walk-forward evaluation.
509,2026-06-08 00:03:10,2026-06-08 00:04:10,60,mag_y,Ridge,234.514,224.0661331163865,-10.447866883613472,LOW_CONFIDENCE,INFO,MODEL_RELIABILITY_WARNING,LOW,Magnetic forecasting model has low predictive reliability based on walk-forward evaluation.
510,2026-06-08 00:03:10,2026-06-08 00:04:10,60,mag_z,Ridge,451.92,233.91447135507,-218.00552864493005,LOW_CONFIDENCE,INFO,MODEL_RELIABILITY_WARNING,LOW,Magnetic forecasting model has low predictive reliability based on walk-forward evaluation.
511,2026-06-08 00:03:10,2026-06-08 00:04:10,60,temperature,Persistence,45.49178692,45.49178692,0.0,NORMAL,NORMAL,NONE,HIGH,
505,2026-06-08 00:03:10,2026-06-08 00:04:10,60,vib_x_rms,XGBoost,0.124818,0.1057281121611595,-0.0190898878388404,WARNING,MEDIUM,ELEVATED_VIBRATION,MODERATE,Predicted vibration 0.105728 exceeds warning limit 0.10
506,2026-06-08 00:03:10,2026-06-08 00:04:10,60,vib_y_rms,XGBoost,0.159977,0.1373388767242431,-0.0226381232757568,WARNING,MEDIUM,ELEVATED_VIBRATION,MODERATE,Predicted vibration 0.137339 exceeds warning limit 0.10
507,2026-06-08 00:03:10,2026-06-08 00:04:10,60,vib_z_rms,XGBoost,0.078262,0.0602096244692802,-0.0180523755307197,NORMAL,NORMAL,NONE,MODERATE,
515,2026-06-08 00:03:11,2026-06-08 00:04:11,60,mag_x,Ridge,436.814,235.6301567322002,-201.18384326779983,LOW_CONFIDENCE,INFO,MODEL_RELIABILITY_WARNING,LOW,Magnetic forecasting model has low predictive reliability based on walk-forward evaluation.
516,2026-06-08 00:03:11,2026-06-08 00:04:11,60,mag_y,Ridge,92.834,226.3328968972145,133.4988968972145,LOW_CONFIDENCE,INFO,MODEL_RELIABILITY_WARNING,LOW,Magnetic forecasting model has low predictive reliability based on walk-forward evaluation.
517,2026-06-08 00:03:11,2026-06-08 00:04:11,60,mag_z,Ridge,226.954,232.70310912161057,5.749109121610559,LOW_CONFIDENCE,INFO,MODEL_RELIABILITY_WARNING,LOW,Magnetic forecasting model has low predictive reliability based on walk-forward evaluation.
518,2026-06-08 00:03:11,2026-06-08 00:04:11,60,temperature,Persistence,45.49342953,45.49342953,0.0,NORMAL,NORMAL,NONE,HIGH,
512,2026-06-08 00:03:11,2026-06-08 00:04:11,60,vib_x_rms,XGBoost,0.103727,0.1036063209176063,-0.0001206790823936,WARNING,MEDIUM,ELEVATED_VIBRATION,MODERATE,Predicted vibration 0.103606 exceeds warning limit 0.10
513,2026-06-08 00:03:11,2026-06-08 00:04:11,60,vib_y_rms,XGBoost,0.142028,0.1352069824934005,-0.0068210175065994,WARNING,MEDIUM,ELEVATED_VIBRATION,MODERATE,Predicted vibration 0.135207 exceeds warning limit 0.10
514,2026-06-08 00:03:11,2026-06-08 00:04:11,60,vib_z_rms,XGBoost,0.064275,0.0605079270899295,-0.0037670729100704,NORMAL,NORMAL,NONE,MODERATE,
522,2026-06-08 00:03:12,2026-06-08 00:04:12,60,mag_x,Ridge,99.484,235.047223948675,135.563223948675,LOW_CONFIDENCE,INFO,MODEL_RELIABILITY_WARNING,LOW,Magnetic forecasting model has low predictive reliability based on walk-forward evaluation.
523,2026-06-08 00:03:12,2026-06-08 00:04:12,60,mag_y,Ridge,189.322,232.717269881774,43.39526988177397,LOW_CONFIDENCE,INFO,MODEL_RELIABILITY_WARNING,LOW,Magnetic forecasting model has low predictive reliability based on walk-forward evaluation.
524,2026-06-08 00:03:12,2026-06-08 00:04:12,60,mag_z,Ridge,240.156,235.7604448915281,-4.39555510847191,LOW_CONFIDENCE,INFO,MODEL_RELIABILITY_WARNING,LOW,Magnetic forecasting model has low predictive reliability based on walk-forward evaluation.
525,2026-06-08 00:03:12,2026-06-08 00:04:12,60,temperature,Persistence,45.49474363,45.49474363,0.0,NORMAL,NORMAL,NONE,HIGH,
519,2026-06-08 00:03:12,2026-06-08 00:04:12,60,vib_x_rms,XGBoost,0.113903,0.1087145879864692,-0.0051884120135307,WARNING,MEDIUM,ELEVATED_VIBRATION,MODERATE,Predicted vibration 0.108715 exceeds warning limit 0.10
520,2026-06-08 00:03:12,2026-06-08 00:04:12,60,vib_y_rms,XGBoost,0.141517,0.1447223126888275,0.0032053126888275,WARNING,MEDIUM,ELEVATED_VIBRATION,MODERATE,Predicted vibration 0.144722 exceeds warning limit 0.10
521,2026-06-08 00:03:12,2026-06-08 00:04:12,60,vib_z_rms,XGBoost,0.060494,0.0607817955315113,0.0002877955315113,NORMAL,NORMAL,NONE,MODERATE,
529,2026-06-08 00:03:14,2026-06-08 00:04:14,60,mag_x,Ridge,436.576,228.70758014281216,-207.86841985718783,LOW_CONFIDENCE,INFO,MODEL_RELIABILITY_WARNING,LOW,Magnetic forecasting model has low predictive reliability based on walk-forward evaluation.
530,2026-06-08 00:03:14,2026-06-08 00:04:14,60,mag_y,Ridge,47.628,235.6918734216878,188.0638734216878,LOW_CONFIDENCE,INFO,MODEL_RELIABILITY_WARNING,LOW,Magnetic forecasting model has low predictive reliability based on walk-forward evaluation.
531,2026-06-08 00:03:14,2026-06-08 00:04:14,60,mag_z,Ridge,260.736,236.6898638191004,-24.046136180899595,LOW_CONFIDENCE,INFO,MODEL_RELIABILITY_WARNING,LOW,Magnetic forecasting model has low predictive reliability based on walk-forward evaluation.
532,2026-06-08 00:03:14,2026-06-08 00:04:14,60,temperature,Persistence,45.4957949,45.4957949,0.0,NORMAL,NORMAL,NONE,HIGH,
526,2026-06-08 00:03:14,2026-06-08 00:04:14,60,vib_x_rms,XGBoost,0.114184,0.1059911474585533,-0.0081928525414466,WARNING,MEDIUM,ELEVATED_VIBRATION,MODERATE,Predicted vibration 0.105991 exceeds warning limit 0.10
527,2026-06-08 00:03:14,2026-06-08 00:04:14,60,vib_y_rms,XGBoost,0.137644,0.1434879302978515,0.0058439302978515,WARNING,MEDIUM,ELEVATED_VIBRATION,MODERATE,Predicted vibration 0.143488 exceeds warning limit 0.10
528,2026-06-08 00:03:14,2026-06-08 00:04:14,60,vib_z_rms,XGBoost,0.063866,0.0601003617048263,-0.0037656382951736,NORMAL,NORMAL,NONE,MODERATE,
536,2026-06-08 00:03:15,2026-06-08 00:04:15,60,mag_x,Ridge,286.958,233.5322808156268,-53.42571918437324,LOW_CONFIDENCE,INFO,MODEL_RELIABILITY_WARNING,LOW,Magnetic forecasting model has low predictive reliability based on walk-forward evaluation.
537,2026-06-08 00:03:15,2026-06-08 00:04:15,60,mag_y,Ridge,238.952,238.48075671366257,-0.471243286337426,LOW_CONFIDENCE,INFO,MODEL_RELIABILITY_WARNING,LOW,Magnetic forecasting model has low predictive reliability based on walk-forward evaluation.
538,2026-06-08 00:03:15,2026-06-08 00:04:15,60,mag_z,Ridge,420.14,235.603133486017,-184.536866513983,LOW_CONFIDENCE,INFO,MODEL_RELIABILITY_WARNING,LOW,Magnetic forecasting model has low predictive reliability based on walk-forward evaluation.
539,2026-06-08 00:03:15,2026-06-08 00:04:15,60,temperature,Persistence,45.49663592,45.49663592,0.0,NORMAL,NORMAL,NONE,HIGH,
533,2026-06-08 00:03:15,2026-06-08 00:04:15,60,vib_x_rms,XGBoost,0.115566,0.1053130775690078,-0.0102529224309921,WARNING,MEDIUM,ELEVATED_VIBRATION,MODERATE,Predicted vibration 0.105313 exceeds warning limit 0.10
534,2026-06-08 00:03:15,2026-06-08 00:04:15,60,vib_y_rms,XGBoost,0.128213,0.1400271654129028,0.0118141654129028,WARNING,MEDIUM,ELEVATED_VIBRATION,MODERATE,Predicted vibration 0.140027 exceeds warning limit 0.10
535,2026-06-08 00:03:15,2026-06-08 00:04:15,60,vib_z_rms,XGBoost,0.065366,0.0597888492047786,-0.0055771507952213,NORMAL,NORMAL,NONE,MODERATE,
543,2026-06-08 00:03:17,2026-06-08 00:04:17,60,mag_x,Ridge,210.462,232.2533997244775,21.791399724477515,LOW_CONFIDENCE,INFO,MODEL_RELIABILITY_WARNING,LOW,Magnetic forecasting model has low predictive reliability based on walk-forward evaluation.
544,2026-06-08 00:03:17,2026-06-08 00:04:17,60,mag_y,Ridge,445.55,243.45611198420377,-202.09388801579624,LOW_CONFIDENCE,INFO,MODEL_RELIABILITY_WARNING,LOW,Magnetic forecasting model has low predictive reliability based on walk-forward evaluation.
545,2026-06-08 00:03:17,2026-06-08 00:04:17,60,mag_z,Ridge,301.98,234.05488460134112,-67.9251153986589,LOW_CONFIDENCE,INFO,MODEL_RELIABILITY_WARNING,LOW,Magnetic forecasting model has low predictive reliability based on walk-forward evaluation.
546,2026-06-08 00:03:17,2026-06-08 00:04:17,60,temperature,Persistence,45.49730874,45.49730874,0.0,NORMAL,NORMAL,NONE,HIGH,
540,2026-06-08 00:03:17,2026-06-08 00:04:17,60,vib_x_rms,XGBoost,0.096008,0.1058198437094688,0.0098118437094688,WARNING,MEDIUM,ELEVATED_VIBRATION,MODERATE,Predicted vibration 0.105820 exceeds warning limit 0.10
541,2026-06-08 00:03:17,2026-06-08 00:04:17,60,vib_y_rms,XGBoost,0.143888,0.1349056959152221,-0.0089823040847778,WARNING,MEDIUM,ELEVATED_VIBRATION,MODERATE,Predicted vibration 0.134906 exceeds warning limit 0.10
542,2026-06-08 00:03:17,2026-06-08 00:04:17,60,vib_z_rms,XGBoost,0.065539,0.0605505853891372,-0.0049884146108627,NORMAL,NORMAL,NONE,MODERATE,
550,2026-06-08 00:03:18,2026-06-08 00:04:18,60,mag_x,Ridge,400.204,226.67250627405417,-173.53149372594584,LOW_CONFIDENCE,INFO,MODEL_RELIABILITY_WARNING,LOW,Magnetic forecasting model has low predictive reliability based on walk-forward evaluation.
551,2026-06-08 00:03:18,2026-06-08 00:04:18,60,mag_y,Ridge,164.22,238.67158667820007,74.45158667820007,LOW_CONFIDENCE,INFO,MODEL_RELIABILITY_WARNING,LOW,Magnetic forecasting model has low predictive reliability based on walk-forward evaluation.
552,2026-06-08 00:03:18,2026-06-08 00:04:18,60,mag_z,Ridge,245.924,233.79608844183656,-12.127911558163447,LOW_CONFIDENCE,INFO,MODEL_RELIABILITY_WARNING,LOW,Magnetic forecasting model has low predictive reliability based on walk-forward evaluation.
553,2026-06-08 00:03:18,2026-06-08 00:04:18,60,temperature,Persistence,45.49784699,45.49784699,0.0,NORMAL,NORMAL,NONE,HIGH,
547,2026-06-08 00:03:18,2026-06-08 00:04:18,60,vib_x_rms,XGBoost,0.100962,0.1080465242266655,0.0070845242266655,WARNING,MEDIUM,ELEVATED_VIBRATION,MODERATE,Predicted vibration 0.108047 exceeds warning limit 0.10
548,2026-06-08 00:03:18,2026-06-08 00:04:18,60,vib_y_rms,XGBoost,0.130158,0.1420163512229919,0.0118583512229919,WARNING,MEDIUM,ELEVATED_VIBRATION,MODERATE,Predicted vibration 0.142016 exceeds warning limit 0.10
549,2026-06-08 00:03:18,2026-06-08 00:04:18,60,vib_z_rms,XGBoost,0.06159,0.0592838637530803,-0.0023061362469196,NORMAL,NORMAL,NONE,MODERATE,
557,2026-06-08 00:03:20,2026-06-08 00:04:20,60,mag_x,Ridge,372.918,231.42066082224164,-141.49733917775836,LOW_CONFIDENCE,INFO,MODEL_RELIABILITY_WARNING,LOW,Magnetic forecasting model has low predictive reliability based on walk-forward evaluation.
558,2026-06-08 00:03:20,2026-06-08 00:04:20,60,mag_y,Ridge,414.456,232.79279598923543,-181.66320401076456,LOW_CONFIDENCE,INFO,MODEL_RELIABILITY_WARNING,LOW,Magnetic forecasting model has low predictive reliability based on walk-forward evaluation.
559,2026-06-08 00:03:20,2026-06-08 00:04:20,60,mag_z,Ridge,403.662,237.3858888780499,-166.27611112195007,LOW_CONFIDENCE,INFO,MODEL_RELIABILITY_WARNING,LOW,Magnetic forecasting model has low predictive reliability based on walk-forward evaluation.
560,2026-06-08 00:03:20,2026-06-08 00:04:20,60,temperature,Persistence,45.49827759,45.49827759,0.0,NORMAL,NORMAL,NONE,HIGH,
554,2026-06-08 00:03:20,2026-06-08 00:04:20,60,vib_x_rms,XGBoost,0.110796,0.1082739382982254,-0.0025220617017746,WARNING,MEDIUM,ELEVATED_VIBRATION,MODERATE,Predicted vibration 0.108274 exceeds warning limit 0.10
555,2026-06-08 00:03:20,2026-06-08 00:04:20,60,vib_y_rms,XGBoost,0.153815,0.1410191059112548,-0.0127958940887451,WARNING,MEDIUM,ELEVATED_VIBRATION,MODERATE,Predicted vibration 0.141019 exceeds warning limit 0.10
556,2026-06-08 00:03:20,2026-06-08 00:04:20,60,vib_z_rms,XGBoost,0.058236,0.0610936731100082,0.0028576731100082,NORMAL,NORMAL,NONE,MODERATE,
564,2026-06-08 00:03:21,2026-06-08 00:04:21,60,mag_x,Ridge,430.066,228.7539483724441,-201.31205162755583,LOW_CONFIDENCE,INFO,MODEL_RELIABILITY_WARNING,LOW,Magnetic forecasting model has low predictive reliability based on walk-forward evaluation.
565,2026-06-08 00:03:21,2026-06-08 00:04:21,60,mag_y,Ridge,256.522,236.6737688056728,-19.848231194327184,LOW_CONFIDENCE,INFO,MODEL_RELIABILITY_WARNING,LOW,Magnetic forecasting model has low predictive reliability based on walk-forward evaluation.
566,2026-06-08 00:03:21,2026-06-08 00:04:21,60,mag_z,Ridge,104.188,227.7965739650939,123.6085739650939,LOW_CONFIDENCE,INFO,MODEL_RELIABILITY_WARNING,LOW,Magnetic forecasting model has low predictive reliability based on walk-forward evaluation.
567,2026-06-08 00:03:21,2026-06-08 00:04:21,60,temperature,Persistence,45.49862207,45.49862207,0.0,NORMAL,NORMAL,NONE,HIGH,
561,2026-06-08 00:03:21,2026-06-08 00:04:21,60,vib_x_rms,XGBoost,0.110348,0.10576693713665,-0.0045810628633499,WARNING,MEDIUM,ELEVATED_VIBRATION,MODERATE,Predicted vibration 0.105767 exceeds warning limit 0.10
562,2026-06-08 00:03:21,2026-06-08 00:04:21,60,vib_y_rms,XGBoost,0.128802,0.1462727338075637,0.0174707338075637,WARNING,MEDIUM,ELEVATED_VIBRATION,MODERATE,Predicted vibration 0.146273 exceeds warning limit 0.10
563,2026-06-08 00:03:21,2026-06-08 00:04:21,60,vib_z_rms,XGBoost,0.057357,0.0608952082693576,0.0035382082693576,NORMAL,NORMAL,NONE,MODERATE,
571,2026-06-08 00:03:22,2026-06-08 00:04:22,60,mag_x,Ridge,78.652,232.6265127620173,153.97451276201735,LOW_CONFIDENCE,INFO,MODEL_RELIABILITY_WARNING,LOW,Magnetic forecasting model has low predictive reliability based on walk-forward evaluation.
572,2026-06-08 00:03:22,2026-06-08 00:04:22,60,mag_y,Ridge,23.086,232.267532789376,209.18153278937604,LOW_CONFIDENCE,INFO,MODEL_RELIABILITY_WARNING,LOW,Magnetic forecasting model has low predictive reliability based on walk-forward evaluation.
573,2026-06-08 00:03:22,2026-06-08 00:04:22,60,mag_z,Ridge,328.846,233.5745403454956,-95.27145965450444,LOW_CONFIDENCE,INFO,MODEL_RELIABILITY_WARNING,LOW,Magnetic forecasting model has low predictive reliability based on walk-forward evaluation.
574,2026-06-08 00:03:22,2026-06-08 00:04:22,60,temperature,Persistence,45.49889766,45.49889766,0.0,NORMAL,NORMAL,NONE,HIGH,
568,2026-06-08 00:03:22,2026-06-08 00:04:22,60,vib_x_rms,XGBoost,0.106366,0.109189935028553,0.002823935028553,WARNING,MEDIUM,ELEVATED_VIBRATION,MODERATE,Predicted vibration 0.109190 exceeds warning limit 0.10
569,2026-06-08 00:03:22,2026-06-08 00:04:22,60,vib_y_rms,XGBoost,0.123781,0.1393337249755859,0.0155527249755859,WARNING,MEDIUM,ELEVATED_VIBRATION,MODERATE,Predicted vibration 0.139334 exceeds warning limit 0.10
570,2026-06-08 00:03:22,2026-06-08 00:04:22,60,vib_z_rms,XGBoost,0.06475,0.0613467469811439,-0.003403253018856,NORMAL,NORMAL,NONE,MODERATE,
578,2026-06-08 00:03:24,2026-06-08 00:04:24,60,mag_x,Ridge,386.792,224.50854933999076,-162.28345066000924,LOW_CONFIDENCE,INFO,MODEL_RELIABILITY_WARNING,LOW,Magnetic forecasting model has low predictive reliability based on walk-forward evaluation.
579,2026-06-08 00:03:24,2026-06-08 00:04:24,60,mag_y,Ridge,117.95,240.6390182642856,122.68901826428556,LOW_CONFIDENCE,INFO,MODEL_RELIABILITY_WARNING,LOW,Magnetic forecasting model has low predictive reliability based on walk-forward evaluation.
580,2026-06-08 00:03:24,2026-06-08 00:04:24,60,mag_z,Ridge,38.066,234.8672146777771,196.8012146777771,LOW_CONFIDENCE,INFO,MODEL_RELIABILITY_WARNING,LOW,Magnetic forecasting model has low predictive reliability based on walk-forward evaluation.
581,2026-06-08 00:03:24,2026-06-08 00:04:24,60,temperature,Persistence,45.49911813,45.49911813,0.0,NORMAL,NORMAL,NONE,HIGH,
575,2026-06-08 00:03:24,2026-06-08 00:04:24,60,vib_x_rms,XGBoost,0.122724,0.1057408303022384,-0.0169831696977615,WARNING,MEDIUM,ELEVATED_VIBRATION,MODERATE,Predicted vibration 0.105741 exceeds warning limit 0.10
576,2026-06-08 00:03:24,2026-06-08 00:04:24,60,vib_y_rms,XGBoost,0.121835,0.1402759253978729,0.0184409253978729,WARNING,MEDIUM,ELEVATED_VIBRATION,MODERATE,Predicted vibration 0.140276 exceeds warning limit 0.10
577,2026-06-08 00:03:24,2026-06-08 00:04:24,60,vib_z_rms,XGBoost,0.058962,0.0611431933939456,0.0021811933939456,NORMAL,NORMAL,NONE,MODERATE,
585,2026-06-08 00:03:25,2026-06-08 00:04:25,60,mag_x,Ridge,448.63,228.69700312651523,-219.9329968734848,LOW_CONFIDENCE,INFO,MODEL_RELIABILITY_WARNING,LOW,Magnetic forecasting model has low predictive reliability based on walk-forward evaluation.
586,2026-06-08 00:03:25,2026-06-08 00:04:25,60,mag_y,Ridge,84.168,228.64149761328315,144.47349761328314,LOW_CONFIDENCE,INFO,MODEL_RELIABILITY_WARNING,LOW,Magnetic forecasting model has low predictive reliability based on walk-forward evaluation.
587,2026-06-08 00:03:25,2026-06-08 00:04:25,60,mag_z,Ridge,215.166,225.1817742791253,10.015774279125338,LOW_CONFIDENCE,INFO,MODEL_RELIABILITY_WARNING,LOW,Magnetic forecasting model has low predictive reliability based on walk-forward evaluation.
588,2026-06-08 00:03:25,2026-06-08 00:04:25,60,temperature,Persistence,45.4492945,45.4492945,0.0,NORMAL,NORMAL,NONE,HIGH,
582,2026-06-08 00:03:25,2026-06-08 00:04:25,60,vib_x_rms,XGBoost,0.113117,0.1059000492095947,-0.0072169507904052,WARNING,MEDIUM,ELEVATED_VIBRATION,MODERATE,Predicted vibration 0.105900 exceeds warning limit 0.10
583,2026-06-08 00:03:25,2026-06-08 00:04:25,60,vib_y_rms,XGBoost,0.121872,0.1391704827547073,0.0172984827547073,WARNING,MEDIUM,ELEVATED_VIBRATION,MODERATE,Predicted vibration 0.139170 exceeds warning limit 0.10
584,2026-06-08 00:03:25,2026-06-08 00:04:25,60,vib_z_rms,XGBoost,0.059468,0.0616360008716583,0.0021680008716583,NORMAL,NORMAL,NONE,MODERATE,
592,2026-06-08 00:03:27,2026-06-08 00:04:27,60,mag_x,Ridge,85.246,229.366021380529,144.120021380529,LOW_CONFIDENCE,INFO,MODEL_RELIABILITY_WARNING,LOW,Magnetic forecasting model has low predictive reliability based on walk-forward evaluation.
593,2026-06-08 00:03:27,2026-06-08 00:04:27,60,mag_y,Ridge,228.886,237.4335396535429,8.547539653542913,LOW_CONFIDENCE,INFO,MODEL_RELIABILITY_WARNING,LOW,Magnetic forecasting model has low predictive reliability based on walk-forward evaluation.
594,2026-06-08 00:03:27,2026-06-08 00:04:27,60,mag_z,Ridge,224.84,225.3569542988463,0.5169542988462865,LOW_CONFIDENCE,INFO,MODEL_RELIABILITY_WARNING,LOW,Magnetic forecasting model has low predictive reliability based on walk-forward evaluation.
595,2026-06-08 00:03:27,2026-06-08 00:04:27,60,temperature,Persistence,45.4594356,45.4594356,0.0,NORMAL,NORMAL,NONE,HIGH,
589,2026-06-08 00:03:27,2026-06-08 00:04:27,60,vib_x_rms,XGBoost,0.103605,0.1041538566350936,0.0005488566350936,WARNING,MEDIUM,ELEVATED_VIBRATION,MODERATE,Predicted vibration 0.104154 exceeds warning limit 0.10
590,2026-06-08 00:03:27,2026-06-08 00:04:27,60,vib_y_rms,XGBoost,0.115004,0.1398841142654419,0.0248801142654419,WARNING,MEDIUM,ELEVATED_VIBRATION,MODERATE,Predicted vibration 0.139884 exceeds warning limit 0.10
591,2026-06-08 00:03:27,2026-06-08 00:04:27,60,vib_z_rms,XGBoost,0.054512,0.0620553866028785,0.0075433866028785,NORMAL,NORMAL,NONE,MODERATE,
599,2026-06-08 00:03:28,2026-06-08 00:04:28,60,mag_x,Ridge,307.37,218.74860530988295,-88.62139469011703,LOW_CONFIDENCE,INFO,MODEL_RELIABILITY_WARNING,LOW,Magnetic forecasting model has low predictive reliability based on walk-forward evaluation.
600,2026-06-08 00:03:28,2026-06-08 00:04:28,60,mag_y,Ridge,339.668,236.32501332485123,-103.34298667514878,LOW_CONFIDENCE,INFO,MODEL_RELIABILITY_WARNING,LOW,Magnetic forecasting model has low predictive reliability based on walk-forward evaluation.
601,2026-06-08 00:03:28,2026-06-08 00:04:28,60,mag_z,Ridge,366.968,225.3259520180992,-141.64204798190082,LOW_CONFIDENCE,INFO,MODEL_RELIABILITY_WARNING,LOW,Magnetic forecasting model has low predictive reliability based on walk-forward evaluation.
602,2026-06-08 00:03:28,2026-06-08 00:04:28,60,temperature,Persistence,45.46754848,45.46754848,0.0,NORMAL,NORMAL,NONE,HIGH,
596,2026-06-08 00:03:28,2026-06-08 00:04:28,60,vib_x_rms,XGBoost,0.108069,0.1028635054826736,-0.0052054945173263,WARNING,MEDIUM,ELEVATED_VIBRATION,MODERATE,Predicted vibration 0.102864 exceeds warning limit 0.10
597,2026-06-08 00:03:28,2026-06-08 00:04:28,60,vib_y_rms,XGBoost,0.124097,0.1377198547124862,0.0136228547124862,WARNING,MEDIUM,ELEVATED_VIBRATION,MODERATE,Predicted vibration 0.137720 exceeds warning limit 0.10
598,2026-06-08 00:03:28,2026-06-08 00:04:28,60,vib_z_rms,XGBoost,0.068221,0.0612624026834964,-0.0069585973165035,NORMAL,NORMAL,NONE,MODERATE,
606,2026-06-08 00:03:30,2026-06-08 00:04:30,60,mag_x,Ridge,221.312,226.08760304616067,4.775603046160654,LOW_CONFIDENCE,INFO,MODEL_RELIABILITY_WARNING,LOW,Magnetic forecasting model has low predictive reliability based on walk-forward evaluation.
607,2026-06-08 00:03:30,2026-06-08 00:04:30,60,mag_y,Ridge,273.322,237.5472325213381,-35.774767478661914,LOW_CONFIDENCE,INFO,MODEL_RELIABILITY_WARNING,LOW,Magnetic forecasting model has low predictive reliability based on walk-forward evaluation.
608,2026-06-08 00:03:30,2026-06-08 00:04:30,60,mag_z,Ridge,190.54,230.1095132561462,39.5695132561462,LOW_CONFIDENCE,INFO,MODEL_RELIABILITY_WARNING,LOW,Magnetic forecasting model has low predictive reliability based on walk-forward evaluation.
609,2026-06-08 00:03:30,2026-06-08 00:04:30,60,temperature,Persistence,45.47403878,45.47403878,0.0,NORMAL,NORMAL,NONE,HIGH,
603,2026-06-08 00:03:30,2026-06-08 00:04:30,60,vib_x_rms,XGBoost,0.09079,0.1049869135022163,0.0141969135022163,WARNING,MEDIUM,ELEVATED_VIBRATION,MODERATE,Predicted vibration 0.104987 exceeds warning limit 0.10
604,2026-06-08 00:03:30,2026-06-08 00:04:30,60,vib_y_rms,XGBoost,0.14979,0.139611929655075,-0.0101780703449249,WARNING,MEDIUM,ELEVATED_VIBRATION,MODERATE,Predicted vibration 0.139612 exceeds warning limit 0.10
605,2026-06-08 00:03:30,2026-06-08 00:04:30,60,vib_z_rms,XGBoost,0.053652,0.0619964711368083,0.0083444711368083,NORMAL,NORMAL,NONE,MODERATE,
613,2026-06-08 00:03:31,2026-06-08 00:04:31,60,mag_x,Ridge,115.878,225.3197226178312,109.44172261783116,LOW_CONFIDENCE,INFO,MODEL_RELIABILITY_WARNING,LOW,Magnetic forecasting model has low predictive reliability based on walk-forward evaluation.
614,2026-06-08 00:03:31,2026-06-08 00:04:31,60,mag_y,Ridge,180.726,231.68726818629852,50.96126818629856,LOW_CONFIDENCE,INFO,MODEL_RELIABILITY_WARNING,LOW,Magnetic forecasting model has low predictive reliability based on walk-forward evaluation.
615,2026-06-08 00:03:31,2026-06-08 00:04:31,60,mag_z,Ridge,141.498,224.07381200687357,82.57581200687355,LOW_CONFIDENCE,INFO,MODEL_RELIABILITY_WARNING,LOW,Magnetic forecasting model has low predictive reliability based on walk-forward evaluation.
616,2026-06-08 00:03:31,2026-06-08 00:04:31,60,temperature,Persistence,45.42923103,45.42923103,0.0,NORMAL,NORMAL,NONE,HIGH,
610,2026-06-08 00:03:31,2026-06-08 00:04:31,60,vib_x_rms,XGBoost,0.120768,0.104201003909111,-0.0165669960908889,WARNING,MEDIUM,ELEVATED_VIBRATION,MODERATE,Predicted vibration 0.104201 exceeds warning limit 0.10
611,2026-06-08 00:03:31,2026-06-08 00:04:31,60,vib_y_rms,XGBoost,0.13839,0.1416225880384445,0.0032325880384445,WARNING,MEDIUM,ELEVATED_VIBRATION,MODERATE,Predicted vibration 0.141623 exceeds warning limit 0.10
612,2026-06-08 00:03:31,2026-06-08 00:04:31,60,vib_z_rms,XGBoost,0.066991,0.0633619651198387,-0.0036290348801612,NORMAL,NORMAL,NONE,MODERATE,
620,2026-06-08 00:03:33,2026-06-08 00:04:33,60,mag_x,Ridge,396.158,223.73480317641187,-172.42319682358814,LOW_CONFIDENCE,INFO,MODEL_RELIABILITY_WARNING,LOW,Magnetic forecasting model has low predictive reliability based on walk-forward evaluation.
621,2026-06-08 00:03:33,2026-06-08 00:04:33,60,mag_y,Ridge,420.154,238.9574259388645,-181.1965740611355,LOW_CONFIDENCE,INFO,MODEL_RELIABILITY_WARNING,LOW,Magnetic forecasting model has low predictive reliability based on walk-forward evaluation.
622,2026-06-08 00:03:33,2026-06-08 00:04:33,60,mag_z,Ridge,19.222,223.232955095522,204.010955095522,LOW_CONFIDENCE,INFO,MODEL_RELIABILITY_WARNING,LOW,Magnetic forecasting model has low predictive reliability based on walk-forward evaluation.
623,2026-06-08 00:03:33,2026-06-08 00:04:33,60,temperature,Persistence,45.44338482,45.44338482,0.0,NORMAL,NORMAL,NONE,HIGH,
617,2026-06-08 00:03:33,2026-06-08 00:04:33,60,vib_x_rms,XGBoost,0.128069,0.10194131731987,-0.0261276826801299,WARNING,MEDIUM,ELEVATED_VIBRATION,MODERATE,Predicted vibration 0.101941 exceeds warning limit 0.10
618,2026-06-08 00:03:33,2026-06-08 00:04:33,60,vib_y_rms,XGBoost,0.129129,0.1373694539070129,0.0082404539070129,WARNING,MEDIUM,ELEVATED_VIBRATION,MODERATE,Predicted vibration 0.137369 exceeds warning limit 0.10
619,2026-06-08 00:03:33,2026-06-08 00:04:33,60,vib_z_rms,XGBoost,0.070776,0.0601453706622123,-0.0106306293377876,NORMAL,NORMAL,NONE,MODERATE,
627,2026-06-08 00:03:34,2026-06-08 00:04:34,60,mag_x,Ridge,348.054,229.7462610002789,-118.30773899972104,LOW_CONFIDENCE,INFO,MODEL_RELIABILITY_WARNING,LOW,Magnetic forecasting model has low predictive reliability based on walk-forward evaluation.
628,2026-06-08 00:03:34,2026-06-08 00:04:34,60,mag_y,Ridge,382.634,232.62414679026884,-150.00985320973118,LOW_CONFIDENCE,INFO,MODEL_RELIABILITY_WARNING,LOW,Magnetic forecasting model has low predictive reliability based on walk-forward evaluation.
629,2026-06-08 00:03:34,2026-06-08 00:04:34,60,mag_z,Ridge,309.274,233.17246549228065,-76.10153450771935,LOW_CONFIDENCE,INFO,MODEL_RELIABILITY_WARNING,LOW,Magnetic forecasting model has low predictive reliability based on walk-forward evaluation.
630,2026-06-08 00:03:34,2026-06-08 00:04:34,60,temperature,Persistence,45.45470786,45.45470786,0.0,NORMAL,NORMAL,NONE,HIGH,
624,2026-06-08 00:03:34,2026-06-08 00:04:34,60,vib_x_rms,XGBoost,0.113553,0.1036261692643165,-0.0099268307356834,WARNING,MEDIUM,ELEVATED_VIBRATION,MODERATE,Predicted vibration 0.103626 exceeds warning limit 0.10
625,2026-06-08 00:03:34,2026-06-08 00:04:34,60,vib_y_rms,XGBoost,0.133197,0.1388304829597473,0.0056334829597473,WARNING,MEDIUM,ELEVATED_VIBRATION,MODERATE,Predicted vibration 0.138830 exceeds warning limit 0.10
626,2026-06-08 00:03:34,2026-06-08 00:04:34,60,vib_z_rms,XGBoost,0.063865,0.0589751712977886,-0.0048898287022113,NORMAL,NORMAL,NONE,MODERATE,
634,2026-06-08 00:03:35,2026-06-08 00:04:35,60,mag_x,Ridge,261.016,229.3770719312953,-31.63892806870473,LOW_CONFIDENCE,INFO,MODEL_RELIABILITY_WARNING,LOW,Magnetic forecasting model has low predictive reliability based on walk-forward evaluation.
635,2026-06-08 00:03:35,2026-06-08 00:04:35,60,mag_y,Ridge,54.768,221.7824687725034,167.0144687725034,LOW_CONFIDENCE,INFO,MODEL_RELIABILITY_WARNING,LOW,Magnetic forecasting model has low predictive reliability based on walk-forward evaluation.
636,2026-06-08 00:03:35,2026-06-08 00:04:35,60,mag_z,Ridge,83.118,230.44477999915213,147.32677999915214,LOW_CONFIDENCE,INFO,MODEL_RELIABILITY_WARNING,LOW,Magnetic forecasting model has low predictive reliability based on walk-forward evaluation.
637,2026-06-08 00:03:35,2026-06-08 00:04:35,60,temperature,Persistence,45.46376629,45.46376629,0.0,NORMAL,NORMAL,NONE,HIGH,
631,2026-06-08 00:03:35,2026-06-08 00:04:35,60,vib_x_rms,XGBoost,0.115575,0.1032044440507888,-0.0123705559492111,WARNING,MEDIUM,ELEVATED_VIBRATION,MODERATE,Predicted vibration 0.103204 exceeds warning limit 0.10
632,2026-06-08 00:03:35,2026-06-08 00:04:35,60,vib_y_rms,XGBoost,0.148935,0.1401154994964599,-0.00881950050354,WARNING,MEDIUM,ELEVATED_VIBRATION,MODERATE,Predicted vibration 0.140115 exceeds warning limit 0.10
633,2026-06-08 00:03:35,2026-06-08 00:04:35,60,vib_z_rms,XGBoost,0.06791,0.0595812872052192,-0.0083287127947807,NORMAL,NORMAL,NONE,MODERATE,
641,2026-06-08 00:03:37,2026-06-08 00:04:37,60,mag_x,Ridge,11.606,225.60457932518503,213.99857932518503,LOW_CONFIDENCE,INFO,MODEL_RELIABILITY_WARNING,LOW,Magnetic forecasting model has low predictive reliability based on walk-forward evaluation.
642,2026-06-08 00:03:37,2026-06-08 00:04:37,60,mag_y,Ridge,106.484,225.97983208075084,119.49583208075084,LOW_CONFIDENCE,INFO,MODEL_RELIABILITY_WARNING,LOW,Magnetic forecasting model has low predictive reliability based on walk-forward evaluation.
643,2026-06-08 00:03:37,2026-06-08 00:04:37,60,mag_z,Ridge,156.254,231.82512991813465,75.57112991813463,LOW_CONFIDENCE,INFO,MODEL_RELIABILITY_WARNING,LOW,Magnetic forecasting model has low predictive reliability based on walk-forward evaluation.
644,2026-06-08 00:03:37,2026-06-08 00:04:37,60,temperature,Persistence,45.47101303,45.47101303,0.0,NORMAL,NORMAL,NONE,HIGH,
638,2026-06-08 00:03:37,2026-06-08 00:04:37,60,vib_x_rms,XGBoost,0.111316,0.1058937087655067,-0.0054222912344932,WARNING,MEDIUM,ELEVATED_VIBRATION,MODERATE,Predicted vibration 0.105894 exceeds warning limit 0.10
639,2026-06-08 00:03:37,2026-06-08 00:04:37,60,vib_y_rms,XGBoost,0.171592,0.1438432335853576,-0.0277487664146423,WARNING,MEDIUM,ELEVATED_VIBRATION,MODERATE,Predicted vibration 0.143843 exceeds warning limit 0.10
640,2026-06-08 00:03:37,2026-06-08 00:04:37,60,vib_z_rms,XGBoost,0.064407,0.0591135434806346,-0.0052934565193653,NORMAL,NORMAL,NONE,MODERATE,
648,2026-06-08 00:03:38,2026-06-08 00:04:38,60,mag_x,Ridge,218.092,226.82215404886583,8.730154048865813,LOW_CONFIDENCE,INFO,MODEL_RELIABILITY_WARNING,LOW,Magnetic forecasting model has low predictive reliability based on walk-forward evaluation.
649,2026-06-08 00:03:38,2026-06-08 00:04:38,60,mag_y,Ridge,333.144,225.51585288764417,-107.62814711235583,LOW_CONFIDENCE,INFO,MODEL_RELIABILITY_WARNING,LOW,Magnetic forecasting model has low predictive reliability based on walk-forward evaluation.
650,2026-06-08 00:03:38,2026-06-08 00:04:38,60,mag_z,Ridge,426.65,229.29199916784452,-197.35800083215543,LOW_CONFIDENCE,INFO,MODEL_RELIABILITY_WARNING,LOW,Magnetic forecasting model has low predictive reliability based on walk-forward evaluation.
651,2026-06-08 00:03:38,2026-06-08 00:04:38,60,temperature,Persistence,45.47681042,45.47681042,0.0,NORMAL,NORMAL,NONE,HIGH,
645,2026-06-08 00:03:38,2026-06-08 00:04:38,60,vib_x_rms,XGBoost,0.112909,0.1113033667206764,-0.0016056332793235,WARNING,MEDIUM,ELEVATED_VIBRATION,MODERATE,Predicted vibration 0.111303 exceeds warning limit 0.10
646,2026-06-08 00:03:38,2026-06-08 00:04:38,60,vib_y_rms,XGBoost,0.153098,0.1406714916229248,-0.0124265083770752,WARNING,MEDIUM,ELEVATED_VIBRATION,MODERATE,Predicted vibration 0.140671 exceeds warning limit 0.10
647,2026-06-08 00:03:38,2026-06-08 00:04:38,60,vib_z_rms,XGBoost,0.071838,0.0602060332894325,-0.0116319667105674,NORMAL,NORMAL,NONE,MODERATE,
655,2026-06-08 00:03:40,2026-06-08 00:04:40,60,mag_x,Ridge,212.94,225.7088498759525,12.768849875952498,LOW_CONFIDENCE,INFO,MODEL_RELIABILITY_WARNING,LOW,Magnetic forecasting model has low predictive reliability based on walk-forward evaluation.
656,2026-06-08 00:03:40,2026-06-08 00:04:40,60,mag_y,Ridge,264.964,225.49284112862037,-39.47115887137966,LOW_CONFIDENCE,INFO,MODEL_RELIABILITY_WARNING,LOW,Magnetic forecasting model has low predictive reliability based on walk-forward evaluation.
657,2026-06-08 00:03:40,2026-06-08 00:04:40,60,mag_z,Ridge,311.052,221.99022316105044,-89.06177683894958,LOW_CONFIDENCE,INFO,MODEL_RELIABILITY_WARNING,LOW,Magnetic forecasting model has low predictive reliability based on walk-forward evaluation.
658,2026-06-08 00:03:40,2026-06-08 00:04:40,60,temperature,Persistence,45.48144834,45.48144834,0.0,NORMAL,NORMAL,NONE,HIGH,
652,2026-06-08 00:03:40,2026-06-08 00:04:40,60,vib_x_rms,XGBoost,0.107422,0.1067491620779037,-0.0006728379220962,WARNING,MEDIUM,ELEVATED_VIBRATION,MODERATE,Predicted vibration 0.106749 exceeds warning limit 0.10
653,2026-06-08 00:03:40,2026-06-08 00:04:40,60,vib_y_rms,XGBoost,0.145137,0.1417673379182815,-0.0033696620817184,WARNING,MEDIUM,ELEVATED_VIBRATION,MODERATE,Predicted vibration 0.141767 exceeds warning limit 0.10
654,2026-06-08 00:03:40,2026-06-08 00:04:40,60,vib_z_rms,XGBoost,0.064736,0.0604052655398845,-0.0043307344601154,NORMAL,NORMAL,NONE,MODERATE,
662,2026-06-08 00:03:41,2026-06-08 00:04:41,60,mag_x,Ridge,162.498,228.4751517026484,65.9771517026484,LOW_CONFIDENCE,INFO,MODEL_RELIABILITY_WARNING,LOW,Magnetic forecasting model has low predictive reliability based on walk-forward evaluation.
663,2026-06-08 00:03:41,2026-06-08 00:04:41,60,mag_y,Ridge,248.99,225.3542405567278,-23.635759443272207,LOW_CONFIDENCE,INFO,MODEL_RELIABILITY_WARNING,LOW,Magnetic forecasting model has low predictive reliability based on walk-forward evaluation.
664,2026-06-08 00:03:41,2026-06-08 00:04:41,60,mag_z,Ridge,174.496,229.62957901478407,55.13357901478406,LOW_CONFIDENCE,INFO,MODEL_RELIABILITY_WARNING,LOW,Magnetic forecasting model has low predictive reliability based on walk-forward evaluation.
665,2026-06-08 00:03:41,2026-06-08 00:04:41,60,temperature,Persistence,45.48515867,45.48515867,0.0,NORMAL,NORMAL,NONE,HIGH,
659,2026-06-08 00:03:41,2026-06-08 00:04:41,60,vib_x_rms,XGBoost,0.10419,0.107749342918396,0.0035593429183959,WARNING,MEDIUM,ELEVATED_VIBRATION,MODERATE,Predicted vibration 0.107749 exceeds warning limit 0.10
660,2026-06-08 00:03:41,2026-06-08 00:04:41,60,vib_y_rms,XGBoost,0.139618,0.1407684236764907,0.0011504236764907,WARNING,MEDIUM,ELEVATED_VIBRATION,MODERATE,Predicted vibration 0.140768 exceeds warning limit 0.10
661,2026-06-08 00:03:41,2026-06-08 00:04:41,60,vib_z_rms,XGBoost,0.060415,0.0605319067835807,0.0001169067835807,NORMAL,NORMAL,NONE,MODERATE,
669,2026-06-08 00:03:43,2026-06-08 00:04:43,60,mag_x,Ridge,351.638,230.73104519438004,-120.90695480561992,LOW_CONFIDENCE,INFO,MODEL_RELIABILITY_WARNING,LOW,Magnetic forecasting model has low predictive reliability based on walk-forward evaluation.
670,2026-06-08 00:03:43,2026-06-08 00:04:43,60,mag_y,Ridge,142.128,219.21913094471,77.09113094471002,LOW_CONFIDENCE,INFO,MODEL_RELIABILITY_WARNING,LOW,Magnetic forecasting model has low predictive reliability based on walk-forward evaluation.
671,2026-06-08 00:03:43,2026-06-08 00:04:43,60,mag_z,Ridge,215.768,228.9136104401531,13.145610440153092,LOW_CONFIDENCE,INFO,MODEL_RELIABILITY_WARNING,LOW,Magnetic forecasting model has low predictive reliability based on walk-forward evaluation.
672,2026-06-08 00:03:43,2026-06-08 00:04:43,60,temperature,Persistence,45.48812694,45.48812694,0.0,NORMAL,NORMAL,NONE,HIGH,
666,2026-06-08 00:03:43,2026-06-08 00:04:43,60,vib_x_rms,XGBoost,0.101739,0.1053375899791717,0.0035985899791717,WARNING,MEDIUM,ELEVATED_VIBRATION,MODERATE,Predicted vibration 0.105338 exceeds warning limit 0.10
667,2026-06-08 00:03:43,2026-06-08 00:04:43,60,vib_y_rms,XGBoost,0.147668,0.1412328779697418,-0.0064351220302581,WARNING,MEDIUM,ELEVATED_VIBRATION,MODERATE,Predicted vibration 0.141233 exceeds warning limit 0.10
668,2026-06-08 00:03:43,2026-06-08 00:04:43,60,vib_z_rms,XGBoost,0.061968,0.0603246577084064,-0.0016433422915935,NORMAL,NORMAL,NONE,MODERATE,
676,2026-06-08 00:03:44,2026-06-08 00:04:44,60,mag_x,Ridge,169.33,231.3813397104916,62.05133971049159,LOW_CONFIDENCE,INFO,MODEL_RELIABILITY_WARNING,LOW,Magnetic forecasting model has low predictive reliability based on walk-forward evaluation.
677,2026-06-08 00:03:44,2026-06-08 00:04:44,60,mag_y,Ridge,107.618,224.6094748270901,116.99147482709012,LOW_CONFIDENCE,INFO,MODEL_RELIABILITY_WARNING,LOW,Magnetic forecasting model has low predictive reliability based on walk-forward evaluation.
678,2026-06-08 00:03:44,2026-06-08 00:04:44,60,mag_z,Ridge,42.798,233.63691305173427,190.83891305173427,LOW_CONFIDENCE,INFO,MODEL_RELIABILITY_WARNING,LOW,Magnetic forecasting model has low predictive reliability based on walk-forward evaluation.
679,2026-06-08 00:03:44,2026-06-08 00:04:44,60,temperature,Persistence,45.49050155,45.49050155,0.0,NORMAL,NORMAL,NONE,HIGH,
673,2026-06-08 00:03:44,2026-06-08 00:04:44,60,vib_x_rms,XGBoost,0.120241,0.106671318411827,-0.0135696815881729,WARNING,MEDIUM,ELEVATED_VIBRATION,MODERATE,Predicted vibration 0.106671 exceeds warning limit 0.10
674,2026-06-08 00:03:44,2026-06-08 00:04:44,60,vib_y_rms,XGBoost,0.126641,0.1388798803091049,0.0122388803091049,WARNING,MEDIUM,ELEVATED_VIBRATION,MODERATE,Predicted vibration 0.138880 exceeds warning limit 0.10
675,2026-06-08 00:03:44,2026-06-08 00:04:44,60,vib_z_rms,XGBoost,0.054317,0.0611836053431034,0.0068666053431034,NORMAL,NORMAL,NONE,MODERATE,
683,2026-06-08 00:03:45,2026-06-08 00:04:45,60,mag_x,Ridge,456.022,228.11932957806005,-227.90267042193997,LOW_CONFIDENCE,INFO,MODEL_RELIABILITY_WARNING,LOW,Magnetic forecasting model has low predictive reliability based on walk-forward evaluation.
684,2026-06-08 00:03:45,2026-06-08 00:04:45,60,mag_y,Ridge,46.648,226.73402986534987,180.08602986534987,LOW_CONFIDENCE,INFO,MODEL_RELIABILITY_WARNING,LOW,Magnetic forecasting model has low predictive reliability based on walk-forward evaluation.
685,2026-06-08 00:03:45,2026-06-08 00:04:45,60,mag_z,Ridge,39.718,235.914263932991,196.19626393299097,LOW_CONFIDENCE,INFO,MODEL_RELIABILITY_WARNING,LOW,Magnetic forecasting model has low predictive reliability based on walk-forward evaluation.
686,2026-06-08 00:03:45,2026-06-08 00:04:45,60,temperature,Persistence,45.49240124,45.49240124,0.0,NORMAL,NORMAL,NONE,HIGH,
680,2026-06-08 00:03:45,2026-06-08 00:04:45,60,vib_x_rms,XGBoost,0.116869,0.0996487140655517,-0.0172202859344482,NORMAL,NORMAL,NONE,MODERATE,
681,2026-06-08 00:03:45,2026-06-08 00:04:45,60,vib_y_rms,XGBoost,0.1482,0.13323275744915,-0.0149672425508499,WARNING,MEDIUM,ELEVATED_VIBRATION,MODERATE,Predicted vibration 0.133233 exceeds warning limit 0.10
682,2026-06-08 00:03:45,2026-06-08 00:04:45,60,vib_z_rms,XGBoost,0.057602,0.0613849945366382,0.0037829945366382,NORMAL,NORMAL,NONE,MODERATE,
690,2026-06-08 00:03:47,2026-06-08 00:04:47,60,mag_x,Ridge,399.07,230.22097980767768,-168.8490201923223,LOW_CONFIDENCE,INFO,MODEL_RELIABILITY_WARNING,LOW,Magnetic forecasting model has low predictive reliability based on walk-forward evaluation.
691,2026-06-08 00:03:47,2026-06-08 00:04:47,60,mag_y,Ridge,147.616,220.4615898267496,72.84558982674955,LOW_CONFIDENCE,INFO,MODEL_RELIABILITY_WARNING,LOW,Magnetic forecasting model has low predictive reliability based on walk-forward evaluation.
692,2026-06-08 00:03:47,2026-06-08 00:04:47,60,mag_z,Ridge,22.386,230.66415156246325,208.27815156246325,LOW_CONFIDENCE,INFO,MODEL_RELIABILITY_WARNING,LOW,Magnetic forecasting model has low predictive reliability based on walk-forward evaluation.
693,2026-06-08 00:03:47,2026-06-08 00:04:47,60,temperature,Persistence,45.49392099,45.49392099,0.0,NORMAL,NORMAL,NONE,HIGH,
687,2026-06-08 00:03:47,2026-06-08 00:04:47,60,vib_x_rms,XGBoost,0.115469,0.1035716608166694,-0.0118973391833305,WARNING,MEDIUM,ELEVATED_VIBRATION,MODERATE,Predicted vibration 0.103572 exceeds warning limit 0.10
688,2026-06-08 00:03:47,2026-06-08 00:04:47,60,vib_y_rms,XGBoost,0.157497,0.1321602016687393,-0.0253367983312606,WARNING,MEDIUM,ELEVATED_VIBRATION,MODERATE,Predicted vibration 0.132160 exceeds warning limit 0.10
689,2026-06-08 00:03:47,2026-06-08 00:04:47,60,vib_z_rms,XGBoost,0.064629,0.0609330609440803,-0.0036959390559196,NORMAL,NORMAL,NONE,MODERATE,
697,2026-06-08 00:03:48,2026-06-08 00:04:48,60,mag_x,Ridge,256.06,227.4284310530647,-28.63156894693529,LOW_CONFIDENCE,INFO,MODEL_RELIABILITY_WARNING,LOW,Magnetic forecasting model has low predictive reliability based on walk-forward evaluation.
698,2026-06-08 00:03:48,2026-06-08 00:04:48,60,mag_y,Ridge,122.29,218.6299349294951,96.3399349294951,LOW_CONFIDENCE,INFO,MODEL_RELIABILITY_WARNING,LOW,Magnetic forecasting model has low predictive reliability based on walk-forward evaluation.
699,2026-06-08 00:03:48,2026-06-08 00:04:48,60,mag_z,Ridge,431.676,235.83898738598245,-195.83701261401757,LOW_CONFIDENCE,INFO,MODEL_RELIABILITY_WARNING,LOW,Magnetic forecasting model has low predictive reliability based on walk-forward evaluation.
700,2026-06-08 00:03:48,2026-06-08 00:04:48,60,temperature,Persistence,45.49513679,45.49513679,0.0,NORMAL,NORMAL,NONE,HIGH,
694,2026-06-08 00:03:48,2026-06-08 00:04:48,60,vib_x_rms,XGBoost,0.11512,0.1091219410300254,-0.0059980589699745,WARNING,MEDIUM,ELEVATED_VIBRATION,MODERATE,Predicted vibration 0.109122 exceeds warning limit 0.10
695,2026-06-08 00:03:48,2026-06-08 00:04:48,60,vib_y_rms,XGBoost,0.134475,0.1343408375978469,-0.000134162402153,WARNING,MEDIUM,ELEVATED_VIBRATION,MODERATE,Predicted vibration 0.134341 exceeds warning limit 0.10
696,2026-06-08 00:03:48,2026-06-08 00:04:48,60,vib_z_rms,XGBoost,0.062117,0.0608121789991855,-0.0013048210008144,NORMAL,NORMAL,NONE,MODERATE,
704,2026-06-08 00:03:50,2026-06-08 00:04:50,60,mag_x,Ridge,414.862,230.18807994365687,-184.67392005634315,LOW_CONFIDENCE,INFO,MODEL_RELIABILITY_WARNING,LOW,Magnetic forecasting model has low predictive reliability based on walk-forward evaluation.
705,2026-06-08 00:03:50,2026-06-08 00:04:50,60,mag_y,Ridge,83.79,219.18873723098253,135.39873723098253,LOW_CONFIDENCE,INFO,MODEL_RELIABILITY_WARNING,LOW,Magnetic forecasting model has low predictive reliability based on walk-forward evaluation.
706,2026-06-08 00:03:50,2026-06-08 00:04:50,60,mag_z,Ridge,389.354,233.44314216930948,-155.9108578306905,LOW_CONFIDENCE,INFO,MODEL_RELIABILITY_WARNING,LOW,Magnetic forecasting model has low predictive reliability based on walk-forward evaluation.
707,2026-06-08 00:03:50,2026-06-08 00:04:50,60,temperature,Persistence,45.49610943,45.49610943,0.0,NORMAL,NORMAL,NONE,HIGH,
701,2026-06-08 00:03:50,2026-06-08 00:04:50,60,vib_x_rms,XGBoost,0.109377,0.1056770905852317,-0.0036999094147682,WARNING,MEDIUM,ELEVATED_VIBRATION,MODERATE,Predicted vibration 0.105677 exceeds warning limit 0.10
702,2026-06-08 00:03:50,2026-06-08 00:04:50,60,vib_y_rms,XGBoost,0.152954,0.1410422921180725,-0.0119117078819274,WARNING,MEDIUM,ELEVATED_VIBRATION,MODERATE,Predicted vibration 0.141042 exceeds warning limit 0.10
703,2026-06-08 00:03:50,2026-06-08 00:04:50,60,vib_z_rms,XGBoost,0.063615,0.0591134130954742,-0.0045015869045257,NORMAL,NORMAL,NONE,MODERATE,
711,2026-06-08 00:03:51,2026-06-08 00:04:51,60,mag_x,Ridge,442.708,230.00916915372795,-212.69883084627207,LOW_CONFIDENCE,INFO,MODEL_RELIABILITY_WARNING,LOW,Magnetic forecasting model has low predictive reliability based on walk-forward evaluation.
712,2026-06-08 00:03:51,2026-06-08 00:04:51,60,mag_y,Ridge,335.09,222.51022289785843,-112.57977710214152,LOW_CONFIDENCE,INFO,MODEL_RELIABILITY_WARNING,LOW,Magnetic forecasting model has low predictive reliability based on walk-forward evaluation.
713,2026-06-08 00:03:51,2026-06-08 00:04:51,60,mag_z,Ridge,381.262,226.59204077515855,-154.66995922484142,LOW_CONFIDENCE,INFO,MODEL_RELIABILITY_WARNING,LOW,Magnetic forecasting model has low predictive reliability based on walk-forward evaluation.
714,2026-06-08 00:03:51,2026-06-08 00:04:51,60,temperature,Persistence,45.49688755,45.49688755,0.0,NORMAL,NORMAL,NONE,HIGH,
708,2026-06-08 00:03:51,2026-06-08 00:04:51,60,vib_x_rms,XGBoost,0.111533,0.1032756045460701,-0.0082573954539298,WARNING,MEDIUM,ELEVATED_VIBRATION,MODERATE,Predicted vibration 0.103276 exceeds warning limit 0.10
709,2026-06-08 00:03:51,2026-06-08 00:04:51,60,vib_y_rms,XGBoost,0.138174,0.1391759514808654,0.0010019514808654,WARNING,MEDIUM,ELEVATED_VIBRATION,MODERATE,Predicted vibration 0.139176 exceeds warning limit 0.10
710,2026-06-08 00:03:51,2026-06-08 00:04:51,60,vib_z_rms,XGBoost,0.060002,0.0602974295616149,0.0002954295616149,NORMAL,NORMAL,NONE,MODERATE,
718,2026-06-08 00:03:53,2026-06-08 00:04:53,60,mag_x,Ridge,422.8,231.13793578051465,-191.66206421948536,LOW_CONFIDENCE,INFO,MODEL_RELIABILITY_WARNING,LOW,Magnetic forecasting model has low predictive reliability based on walk-forward evaluation.
719,2026-06-08 00:03:53,2026-06-08 00:04:53,60,mag_y,Ridge,317.296,222.29375234475395,-95.00224765524604,LOW_CONFIDENCE,INFO,MODEL_RELIABILITY_WARNING,LOW,Magnetic forecasting model has low predictive reliability based on walk-forward evaluation.
720,2026-06-08 00:03:53,2026-06-08 00:04:53,60,mag_z,Ridge,160.58,226.7110875141122,66.13108751411218,LOW_CONFIDENCE,INFO,MODEL_RELIABILITY_WARNING,LOW,Magnetic forecasting model has low predictive reliability based on walk-forward evaluation.
721,2026-06-08 00:03:53,2026-06-08 00:04:53,60,temperature,Persistence,45.49751004,45.49751004,0.0,NORMAL,NORMAL,NONE,HIGH,
715,2026-06-08 00:03:53,2026-06-08 00:04:53,60,vib_x_rms,XGBoost,0.104325,0.1023793146014213,-0.0019456853985786,WARNING,MEDIUM,ELEVATED_VIBRATION,MODERATE,Predicted vibration 0.102379 exceeds warning limit 0.10
716,2026-06-08 00:03:53,2026-06-08 00:04:53,60,vib_y_rms,XGBoost,0.143191,0.1417692154645919,-0.001421784535408,WARNING,MEDIUM,ELEVATED_VIBRATION,MODERATE,Predicted vibration 0.141769 exceeds warning limit 0.10
717,2026-06-08 00:03:53,2026-06-08 00:04:53,60,vib_z_rms,XGBoost,0.066373,0.0614854022860527,-0.0048875977139472,NORMAL,NORMAL,NONE,MODERATE,
725,2026-06-08 00:03:54,2026-06-08 00:04:54,60,mag_x,Ridge,67.928,233.55739124458125,165.62939124458123,LOW_CONFIDENCE,INFO,MODEL_RELIABILITY_WARNING,LOW,Magnetic forecasting model has low predictive reliability based on walk-forward evaluation.
726,2026-06-08 00:03:54,2026-06-08 00:04:54,60,mag_y,Ridge,310.254,221.2726956528503,-88.98130434714972,LOW_CONFIDENCE,INFO,MODEL_RELIABILITY_WARNING,LOW,Magnetic forecasting model has low predictive reliability based on walk-forward evaluation.
727,2026-06-08 00:03:54,2026-06-08 00:04:54,60,mag_z,Ridge,433.16,227.7014501667847,-205.45854983321533,LOW_CONFIDENCE,INFO,MODEL_RELIABILITY_WARNING,LOW,Magnetic forecasting model has low predictive reliability based on walk-forward evaluation.
728,2026-06-08 00:03:54,2026-06-08 00:04:54,60,temperature,Persistence,45.47300803,45.47300803,0.0,NORMAL,NORMAL,NONE,HIGH,
722,2026-06-08 00:03:54,2026-06-08 00:04:54,60,vib_x_rms,XGBoost,0.091931,0.1036480739712715,0.0117170739712715,WARNING,MEDIUM,ELEVATED_VIBRATION,MODERATE,Predicted vibration 0.103648 exceeds warning limit 0.10
723,2026-06-08 00:03:54,2026-06-08 00:04:54,60,vib_y_rms,XGBoost,0.132484,0.1413344591856002,0.0088504591856002,WARNING,MEDIUM,ELEVATED_VIBRATION,MODERATE,Predicted vibration 0.141334 exceeds warning limit 0.10
724,2026-06-08 00:03:54,2026-06-08 00:04:54,60,vib_z_rms,XGBoost,0.065338,0.0610345005989074,-0.0043034994010925,NORMAL,NORMAL,NONE,MODERATE,
732,2026-06-08 00:03:55,2026-06-08 00:04:55,60,mag_x,Ridge,233.59,224.8288318818242,-8.761168118175789,LOW_CONFIDENCE,INFO,MODEL_RELIABILITY_WARNING,LOW,Magnetic forecasting model has low predictive reliability based on walk-forward evaluation.
733,2026-06-08 00:03:55,2026-06-08 00:04:55,60,mag_y,Ridge,320.152,237.56950248698016,-82.5824975130198,LOW_CONFIDENCE,INFO,MODEL_RELIABILITY_WARNING,LOW,Magnetic forecasting model has low predictive reliability based on walk-forward evaluation.
734,2026-06-08 00:03:55,2026-06-08 00:04:55,60,mag_z,Ridge,283.962,229.87186032549897,-54.09013967450102,LOW_CONFIDENCE,INFO,MODEL_RELIABILITY_WARNING,LOW,Magnetic forecasting model has low predictive reliability based on walk-forward evaluation.
735,2026-06-08 00:03:55,2026-06-08 00:04:55,60,temperature,Persistence,45.47840642,45.47840642,0.0,NORMAL,NORMAL,NONE,HIGH,
729,2026-06-08 00:03:55,2026-06-08 00:04:55,60,vib_x_rms,XGBoost,0.113197,0.1063428670167923,-0.0068541329832077,WARNING,MEDIUM,ELEVATED_VIBRATION,MODERATE,Predicted vibration 0.106343 exceeds warning limit 0.10
730,2026-06-08 00:03:55,2026-06-08 00:04:55,60,vib_y_rms,XGBoost,0.140446,0.1371564865112304,-0.0032895134887695,WARNING,MEDIUM,ELEVATED_VIBRATION,MODERATE,Predicted vibration 0.137156 exceeds warning limit 0.10
731,2026-06-08 00:03:55,2026-06-08 00:04:55,60,vib_z_rms,XGBoost,0.059692,0.0614908710122108,0.0017988710122108,NORMAL,NORMAL,NONE,MODERATE,
739,2026-06-08 00:03:57,2026-06-08 00:04:57,60,mag_x,Ridge,29.33,224.6733663608373,195.34336636083725,LOW_CONFIDENCE,INFO,MODEL_RELIABILITY_WARNING,LOW,Magnetic forecasting model has low predictive reliability based on walk-forward evaluation.
740,2026-06-08 00:03:57,2026-06-08 00:04:57,60,mag_y,Ridge,15.218,236.8235649924748,221.6055649924748,LOW_CONFIDENCE,INFO,MODEL_RELIABILITY_WARNING,LOW,Magnetic forecasting model has low predictive reliability based on walk-forward evaluation.
741,2026-06-08 00:03:57,2026-06-08 00:04:57,60,mag_z,Ridge,41.678,227.945869025356,186.267869025356,LOW_CONFIDENCE,INFO,MODEL_RELIABILITY_WARNING,LOW,Magnetic forecasting model has low predictive reliability based on walk-forward evaluation.
742,2026-06-08 00:03:57,2026-06-08 00:04:57,60,temperature,Persistence,45.43272514,45.43272514,0.0,NORMAL,NORMAL,NONE,HIGH,
736,2026-06-08 00:03:57,2026-06-08 00:04:57,60,vib_x_rms,XGBoost,0.10645,0.1043281108140945,-0.0021218891859054,WARNING,MEDIUM,ELEVATED_VIBRATION,MODERATE,Predicted vibration 0.104328 exceeds warning limit 0.10
737,2026-06-08 00:03:57,2026-06-08 00:04:57,60,vib_y_rms,XGBoost,0.138067,0.1380360275506973,-3.0972449302668625e-05,WARNING,MEDIUM,ELEVATED_VIBRATION,MODERATE,Predicted vibration 0.138036 exceeds warning limit 0.10
738,2026-06-08 00:03:57,2026-06-08 00:04:57,60,vib_z_rms,XGBoost,0.057959,0.0616356879472732,0.0036766879472732,NORMAL,NORMAL,NONE,MODERATE,
746,2026-06-08 00:03:58,2026-06-08 00:04:58,60,mag_x,Ridge,169.666,220.45042335372688,50.78442335372688,LOW_CONFIDENCE,INFO,MODEL_RELIABILITY_WARNING,LOW,Magnetic forecasting model has low predictive reliability based on walk-forward evaluation.
747,2026-06-08 00:03:58,2026-06-08 00:04:58,60,mag_y,Ridge,424.48,237.52065941831543,-186.95934058168456,LOW_CONFIDENCE,INFO,MODEL_RELIABILITY_WARNING,LOW,Magnetic forecasting model has low predictive reliability based on walk-forward evaluation.
748,2026-06-08 00:03:58,2026-06-08 00:04:58,60,mag_z,Ridge,226.072,222.14954067273231,-3.922459327267688,LOW_CONFIDENCE,INFO,MODEL_RELIABILITY_WARNING,LOW,Magnetic forecasting model has low predictive reliability based on walk-forward evaluation.
749,2026-06-08 00:03:58,2026-06-08 00:04:58,60,temperature,Persistence,45.44618011,45.44618011,0.0,NORMAL,NORMAL,NONE,HIGH,
743,2026-06-08 00:03:58,2026-06-08 00:04:58,60,vib_x_rms,XGBoost,0.104664,0.1032447889447212,-0.0014192110552787,WARNING,MEDIUM,ELEVATED_VIBRATION,MODERATE,Predicted vibration 0.103245 exceeds warning limit 0.10
744,2026-06-08 00:03:58,2026-06-08 00:04:58,60,vib_y_rms,XGBoost,0.134589,0.1364944875240326,0.0019054875240326,WARNING,MEDIUM,ELEVATED_VIBRATION,MODERATE,Predicted vibration 0.136494 exceeds warning limit 0.10
745,2026-06-08 00:03:58,2026-06-08 00:04:58,60,vib_z_rms,XGBoost,0.059073,0.0602493956685066,0.0011763956685066,NORMAL,NORMAL,NONE,MODERATE,
753,2026-06-08 00:04:00,2026-06-08 00:05:00,60,mag_x,Ridge,305.06,223.34435714310223,-81.71564285689774,LOW_CONFIDENCE,INFO,MODEL_RELIABILITY_WARNING,LOW,Magnetic forecasting model has low predictive reliability based on walk-forward evaluation.
754,2026-06-08 00:04:00,2026-06-08 00:05:00,60,mag_y,Ridge,65.744,228.18911882864413,162.44511882864415,LOW_CONFIDENCE,INFO,MODEL_RELIABILITY_WARNING,LOW,Magnetic forecasting model has low predictive reliability based on walk-forward evaluation.
755,2026-06-08 00:04:00,2026-06-08 00:05:00,60,mag_z,Ridge,342.692,228.506690007784,-114.18530999221602,LOW_CONFIDENCE,INFO,MODEL_RELIABILITY_WARNING,LOW,Magnetic forecasting model has low predictive reliability based on walk-forward evaluation.
756,2026-06-08 00:04:00,2026-06-08 00:05:00,60,temperature,Persistence,45.45694409,45.45694409,0.0,NORMAL,NORMAL,NONE,HIGH,
750,2026-06-08 00:04:00,2026-06-08 00:05:00,60,vib_x_rms,XGBoost,0.092042,0.106247678399086,0.014205678399086,WARNING,MEDIUM,ELEVATED_VIBRATION,MODERATE,Predicted vibration 0.106248 exceeds warning limit 0.10
751,2026-06-08 00:04:00,2026-06-08 00:05:00,60,vib_y_rms,XGBoost,0.108983,0.1355911940336227,0.0266081940336227,WARNING,MEDIUM,ELEVATED_VIBRATION,MODERATE,Predicted vibration 0.135591 exceeds warning limit 0.10
752,2026-06-08 00:04:00,2026-06-08 00:05:00,60,vib_z_rms,XGBoost,0.056647,0.0606931112706661,0.0040461112706661,NORMAL,NORMAL,NONE,MODERATE,
760,2026-06-08 00:04:01,2026-06-08 00:05:01,60,mag_x,Ridge,318.794,230.13819029315837,-88.65580970684164,LOW_CONFIDENCE,INFO,MODEL_RELIABILITY_WARNING,LOW,Magnetic forecasting model has low predictive reliability based on walk-forward evaluation.
761,2026-06-08 00:04:01,2026-06-08 00:05:01,60,mag_y,Ridge,172.256,226.81722596206689,54.561225962066885,LOW_CONFIDENCE,INFO,MODEL_RELIABILITY_WARNING,LOW,Magnetic forecasting model has low predictive reliability based on walk-forward evaluation.
762,2026-06-08 00:04:01,2026-06-08 00:05:01,60,mag_z,Ridge,140.42,225.9493107648562,85.5293107648562,LOW_CONFIDENCE,INFO,MODEL_RELIABILITY_WARNING,LOW,Magnetic forecasting model has low predictive reliability based on walk-forward evaluation.
763,2026-06-08 00:04:01,2026-06-08 00:05:01,60,temperature,Persistence,45.41555527,45.41555527,0.0,NORMAL,NORMAL,NONE,HIGH,
757,2026-06-08 00:04:01,2026-06-08 00:05:01,60,vib_x_rms,XGBoost,0.110607,0.1025829091668129,-0.0080240908331871,WARNING,MEDIUM,ELEVATED_VIBRATION,MODERATE,Predicted vibration 0.102583 exceeds warning limit 0.10
758,2026-06-08 00:04:01,2026-06-08 00:05:01,60,vib_y_rms,XGBoost,0.124339,0.1400117576122284,0.0156727576122283,WARNING,MEDIUM,ELEVATED_VIBRATION,MODERATE,Predicted vibration 0.140012 exceeds warning limit 0.10
759,2026-06-08 00:04:01,2026-06-08 00:05:01,60,vib_z_rms,XGBoost,0.049078,0.0606665983796119,0.0115885983796119,NORMAL,NORMAL,NONE,MODERATE,
767,2026-06-08 00:04:03,2026-06-08 00:05:03,60,mag_x,Ridge,189.014,223.7763939431136,34.76239394311355,LOW_CONFIDENCE,INFO,MODEL_RELIABILITY_WARNING,LOW,Magnetic forecasting model has low predictive reliability based on walk-forward evaluation.
768,2026-06-08 00:04:03,2026-06-08 00:05:03,60,mag_y,Ridge,3.71,222.2480225009684,218.5380225009684,LOW_CONFIDENCE,INFO,MODEL_RELIABILITY_WARNING,LOW,Magnetic forecasting model has low predictive reliability based on walk-forward evaluation.
769,2026-06-08 00:04:03,2026-06-08 00:05:03,60,mag_z,Ridge,162.008,231.45493629326612,69.44693629326613,LOW_CONFIDENCE,INFO,MODEL_RELIABILITY_WARNING,LOW,Magnetic forecasting model has low predictive reliability based on walk-forward evaluation.
770,2026-06-08 00:04:03,2026-06-08 00:05:03,60,temperature,Persistence,45.43244422,45.43244422,0.0,NORMAL,NORMAL,NONE,HIGH,
764,2026-06-08 00:04:03,2026-06-08 00:05:03,60,vib_x_rms,XGBoost,0.121456,0.0995821058750152,-0.0218738941249847,NORMAL,NORMAL,NONE,MODERATE,
765,2026-06-08 00:04:03,2026-06-08 00:05:03,60,vib_y_rms,XGBoost,0.132105,0.1387242823839187,0.0066192823839187,WARNING,MEDIUM,ELEVATED_VIBRATION,MODERATE,Predicted vibration 0.138724 exceeds warning limit 0.10
766,2026-06-08 00:04:03,2026-06-08 00:05:03,60,vib_z_rms,XGBoost,0.05596,0.0593367330729961,0.0033767330729961,NORMAL,NORMAL,NONE,MODERATE,
774,2026-06-08 00:04:04,2026-06-08 00:05:04,60,mag_x,Ridge,180.026,224.07833708638017,44.05233708638016,LOW_CONFIDENCE,INFO,MODEL_RELIABILITY_WARNING,LOW,Magnetic forecasting model has low predictive reliability based on walk-forward evaluation.
775,2026-06-08 00:04:04,2026-06-08 00:05:04,60,mag_y,Ridge,1.54,222.52383276008365,220.9838327600837,LOW_CONFIDENCE,INFO,MODEL_RELIABILITY_WARNING,LOW,Magnetic forecasting model has low predictive reliability based on walk-forward evaluation.
776,2026-06-08 00:04:04,2026-06-08 00:05:04,60,mag_z,Ridge,120.778,229.67901105128468,108.90101105128468,LOW_CONFIDENCE,INFO,MODEL_RELIABILITY_WARNING,LOW,Magnetic forecasting model has low predictive reliability based on walk-forward evaluation.
777,2026-06-08 00:04:04,2026-06-08 00:05:04,60,temperature,Persistence,45.44595537,45.44595537,0.0,NORMAL,NORMAL,NONE,HIGH,
771,2026-06-08 00:04:04,2026-06-08 00:05:04,60,vib_x_rms,XGBoost,0.118178,0.0994984656572341,-0.0186795343427658,NORMAL,NORMAL,NONE,MODERATE,
772,2026-06-08 00:04:04,2026-06-08 00:05:04,60,vib_y_rms,XGBoost,0.143049,0.1338265836238861,-0.0092224163761139,WARNING,MEDIUM,ELEVATED_VIBRATION,MODERATE,Predicted vibration 0.133827 exceeds warning limit 0.10
773,2026-06-08 00:04:04,2026-06-08 00:05:04,60,vib_z_rms,XGBoost,0.072153,0.0597355216741561,-0.0124174783258438,NORMAL,NORMAL,NONE,MODERATE,
781,2026-06-08 00:04:05,2026-06-08 00:05:05,60,mag_x,Ridge,285.74,223.845618358798,-61.89438164120202,LOW_CONFIDENCE,INFO,MODEL_RELIABILITY_WARNING,LOW,Magnetic forecasting model has low predictive reliability based on walk-forward evaluation.
782,2026-06-08 00:04:05,2026-06-08 00:05:05,60,mag_y,Ridge,76.384,228.23467062736077,151.85067062736073,LOW_CONFIDENCE,INFO,MODEL_RELIABILITY_WARNING,LOW,Magnetic forecasting model has low predictive reliability based on walk-forward evaluation.
783,2026-06-08 00:04:05,2026-06-08 00:05:05,60,mag_z,Ridge,236.194,231.42867494603112,-4.765325053968866,LOW_CONFIDENCE,INFO,MODEL_RELIABILITY_WARNING,LOW,Magnetic forecasting model has low predictive reliability based on walk-forward evaluation.
784,2026-06-08 00:04:05,2026-06-08 00:05:05,60,temperature,Persistence,45.4067643,45.4067643,0.0,NORMAL,NORMAL,NONE,HIGH,
778,2026-06-08 00:04:05,2026-06-08 00:05:05,60,vib_x_rms,XGBoost,0.104199,0.1048462688922882,0.0006472688922882,WARNING,MEDIUM,ELEVATED_VIBRATION,MODERATE,Predicted vibration 0.104846 exceeds warning limit 0.10
779,2026-06-08 00:04:05,2026-06-08 00:05:05,60,vib_y_rms,XGBoost,0.141617,0.1359236538410186,-0.0056933461589813,WARNING,MEDIUM,ELEVATED_VIBRATION,MODERATE,Predicted vibration 0.135924 exceeds warning limit 0.10
780,2026-06-08 00:04:05,2026-06-08 00:05:05,60,vib_z_rms,XGBoost,0.069239,0.0647520348429679,-0.004486965157032,NORMAL,NORMAL,NONE,MODERATE,
788,2026-06-08 00:04:07,2026-06-08 00:05:07,60,mag_x,Ridge,282.94,232.686212947164,-50.253787052836,LOW_CONFIDENCE,INFO,MODEL_RELIABILITY_WARNING,LOW,Magnetic forecasting model has low predictive reliability based on walk-forward evaluation.
789,2026-06-08 00:04:07,2026-06-08 00:05:07,60,mag_y,Ridge,387.772,228.43443333570133,-159.33756666429866,LOW_CONFIDENCE,INFO,MODEL_RELIABILITY_WARNING,LOW,Magnetic forecasting model has low predictive reliability based on walk-forward evaluation.
790,2026-06-08 00:04:07,2026-06-08 00:05:07,60,mag_z,Ridge,36.442,226.31173068803125,189.86973068803124,LOW_CONFIDENCE,INFO,MODEL_RELIABILITY_WARNING,LOW,Magnetic forecasting model has low predictive reliability based on walk-forward evaluation.
791,2026-06-08 00:04:07,2026-06-08 00:05:07,60,temperature,Persistence,45.37541144,45.37541144,0.0,NORMAL,NORMAL,NONE,HIGH,
785,2026-06-08 00:04:07,2026-06-08 00:05:07,60,vib_x_rms,XGBoost,0.107239,0.1004512980580329,-0.006787701941967,WARNING,MEDIUM,ELEVATED_VIBRATION,MODERATE,Predicted vibration 0.100451 exceeds warning limit 0.10
786,2026-06-08 00:04:07,2026-06-08 00:05:07,60,vib_y_rms,XGBoost,0.11398,0.1359673738479614,0.0219873738479614,WARNING,MEDIUM,ELEVATED_VIBRATION,MODERATE,Predicted vibration 0.135967 exceeds warning limit 0.10
787,2026-06-08 00:04:07,2026-06-08 00:05:07,60,vib_z_rms,XGBoost,0.059179,0.0580801218748092,-0.0010988781251907,NORMAL,NORMAL,NONE,MODERATE,
795,2026-06-08 00:04:08,2026-06-08 00:05:08,60,mag_x,Ridge,91.84,224.47569961973971,132.63569961973974,LOW_CONFIDENCE,INFO,MODEL_RELIABILITY_WARNING,LOW,Magnetic forecasting model has low predictive reliability based on walk-forward evaluation.
796,2026-06-08 00:04:08,2026-06-08 00:05:08,60,mag_y,Ridge,128.674,226.07240533415984,97.39840533415985,LOW_CONFIDENCE,INFO,MODEL_RELIABILITY_WARNING,LOW,Magnetic forecasting model has low predictive reliability based on walk-forward evaluation.
797,2026-06-08 00:04:08,2026-06-08 00:05:08,60,mag_z,Ridge,1.54,235.71044842854988,234.1704484285499,LOW_CONFIDENCE,INFO,MODEL_RELIABILITY_WARNING,LOW,Magnetic forecasting model has low predictive reliability based on walk-forward evaluation.
798,2026-06-08 00:04:08,2026-06-08 00:05:08,60,temperature,Persistence,45.40032915,45.40032915,0.0,NORMAL,NORMAL,NONE,HIGH,
792,2026-06-08 00:04:08,2026-06-08 00:05:08,60,vib_x_rms,XGBoost,0.105957,0.1017084941267967,-0.0042485058732032,WARNING,MEDIUM,ELEVATED_VIBRATION,MODERATE,Predicted vibration 0.101708 exceeds warning limit 0.10
793,2026-06-08 00:04:08,2026-06-08 00:05:08,60,vib_y_rms,XGBoost,0.135077,0.1333419680595398,-0.0017350319404602,WARNING,MEDIUM,ELEVATED_VIBRATION,MODERATE,Predicted vibration 0.133342 exceeds warning limit 0.10
794,2026-06-08 00:04:08,2026-06-08 00:05:08,60,vib_z_rms,XGBoost,0.05827,0.0600098222494125,0.0017398222494125,NORMAL,NORMAL,NONE,MODERATE,
802,2026-06-08 00:04:10,2026-06-08 00:05:10,60,mag_x,Ridge,410.676,219.2891723383707,-191.3868276616293,LOW_CONFIDENCE,INFO,MODEL_RELIABILITY_WARNING,LOW,Magnetic forecasting model has low predictive reliability based on walk-forward evaluation.
803,2026-06-08 00:04:10,2026-06-08 00:05:10,60,mag_y,Ridge,418.67,224.47483546061977,-194.19516453938024,LOW_CONFIDENCE,INFO,MODEL_RELIABILITY_WARNING,LOW,Magnetic forecasting model has low predictive reliability based on walk-forward evaluation.
804,2026-06-08 00:04:10,2026-06-08 00:05:10,60,mag_z,Ridge,296.058,228.7745670378336,-67.28343296216642,LOW_CONFIDENCE,INFO,MODEL_RELIABILITY_WARNING,LOW,Magnetic forecasting model has low predictive reliability based on walk-forward evaluation.
805,2026-06-08 00:04:10,2026-06-08 00:05:10,60,temperature,Persistence,45.42026332,45.42026332,0.0,NORMAL,NORMAL,NONE,HIGH,
799,2026-06-08 00:04:10,2026-06-08 00:05:10,60,vib_x_rms,XGBoost,0.103481,0.0976357236504554,-0.0058452763495445,NORMAL,NORMAL,NONE,MODERATE,
800,2026-06-08 00:04:10,2026-06-08 00:05:10,60,vib_y_rms,XGBoost,0.133378,0.1244380176067352,-0.0089399823932647,WARNING,MEDIUM,ELEVATED_VIBRATION,MODERATE,Predicted vibration 0.124438 exceeds warning limit 0.10
801,2026-06-08 00:04:10,2026-06-08 00:05:10,60,vib_z_rms,XGBoost,0.061333,0.0573999099433422,-0.0039330900566577,NORMAL,NORMAL,NONE,MODERATE,
809,2026-06-08 00:04:11,2026-06-08 00:05:11,60,mag_x,Ridge,151.004,225.19590835850724,74.19190835850725,LOW_CONFIDENCE,INFO,MODEL_RELIABILITY_WARNING,LOW,Magnetic forecasting model has low predictive reliability based on walk-forward evaluation.
810,2026-06-08 00:04:11,2026-06-08 00:05:11,60,mag_y,Ridge,365.456,225.25063746313688,-140.2053625368631,LOW_CONFIDENCE,INFO,MODEL_RELIABILITY_WARNING,LOW,Magnetic forecasting model has low predictive reliability based on walk-forward evaluation.
811,2026-06-08 00:04:11,2026-06-08 00:05:11,60,mag_z,Ridge,312.858,230.7882744694764,-82.06972553052361,LOW_CONFIDENCE,INFO,MODEL_RELIABILITY_WARNING,LOW,Magnetic forecasting model has low predictive reliability based on walk-forward evaluation.
812,2026-06-08 00:04:11,2026-06-08 00:05:11,60,temperature,Persistence,45.38621066,45.38621066,0.0,NORMAL,NORMAL,NONE,HIGH,
806,2026-06-08 00:04:11,2026-06-08 00:05:11,60,vib_x_rms,XGBoost,0.099756,0.0972865670919418,-0.0024694329080581,NORMAL,NORMAL,NONE,MODERATE,
807,2026-06-08 00:04:11,2026-06-08 00:05:11,60,vib_y_rms,XGBoost,0.131883,0.1262203902006149,-0.005662609799385,WARNING,MEDIUM,ELEVATED_VIBRATION,MODERATE,Predicted vibration 0.126220 exceeds warning limit 0.10
808,2026-06-08 00:04:11,2026-06-08 00:05:11,60,vib_z_rms,XGBoost,0.059573,0.0576214790344238,-0.0019515209655761,NORMAL,NORMAL,NONE,MODERATE,
816,2026-06-08 00:04:13,2026-06-08 00:05:13,60,mag_x,Ridge,136.36,228.1891153269908,91.82911532699076,LOW_CONFIDENCE,INFO,MODEL_RELIABILITY_WARNING,LOW,Magnetic forecasting model has low predictive reliability based on walk-forward evaluation.
817,2026-06-08 00:04:13,2026-06-08 00:05:13,60,mag_y,Ridge,233.968,220.8037941154492,-13.164205884550768,LOW_CONFIDENCE,INFO,MODEL_RELIABILITY_WARNING,LOW,Magnetic forecasting model has low predictive reliability based on walk-forward evaluation.
818,2026-06-08 00:04:13,2026-06-08 00:05:13,60,mag_z,Ridge,153.23,229.29917101106736,76.06917101106737,LOW_CONFIDENCE,INFO,MODEL_RELIABILITY_WARNING,LOW,Magnetic forecasting model has low predictive reliability based on walk-forward evaluation.
819,2026-06-08 00:04:13,2026-06-08 00:05:13,60,temperature,Persistence,45.40896853,45.40896853,0.0,NORMAL,NORMAL,NONE,HIGH,
813,2026-06-08 00:04:13,2026-06-08 00:05:13,60,vib_x_rms,XGBoost,0.093873,0.1013648957014083,0.0074918957014083,WARNING,MEDIUM,ELEVATED_VIBRATION,MODERATE,Predicted vibration 0.101365 exceeds warning limit 0.10
814,2026-06-08 00:04:13,2026-06-08 00:05:13,60,vib_y_rms,XGBoost,0.166931,0.1373262852430343,-0.0296047147569656,WARNING,MEDIUM,ELEVATED_VIBRATION,MODERATE,Predicted vibration 0.137326 exceeds warning limit 0.10
815,2026-06-08 00:04:13,2026-06-08 00:05:13,60,vib_z_rms,XGBoost,0.064268,0.0588131919503212,-0.0054548080496788,NORMAL,NORMAL,NONE,MODERATE,
823,2026-06-08 00:04:14,2026-06-08 00:05:14,60,mag_x,Ridge,251.888,227.90195930029148,-23.986040699708525,LOW_CONFIDENCE,INFO,MODEL_RELIABILITY_WARNING,LOW,Magnetic forecasting model has low predictive reliability based on walk-forward evaluation.
824,2026-06-08 00:04:14,2026-06-08 00:05:14,60,mag_y,Ridge,282.282,221.0173435902915,-61.26465640970849,LOW_CONFIDENCE,INFO,MODEL_RELIABILITY_WARNING,LOW,Magnetic forecasting model has low predictive reliability based on walk-forward evaluation.
825,2026-06-08 00:04:14,2026-06-08 00:05:14,60,mag_z,Ridge,425.054,226.11284329150905,-198.94115670849092,LOW_CONFIDENCE,INFO,MODEL_RELIABILITY_WARNING,LOW,Magnetic forecasting model has low predictive reliability based on walk-forward evaluation.
826,2026-06-08 00:04:14,2026-06-08 00:05:14,60,temperature,Persistence,45.37717482,45.37717482,0.0,NORMAL,NORMAL,NONE,HIGH,
820,2026-06-08 00:04:14,2026-06-08 00:05:14,60,vib_x_rms,XGBoost,0.112376,0.1050831153988838,-0.0072928846011161,WARNING,MEDIUM,ELEVATED_VIBRATION,MODERATE,Predicted vibration 0.105083 exceeds warning limit 0.10
821,2026-06-08 00:04:14,2026-06-08 00:05:14,60,vib_y_rms,XGBoost,0.175801,0.1347388178110122,-0.0410621821889877,WARNING,MEDIUM,ELEVATED_VIBRATION,MODERATE,Predicted vibration 0.134739 exceeds warning limit 0.10
822,2026-06-08 00:04:14,2026-06-08 00:05:14,60,vib_z_rms,XGBoost,0.061563,0.0589481592178344,-0.0026148407821655,NORMAL,NORMAL,NONE,MODERATE,
830,2026-06-08 00:04:16,2026-06-08 00:05:16,60,mag_x,Ridge,34.048,236.7882213939636,202.7402213939636,LOW_CONFIDENCE,INFO,MODEL_RELIABILITY_WARNING,LOW,Magnetic forecasting model has low predictive reliability based on walk-forward evaluation.
831,2026-06-08 00:04:16,2026-06-08 00:05:16,60,mag_y,Ridge,48.384,215.1516533943724,166.76765339437242,LOW_CONFIDENCE,INFO,MODEL_RELIABILITY_WARNING,LOW,Magnetic forecasting model has low predictive reliability based on walk-forward evaluation.
832,2026-06-08 00:04:16,2026-06-08 00:05:16,60,mag_z,Ridge,358.05,225.42836054389755,-132.62163945610246,LOW_CONFIDENCE,INFO,MODEL_RELIABILITY_WARNING,LOW,Magnetic forecasting model has low predictive reliability based on walk-forward evaluation.
833,2026-06-08 00:04:16,2026-06-08 00:05:16,60,temperature,Persistence,45.40173986,45.40173986,0.0,NORMAL,NORMAL,NONE,HIGH,
827,2026-06-08 00:04:16,2026-06-08 00:05:16,60,vib_x_rms,XGBoost,0.102439,0.0993651896715164,-0.0030738103284835,NORMAL,NORMAL,NONE,MODERATE,
828,2026-06-08 00:04:16,2026-06-08 00:05:16,60,vib_y_rms,XGBoost,0.145381,0.1283343583345413,-0.0170466416654586,WARNING,MEDIUM,ELEVATED_VIBRATION,MODERATE,Predicted vibration 0.128334 exceeds warning limit 0.10
829,2026-06-08 00:04:16,2026-06-08 00:05:16,60,vib_z_rms,XGBoost,0.060931,0.0583788491785526,-0.0025521508214473,NORMAL,NORMAL,NONE,MODERATE,
837,2026-06-08 00:04:17,2026-06-08 00:05:17,60,mag_x,Ridge,277.704,229.4337192473671,-48.27028075263294,LOW_CONFIDENCE,INFO,MODEL_RELIABILITY_WARNING,LOW,Magnetic forecasting model has low predictive reliability based on walk-forward evaluation.
838,2026-06-08 00:04:17,2026-06-08 00:05:17,60,mag_y,Ridge,305.018,230.3443051080453,-74.67369489195471,LOW_CONFIDENCE,INFO,MODEL_RELIABILITY_WARNING,LOW,Magnetic forecasting model has low predictive reliability based on walk-forward evaluation.
839,2026-06-08 00:04:17,2026-06-08 00:05:17,60,mag_z,Ridge,66.22,229.2441280357484,163.02412803574836,LOW_CONFIDENCE,INFO,MODEL_RELIABILITY_WARNING,LOW,Magnetic forecasting model has low predictive reliability based on walk-forward evaluation.
840,2026-06-08 00:04:17,2026-06-08 00:05:17,60,temperature,Persistence,45.42139189,45.42139189,0.0,NORMAL,NORMAL,NONE,HIGH,
834,2026-06-08 00:04:17,2026-06-08 00:05:17,60,vib_x_rms,XGBoost,0.10729,0.0995233505964279,-0.007766649403572,NORMAL,NORMAL,NONE,MODERATE,
835,2026-06-08 00:04:17,2026-06-08 00:05:17,60,vib_y_rms,XGBoost,0.135269,0.1244179457426071,-0.0108510542573928,WARNING,MEDIUM,ELEVATED_VIBRATION,MODERATE,Predicted vibration 0.124418 exceeds warning limit 0.10
836,2026-06-08 00:04:17,2026-06-08 00:05:17,60,vib_z_rms,XGBoost,0.065192,0.0585765726864337,-0.0066154273135662,NORMAL,NORMAL,NONE,MODERATE,
844,2026-06-08 00:04:18,2026-06-08 00:05:18,60,mag_x,Ridge,37.268,232.96580386159252,195.69780386159252,LOW_CONFIDENCE,INFO,MODEL_RELIABILITY_WARNING,LOW,Magnetic forecasting model has low predictive reliability based on walk-forward evaluation.
845,2026-06-08 00:04:18,2026-06-08 00:05:18,60,mag_y,Ridge,217.812,228.37424691907157,10.562246919071526,LOW_CONFIDENCE,INFO,MODEL_RELIABILITY_WARNING,LOW,Magnetic forecasting model has low predictive reliability based on walk-forward evaluation.
846,2026-06-08 00:04:18,2026-06-08 00:05:18,60,mag_z,Ridge,61.936,227.47536059538132,165.53936059538134,LOW_CONFIDENCE,INFO,MODEL_RELIABILITY_WARNING,LOW,Magnetic forecasting model has low predictive reliability based on walk-forward evaluation.
847,2026-06-08 00:04:18,2026-06-08 00:05:18,60,temperature,Persistence,45.43711351,45.43711351,0.0,NORMAL,NORMAL,NONE,HIGH,
841,2026-06-08 00:04:18,2026-06-08 00:05:18,60,vib_x_rms,XGBoost,0.114106,0.0990150719881057,-0.0150909280118942,NORMAL,NORMAL,NONE,MODERATE,
842,2026-06-08 00:04:18,2026-06-08 00:05:18,60,vib_y_rms,XGBoost,0.151172,0.1300884485244751,-0.0210835514755249,WARNING,MEDIUM,ELEVATED_VIBRATION,MODERATE,Predicted vibration 0.130088 exceeds warning limit 0.10
843,2026-06-08 00:04:18,2026-06-08 00:05:18,60,vib_z_rms,XGBoost,0.061928,0.0579321309924125,-0.0039958690075874,NORMAL,NORMAL,NONE,MODERATE,
851,2026-06-08 00:04:20,2026-06-08 00:05:20,60,mag_x,Ridge,23.1,230.16233404062697,207.06233404062695,LOW_CONFIDENCE,INFO,MODEL_RELIABILITY_WARNING,LOW,Magnetic forecasting model has low predictive reliability based on walk-forward evaluation.
852,2026-06-08 00:04:20,2026-06-08 00:05:20,60,mag_y,Ridge,278.012,228.1519604784173,-49.860039521582735,LOW_CONFIDENCE,INFO,MODEL_RELIABILITY_WARNING,LOW,Magnetic forecasting model has low predictive reliability based on walk-forward evaluation.
853,2026-06-08 00:04:20,2026-06-08 00:05:20,60,mag_z,Ridge,414.33,229.4190074133161,-184.91099258668385,LOW_CONFIDENCE,INFO,MODEL_RELIABILITY_WARNING,LOW,Magnetic forecasting model has low predictive reliability based on walk-forward evaluation.
854,2026-06-08 00:04:20,2026-06-08 00:05:20,60,temperature,Persistence,45.39969081,45.39969081,0.0,NORMAL,NORMAL,NONE,HIGH,
848,2026-06-08 00:04:20,2026-06-08 00:05:20,60,vib_x_rms,XGBoost,0.094024,0.0988546982407569,0.0048306982407569,NORMAL,NORMAL,NONE,MODERATE,
849,2026-06-08 00:04:20,2026-06-08 00:05:20,60,vib_y_rms,XGBoost,0.155197,0.1304734796285629,-0.024723520371437,WARNING,MEDIUM,ELEVATED_VIBRATION,MODERATE,Predicted vibration 0.130473 exceeds warning limit 0.10
850,2026-06-08 00:04:20,2026-06-08 00:05:20,60,vib_z_rms,XGBoost,0.065055,0.0594231598079204,-0.0056318401920795,NORMAL,NORMAL,NONE,MODERATE,
858,2026-06-08 00:04:21,2026-06-08 00:05:21,60,mag_x,Ridge,323.834,228.4885001806649,-95.34549981933512,LOW_CONFIDENCE,INFO,MODEL_RELIABILITY_WARNING,LOW,Magnetic forecasting model has low predictive reliability based on walk-forward evaluation.
859,2026-06-08 00:04:21,2026-06-08 00:05:21,60,mag_y,Ridge,246.134,227.384885263328,-18.749114736672,LOW_CONFIDENCE,INFO,MODEL_RELIABILITY_WARNING,LOW,Magnetic forecasting model has low predictive reliability based on walk-forward evaluation.
860,2026-06-08 00:04:21,2026-06-08 00:05:21,60,mag_z,Ridge,343.056,227.79715611590663,-115.25884388409337,LOW_CONFIDENCE,INFO,MODEL_RELIABILITY_WARNING,LOW,Magnetic forecasting model has low predictive reliability based on walk-forward evaluation.
861,2026-06-08 00:04:21,2026-06-08 00:05:21,60,temperature,Persistence,45.41975265,45.41975265,0.0,NORMAL,NORMAL,NONE,HIGH,
855,2026-06-08 00:04:21,2026-06-08 00:05:21,60,vib_x_rms,XGBoost,0.111919,0.0991511344909668,-0.0127678655090332,NORMAL,NORMAL,NONE,MODERATE,
856,2026-06-08 00:04:21,2026-06-08 00:05:21,60,vib_y_rms,XGBoost,0.156899,0.1310063302516937,-0.0258926697483062,WARNING,MEDIUM,ELEVATED_VIBRATION,MODERATE,Predicted vibration 0.131006 exceeds warning limit 0.10
857,2026-06-08 00:04:21,2026-06-08 00:05:21,60,vib_z_rms,XGBoost,0.061206,0.058916799724102,-0.0022892002758979,NORMAL,NORMAL,NONE,MODERATE,
865,2026-06-08 00:04:23,2026-06-08 00:05:23,60,mag_x,Ridge,99.792,236.20849168658955,136.41649168658955,LOW_CONFIDENCE,INFO,MODEL_RELIABILITY_WARNING,LOW,Magnetic forecasting model has low predictive reliability based on walk-forward evaluation.
866,2026-06-08 00:04:23,2026-06-08 00:05:23,60,mag_y,Ridge,343.924,225.9823713928704,-117.9416286071296,LOW_CONFIDENCE,INFO,MODEL_RELIABILITY_WARNING,LOW,Magnetic forecasting model has low predictive reliability based on walk-forward evaluation.
867,2026-06-08 00:04:23,2026-06-08 00:05:23,60,mag_z,Ridge,66.052,225.71265160292023,159.66065160292027,LOW_CONFIDENCE,INFO,MODEL_RELIABILITY_WARNING,LOW,Magnetic forecasting model has low predictive reliability based on walk-forward evaluation.
868,2026-06-08 00:04:23,2026-06-08 00:05:23,60,temperature,Persistence,45.38580212,45.38580212,0.0,NORMAL,NORMAL,NONE,HIGH,
862,2026-06-08 00:04:23,2026-06-08 00:05:23,60,vib_x_rms,XGBoost,0.112052,0.0988717228174209,-0.013180277182579,NORMAL,NORMAL,NONE,MODERATE,
863,2026-06-08 00:04:23,2026-06-08 00:05:23,60,vib_y_rms,XGBoost,0.167429,0.1286230385303497,-0.0388059614696502,WARNING,MEDIUM,ELEVATED_VIBRATION,MODERATE,Predicted vibration 0.128623 exceeds warning limit 0.10
864,2026-06-08 00:04:23,2026-06-08 00:05:23,60,vib_z_rms,XGBoost,0.073232,0.059948306530714,-0.0132836934692859,NORMAL,NORMAL,NONE,MODERATE,
872,2026-06-08 00:04:24,2026-06-08 00:05:24,60,mag_x,Ridge,243.166,229.3281274430957,-13.8378725569043,LOW_CONFIDENCE,INFO,MODEL_RELIABILITY_WARNING,LOW,Magnetic forecasting model has low predictive reliability based on walk-forward evaluation.
873,2026-06-08 00:04:24,2026-06-08 00:05:24,60,mag_y,Ridge,34.636,221.99600781689344,187.36000781689344,LOW_CONFIDENCE,INFO,MODEL_RELIABILITY_WARNING,LOW,Magnetic forecasting model has low predictive reliability based on walk-forward evaluation.
874,2026-06-08 00:04:24,2026-06-08 00:05:24,60,mag_z,Ridge,153.776,229.1620507953282,75.3860507953282,LOW_CONFIDENCE,INFO,MODEL_RELIABILITY_WARNING,LOW,Magnetic forecasting model has low predictive reliability based on walk-forward evaluation.
875,2026-06-08 00:04:24,2026-06-08 00:05:24,60,temperature,Persistence,45.35864169,45.35864169,0.0,NORMAL,NORMAL,NONE,HIGH,
869,2026-06-08 00:04:24,2026-06-08 00:05:24,60,vib_x_rms,XGBoost,0.11519,0.0990030243992805,-0.0161869756007194,NORMAL,NORMAL,NONE,MODERATE,
870,2026-06-08 00:04:24,2026-06-08 00:05:24,60,vib_y_rms,XGBoost,0.159759,0.1295253187417984,-0.0302336812582016,WARNING,MEDIUM,ELEVATED_VIBRATION,MODERATE,Predicted vibration 0.129525 exceeds warning limit 0.10
871,2026-06-08 00:04:24,2026-06-08 00:05:24,60,vib_z_rms,XGBoost,0.065608,0.0602581948041915,-0.0053498051958084,NORMAL,NORMAL,NONE,MODERATE,
879,2026-06-08 00:04:26,2026-06-08 00:05:26,60,mag_x,Ridge,425.124,226.32773533432683,-198.7962646656732,LOW_CONFIDENCE,INFO,MODEL_RELIABILITY_WARNING,LOW,Magnetic forecasting model has low predictive reliability based on walk-forward evaluation.
880,2026-06-08 00:04:26,2026-06-08 00:05:26,60,mag_y,Ridge,259.196,231.7163684283095,-27.47963157169056,LOW_CONFIDENCE,INFO,MODEL_RELIABILITY_WARNING,LOW,Magnetic forecasting model has low predictive reliability based on walk-forward evaluation.
881,2026-06-08 00:04:26,2026-06-08 00:05:26,60,mag_z,Ridge,46.816,232.46556338154625,185.64956338154624,LOW_CONFIDENCE,INFO,MODEL_RELIABILITY_WARNING,LOW,Magnetic forecasting model has low predictive reliability based on walk-forward evaluation.
882,2026-06-08 00:04:26,2026-06-08 00:05:26,60,temperature,Persistence,45.33691335,45.33691335,0.0,NORMAL,NORMAL,NONE,HIGH,
876,2026-06-08 00:04:26,2026-06-08 00:05:26,60,vib_x_rms,XGBoost,0.108847,0.09873678535223,-0.0101102146477699,NORMAL,NORMAL,NONE,MODERATE,
877,2026-06-08 00:04:26,2026-06-08 00:05:26,60,vib_y_rms,XGBoost,0.14176,0.1298494338989257,-0.0119105661010742,WARNING,MEDIUM,ELEVATED_VIBRATION,MODERATE,Predicted vibration 0.129849 exceeds warning limit 0.10
878,2026-06-08 00:04:26,2026-06-08 00:05:26,60,vib_z_rms,XGBoost,0.068722,0.0589208602905273,-0.0098011397094726,NORMAL,NORMAL,NONE,MODERATE,
886,2026-06-08 00:04:27,2026-06-08 00:05:27,60,mag_x,Ridge,451.808,232.86545244102888,-218.9425475589711,LOW_CONFIDENCE,INFO,MODEL_RELIABILITY_WARNING,LOW,Magnetic forecasting model has low predictive reliability based on walk-forward evaluation.
887,2026-06-08 00:04:27,2026-06-08 00:05:27,60,mag_y,Ridge,427.266,232.65904431420796,-194.6069556857921,LOW_CONFIDENCE,INFO,MODEL_RELIABILITY_WARNING,LOW,Magnetic forecasting model has low predictive reliability based on walk-forward evaluation.
888,2026-06-08 00:04:27,2026-06-08 00:05:27,60,mag_z,Ridge,172.494,228.47485480435049,55.98085480435046,LOW_CONFIDENCE,INFO,MODEL_RELIABILITY_WARNING,LOW,Magnetic forecasting model has low predictive reliability based on walk-forward evaluation.
889,2026-06-08 00:04:27,2026-06-08 00:05:27,60,temperature,Persistence,45.36953068,45.36953068,0.0,NORMAL,NORMAL,NONE,HIGH,
883,2026-06-08 00:04:27,2026-06-08 00:05:27,60,vib_x_rms,XGBoost,0.10522,0.0967503786087036,-0.0084696213912963,NORMAL,NORMAL,NONE,MODERATE,
884,2026-06-08 00:04:27,2026-06-08 00:05:27,60,vib_y_rms,XGBoost,0.171026,0.1340944468975067,-0.0369315531024933,WARNING,MEDIUM,ELEVATED_VIBRATION,MODERATE,Predicted vibration 0.134094 exceeds warning limit 0.10
885,2026-06-08 00:04:27,2026-06-08 00:05:27,60,vib_z_rms,XGBoost,0.060734,0.0600408352911472,-0.0006931647088527,NORMAL,NORMAL,NONE,MODERATE,
893,2026-06-08 00:04:28,2026-06-08 00:05:28,60,mag_x,Ridge,352.002,227.4003907279671,-124.6016092720329,LOW_CONFIDENCE,INFO,MODEL_RELIABILITY_WARNING,LOW,Magnetic forecasting model has low predictive reliability based on walk-forward evaluation.
894,2026-06-08 00:04:28,2026-06-08 00:05:28,60,mag_y,Ridge,309.302,228.9876428658625,-80.31435713413751,LOW_CONFIDENCE,INFO,MODEL_RELIABILITY_WARNING,LOW,Magnetic forecasting model has low predictive reliability based on walk-forward evaluation.
895,2026-06-08 00:04:28,2026-06-08 00:05:28,60,mag_z,Ridge,240.044,231.6622149914065,-8.38178500859351,LOW_CONFIDENCE,INFO,MODEL_RELIABILITY_WARNING,LOW,Magnetic forecasting model has low predictive reliability based on walk-forward evaluation.
896,2026-06-08 00:04:28,2026-06-08 00:05:28,60,temperature,Persistence,45.39562455,45.39562455,0.0,NORMAL,NORMAL,NONE,HIGH,
890,2026-06-08 00:04:28,2026-06-08 00:05:28,60,vib_x_rms,XGBoost,0.091039,0.099092349410057,0.008053349410057,NORMAL,NORMAL,NONE,MODERATE,
891,2026-06-08 00:04:28,2026-06-08 00:05:28,60,vib_y_rms,XGBoost,0.153887,0.1332442015409469,-0.020642798459053,WARNING,MEDIUM,ELEVATED_VIBRATION,MODERATE,Predicted vibration 0.133244 exceeds warning limit 0.10
892,2026-06-08 00:04:28,2026-06-08 00:05:28,60,vib_z_rms,XGBoost,0.0613,0.0595488734543323,-0.0017511265456676,NORMAL,NORMAL,NONE,MODERATE,
900,2026-06-08 00:04:30,2026-06-08 00:05:30,60,mag_x,Ridge,151.774,222.0658142683949,70.29181426839492,LOW_CONFIDENCE,INFO,MODEL_RELIABILITY_WARNING,LOW,Magnetic forecasting model has low predictive reliability based on walk-forward evaluation.
901,2026-06-08 00:04:30,2026-06-08 00:05:30,60,mag_y,Ridge,191.1,224.92729626531985,33.82729626531983,LOW_CONFIDENCE,INFO,MODEL_RELIABILITY_WARNING,LOW,Magnetic forecasting model has low predictive reliability based on walk-forward evaluation.
902,2026-06-08 00:04:30,2026-06-08 00:05:30,60,mag_z,Ridge,188.678,232.20668771482892,43.52868771482895,LOW_CONFIDENCE,INFO,MODEL_RELIABILITY_WARNING,LOW,Magnetic forecasting model has low predictive reliability based on walk-forward evaluation.
903,2026-06-08 00:04:30,2026-06-08 00:05:30,60,temperature,Persistence,45.41649964,45.41649964,0.0,NORMAL,NORMAL,NONE,HIGH,
897,2026-06-08 00:04:30,2026-06-08 00:05:30,60,vib_x_rms,XGBoost,0.117495,0.1010518074035644,-0.0164431925964355,WARNING,MEDIUM,ELEVATED_VIBRATION,MODERATE,Predicted vibration 0.101052 exceeds warning limit 0.10
898,2026-06-08 00:04:30,2026-06-08 00:05:30,60,vib_y_rms,XGBoost,0.119427,0.1338320076465606,0.0144050076465606,WARNING,MEDIUM,ELEVATED_VIBRATION,MODERATE,Predicted vibration 0.133832 exceeds warning limit 0.10
899,2026-06-08 00:04:30,2026-06-08 00:05:30,60,vib_z_rms,XGBoost,0.069624,0.0598844513297081,-0.0097395486702919,NORMAL,NORMAL,NONE,MODERATE,
907,2026-06-08 00:04:31,2026-06-08 00:05:31,60,mag_x,Ridge,170.212,222.3164726424557,52.10447264245568,LOW_CONFIDENCE,INFO,MODEL_RELIABILITY_WARNING,LOW,Magnetic forecasting model has low predictive reliability based on walk-forward evaluation.
908,2026-06-08 00:04:31,2026-06-08 00:05:31,60,mag_y,Ridge,96.82401,222.3258112931489,125.50180129314889,LOW_CONFIDENCE,INFO,MODEL_RELIABILITY_WARNING,LOW,Magnetic forecasting model has low predictive reliability based on walk-forward evaluation.
909,2026-06-08 00:04:31,2026-06-08 00:05:31,60,mag_z,Ridge,217.518,228.2107995919576,10.692799591957566,LOW_CONFIDENCE,INFO,MODEL_RELIABILITY_WARNING,LOW,Magnetic forecasting model has low predictive reliability based on walk-forward evaluation.
910,2026-06-08 00:04:31,2026-06-08 00:05:31,60,temperature,Persistence,45.43319971,45.43319971,0.0,NORMAL,NORMAL,NONE,HIGH,
904,2026-06-08 00:04:31,2026-06-08 00:05:31,60,vib_x_rms,XGBoost,0.115533,0.1011421158909797,-0.0143908841090202,WARNING,MEDIUM,ELEVATED_VIBRATION,MODERATE,Predicted vibration 0.101142 exceeds warning limit 0.10
905,2026-06-08 00:04:31,2026-06-08 00:05:31,60,vib_y_rms,XGBoost,0.137495,0.1247644126415252,-0.0127305873584747,WARNING,MEDIUM,ELEVATED_VIBRATION,MODERATE,Predicted vibration 0.124764 exceeds warning limit 0.10
906,2026-06-08 00:04:31,2026-06-08 00:05:31,60,vib_z_rms,XGBoost,0.059156,0.0594664998352527,0.0003104998352527,NORMAL,NORMAL,NONE,MODERATE,
914,2026-06-08 00:04:33,2026-06-08 00:05:33,60,mag_x,Ridge,272.93,223.54480698094025,-49.38519301905978,LOW_CONFIDENCE,INFO,MODEL_RELIABILITY_WARNING,LOW,Magnetic forecasting model has low predictive reliability based on walk-forward evaluation.
915,2026-06-08 00:04:33,2026-06-08 00:05:33,60,mag_y,Ridge,220.738,224.18340800267552,3.4454080026755207,LOW_CONFIDENCE,INFO,MODEL_RELIABILITY_WARNING,LOW,Magnetic forecasting model has low predictive reliability based on walk-forward evaluation.
916,2026-06-08 00:04:33,2026-06-08 00:05:33,60,mag_z,Ridge,320.81,225.02651867162496,-95.78348132837505,LOW_CONFIDENCE,INFO,MODEL_RELIABILITY_WARNING,LOW,Magnetic forecasting model has low predictive reliability based on walk-forward evaluation.
917,2026-06-08 00:04:33,2026-06-08 00:05:33,60,temperature,Persistence,45.44655977,45.44655977,0.0,NORMAL,NORMAL,NONE,HIGH,
911,2026-06-08 00:04:33,2026-06-08 00:05:33,60,vib_x_rms,XGBoost,0.113296,0.1008538976311683,-0.0124421023688316,WARNING,MEDIUM,ELEVATED_VIBRATION,MODERATE,Predicted vibration 0.100854 exceeds warning limit 0.10
912,2026-06-08 00:04:33,2026-06-08 00:05:33,60,vib_y_rms,XGBoost,0.143932,0.1259932219982147,-0.0179387780017852,WARNING,MEDIUM,ELEVATED_VIBRATION,MODERATE,Predicted vibration 0.125993 exceeds warning limit 0.10
913,2026-06-08 00:04:33,2026-06-08 00:05:33,60,vib_z_rms,XGBoost,0.060231,0.0595368333160877,-0.0006941666839122,NORMAL,NORMAL,NONE,MODERATE,
921,2026-06-08 00:04:34,2026-06-08 00:05:34,60,mag_x,Ridge,370.65,228.8618146862109,-141.78818531378906,LOW_CONFIDENCE,INFO,MODEL_RELIABILITY_WARNING,LOW,Magnetic forecasting model has low predictive reliability based on walk-forward evaluation.
922,2026-06-08 00:04:34,2026-06-08 00:05:34,60,mag_y,Ridge,377.356,229.9031228264977,-147.45287717350226,LOW_CONFIDENCE,INFO,MODEL_RELIABILITY_WARNING,LOW,Magnetic forecasting model has low predictive reliability based on walk-forward evaluation.
923,2026-06-08 00:04:34,2026-06-08 00:05:34,60,mag_z,Ridge,441.126,234.0932137615141,-207.03278623848584,LOW_CONFIDENCE,INFO,MODEL_RELIABILITY_WARNING,LOW,Magnetic forecasting model has low predictive reliability based on walk-forward evaluation.
924,2026-06-08 00:04:34,2026-06-08 00:05:34,60,temperature,Persistence,45.45724781,45.45724781,0.0,NORMAL,NORMAL,NONE,HIGH,
918,2026-06-08 00:04:34,2026-06-08 00:05:34,60,vib_x_rms,XGBoost,0.110049,0.1012668684124946,-0.0087821315875053,WARNING,MEDIUM,ELEVATED_VIBRATION,MODERATE,Predicted vibration 0.101267 exceeds warning limit 0.10
919,2026-06-08 00:04:34,2026-06-08 00:05:34,60,vib_y_rms,XGBoost,0.146296,0.1237261071801185,-0.0225698928198814,WARNING,MEDIUM,ELEVATED_VIBRATION,MODERATE,Predicted vibration 0.123726 exceeds warning limit 0.10
920,2026-06-08 00:04:34,2026-06-08 00:05:34,60,vib_z_rms,XGBoost,0.065271,0.0583179108798503,-0.0069530891201496,NORMAL,NORMAL,NONE,MODERATE,
928,2026-06-08 00:04:35,2026-06-08 00:05:35,60,mag_x,Ridge,331.674,229.5373179907482,-102.1366820092518,LOW_CONFIDENCE,INFO,MODEL_RELIABILITY_WARNING,LOW,Magnetic forecasting model has low predictive reliability based on walk-forward evaluation.
929,2026-06-08 00:04:35,2026-06-08 00:05:35,60,mag_y,Ridge,401.968,229.26879554140748,-172.69920445859253,LOW_CONFIDENCE,INFO,MODEL_RELIABILITY_WARNING,LOW,Magnetic forecasting model has low predictive reliability based on walk-forward evaluation.
930,2026-06-08 00:04:35,2026-06-08 00:05:35,60,mag_z,Ridge,172.144,230.36447595248148,58.22047595248148,LOW_CONFIDENCE,INFO,MODEL_RELIABILITY_WARNING,LOW,Magnetic forecasting model has low predictive reliability based on walk-forward evaluation.
931,2026-06-08 00:04:35,2026-06-08 00:05:35,60,temperature,Persistence,45.46579825,45.46579825,0.0,NORMAL,NORMAL,NONE,HIGH,
925,2026-06-08 00:04:35,2026-06-08 00:05:35,60,vib_x_rms,XGBoost,0.110708,0.1005633324384689,-0.010144667561531,WARNING,MEDIUM,ELEVATED_VIBRATION,MODERATE,Predicted vibration 0.100563 exceeds warning limit 0.10
926,2026-06-08 00:04:35,2026-06-08 00:05:35,60,vib_y_rms,XGBoost,0.129402,0.1246651038527488,-0.0047368961472511,WARNING,MEDIUM,ELEVATED_VIBRATION,MODERATE,Predicted vibration 0.124665 exceeds warning limit 0.10
927,2026-06-08 00:04:35,2026-06-08 00:05:35,60,vib_z_rms,XGBoost,0.065778,0.0578837171196937,-0.0078942828803062,NORMAL,NORMAL,NONE,MODERATE,
935,2026-06-08 00:04:37,2026-06-08 00:05:37,60,mag_x,Ridge,47.432,227.31660886084452,179.88460886084454,LOW_CONFIDENCE,INFO,MODEL_RELIABILITY_WARNING,LOW,Magnetic forecasting model has low predictive reliability based on walk-forward evaluation.
936,2026-06-08 00:04:37,2026-06-08 00:05:37,60,mag_y,Ridge,65.044,221.7792736352665,156.73527363526654,LOW_CONFIDENCE,INFO,MODEL_RELIABILITY_WARNING,LOW,Magnetic forecasting model has low predictive reliability based on walk-forward evaluation.
937,2026-06-08 00:04:37,2026-06-08 00:05:37,60,mag_z,Ridge,428.134,228.9447192176605,-199.1892807823395,LOW_CONFIDENCE,INFO,MODEL_RELIABILITY_WARNING,LOW,Magnetic forecasting model has low predictive reliability based on walk-forward evaluation.
938,2026-06-08 00:04:37,2026-06-08 00:05:37,60,temperature,Persistence,45.4726386,45.4726386,0.0,NORMAL,NORMAL,NONE,HIGH,
932,2026-06-08 00:04:37,2026-06-08 00:05:37,60,vib_x_rms,XGBoost,0.11408,0.0988568887114524,-0.0152231112885475,NORMAL,NORMAL,NONE,MODERATE,
933,2026-06-08 00:04:37,2026-06-08 00:05:37,60,vib_y_rms,XGBoost,0.119637,0.128520593047142,0.008883593047142,WARNING,MEDIUM,ELEVATED_VIBRATION,MODERATE,Predicted vibration 0.128521 exceeds warning limit 0.10
934,2026-06-08 00:04:37,2026-06-08 00:05:37,60,vib_z_rms,XGBoost,0.053838,0.0584658570587635,0.0046278570587635,NORMAL,NORMAL,NONE,MODERATE,
942,2026-06-08 00:04:38,2026-06-08 00:05:38,60,mag_x,Ridge,333.06,221.1584984692107,-111.90150153078928,LOW_CONFIDENCE,INFO,MODEL_RELIABILITY_WARNING,LOW,Magnetic forecasting model has low predictive reliability based on walk-forward evaluation.
943,2026-06-08 00:04:38,2026-06-08 00:05:38,60,mag_y,Ridge,310.674,235.84945743757515,-74.82454256242482,LOW_CONFIDENCE,INFO,MODEL_RELIABILITY_WARNING,LOW,Magnetic forecasting model has low predictive reliability based on walk-forward evaluation.
944,2026-06-08 00:04:38,2026-06-08 00:05:38,60,mag_z,Ridge,122.318,233.67651371462824,111.35851371462824,LOW_CONFIDENCE,INFO,MODEL_RELIABILITY_WARNING,LOW,Magnetic forecasting model has low predictive reliability based on walk-forward evaluation.
945,2026-06-08 00:04:38,2026-06-08 00:05:38,60,temperature,Persistence,45.47811088,45.47811088,0.0,NORMAL,NORMAL,NONE,HIGH,
939,2026-06-08 00:04:38,2026-06-08 00:05:38,60,vib_x_rms,XGBoost,0.118601,0.0959835797548294,-0.0226174202451705,NORMAL,NORMAL,NONE,MODERATE,
940,2026-06-08 00:04:38,2026-06-08 00:05:38,60,vib_y_rms,XGBoost,0.124296,0.1236890777945518,-0.0006069222054481,WARNING,MEDIUM,ELEVATED_VIBRATION,MODERATE,Predicted vibration 0.123689 exceeds warning limit 0.10
941,2026-06-08 00:04:38,2026-06-08 00:05:38,60,vib_z_rms,XGBoost,0.048563,0.0579470768570899,0.0093840768570899,NORMAL,NORMAL,NONE,MODERATE,
949,2026-06-08 00:04:40,2026-06-08 00:05:40,60,mag_x,Ridge,207.998,226.6093312396608,18.611331239660785,LOW_CONFIDENCE,INFO,MODEL_RELIABILITY_WARNING,LOW,Magnetic forecasting model has low predictive reliability based on walk-forward evaluation.
950,2026-06-08 00:04:40,2026-06-08 00:05:40,60,mag_y,Ridge,39.242,229.7125296051863,190.4705296051863,LOW_CONFIDENCE,INFO,MODEL_RELIABILITY_WARNING,LOW,Magnetic forecasting model has low predictive reliability based on walk-forward evaluation.
951,2026-06-08 00:04:40,2026-06-08 00:05:40,60,mag_z,Ridge,108.178,226.36417452633876,118.18617452633872,LOW_CONFIDENCE,INFO,MODEL_RELIABILITY_WARNING,LOW,Magnetic forecasting model has low predictive reliability based on walk-forward evaluation.
952,2026-06-08 00:04:40,2026-06-08 00:05:40,60,temperature,Persistence,45.4824887,45.4824887,0.0,NORMAL,NORMAL,NONE,HIGH,
946,2026-06-08 00:04:40,2026-06-08 00:05:40,60,vib_x_rms,XGBoost,0.086062,0.0924979150295257,0.0064359150295257,NORMAL,NORMAL,NONE,MODERATE,
947,2026-06-08 00:04:40,2026-06-08 00:05:40,60,vib_y_rms,XGBoost,0.152019,0.1235997974872589,-0.028419202512741,WARNING,MEDIUM,ELEVATED_VIBRATION,MODERATE,Predicted vibration 0.123600 exceeds warning limit 0.10
948,2026-06-08 00:04:40,2026-06-08 00:05:40,60,vib_z_rms,XGBoost,0.053108,0.0576481483876705,0.0045401483876705,NORMAL,NORMAL,NONE,MODERATE,
956,2026-06-08 00:04:41,2026-06-08 00:05:41,60,mag_x,Ridge,429.058,222.4825548508466,-206.57544514915335,LOW_CONFIDENCE,INFO,MODEL_RELIABILITY_WARNING,LOW,Magnetic forecasting model has low predictive reliability based on walk-forward evaluation.
957,2026-06-08 00:04:41,2026-06-08 00:05:41,60,mag_y,Ridge,121.814,237.34231203439265,115.52831203439266,LOW_CONFIDENCE,INFO,MODEL_RELIABILITY_WARNING,LOW,Magnetic forecasting model has low predictive reliability based on walk-forward evaluation.
958,2026-06-08 00:04:41,2026-06-08 00:05:41,60,mag_z,Ridge,47.25,233.214380174684,185.964380174684,LOW_CONFIDENCE,INFO,MODEL_RELIABILITY_WARNING,LOW,Magnetic forecasting model has low predictive reliability based on walk-forward evaluation.
959,2026-06-08 00:04:41,2026-06-08 00:05:41,60,temperature,Persistence,45.48599096,45.48599096,0.0,NORMAL,NORMAL,NONE,HIGH,
953,2026-06-08 00:04:41,2026-06-08 00:05:41,60,vib_x_rms,XGBoost,0.103192,0.0933311656117439,-0.009860834388256,NORMAL,NORMAL,NONE,MODERATE,
954,2026-06-08 00:04:41,2026-06-08 00:05:41,60,vib_y_rms,XGBoost,0.162244,0.1258710026741027,-0.0363729973258972,WARNING,MEDIUM,ELEVATED_VIBRATION,MODERATE,Predicted vibration 0.125871 exceeds warning limit 0.10
955,2026-06-08 00:04:41,2026-06-08 00:05:41,60,vib_z_rms,XGBoost,0.053817,0.0582193732261657,0.0044023732261657,NORMAL,NORMAL,NONE,MODERATE,
963,2026-06-08 00:04:43,2026-06-08 00:05:43,60,mag_x,Ridge,322.49,222.78503419630871,-99.7049658036913,LOW_CONFIDENCE,INFO,MODEL_RELIABILITY_WARNING,LOW,Magnetic forecasting model has low predictive reliability based on walk-forward evaluation.
964,2026-06-08 00:04:43,2026-06-08 00:05:43,60,mag_y,Ridge,57.232,234.41292572082543,177.18092572082546,LOW_CONFIDENCE,INFO,MODEL_RELIABILITY_WARNING,LOW,Magnetic forecasting model has low predictive reliability based on walk-forward evaluation.
965,2026-06-08 00:04:43,2026-06-08 00:05:43,60,mag_z,Ridge,297.836,236.1302584663502,-61.70574153364981,LOW_CONFIDENCE,INFO,MODEL_RELIABILITY_WARNING,LOW,Magnetic forecasting model has low predictive reliability based on walk-forward evaluation.
966,2026-06-08 00:04:43,2026-06-08 00:05:43,60,temperature,Persistence,45.48879277,45.48879277,0.0,NORMAL,NORMAL,NONE,HIGH,
960,2026-06-08 00:04:43,2026-06-08 00:05:43,60,vib_x_rms,XGBoost,0.114198,0.0946456640958786,-0.0195523359041213,NORMAL,NORMAL,NONE,MODERATE,
961,2026-06-08 00:04:43,2026-06-08 00:05:43,60,vib_y_rms,XGBoost,0.149873,0.1276107132434845,-0.0222622867565155,WARNING,MEDIUM,ELEVATED_VIBRATION,MODERATE,Predicted vibration 0.127611 exceeds warning limit 0.10
962,2026-06-08 00:04:43,2026-06-08 00:05:43,60,vib_z_rms,XGBoost,0.067674,0.0589138455688953,-0.0087601544311046,NORMAL,NORMAL,NONE,MODERATE,
970,2026-06-08 00:04:44,2026-06-08 00:05:44,60,mag_x,Ridge,50.19,231.7740338993428,181.5840338993428,LOW_CONFIDENCE,INFO,MODEL_RELIABILITY_WARNING,LOW,Magnetic forecasting model has low predictive reliability based on walk-forward evaluation.
971,2026-06-08 00:04:44,2026-06-08 00:05:44,60,mag_y,Ridge,46.438,232.3576030179583,185.9196030179583,LOW_CONFIDENCE,INFO,MODEL_RELIABILITY_WARNING,LOW,Magnetic forecasting model has low predictive reliability based on walk-forward evaluation.
972,2026-06-08 00:04:44,2026-06-08 00:05:44,60,mag_z,Ridge,400.204,234.1646015519717,-166.0393984480283,LOW_CONFIDENCE,INFO,MODEL_RELIABILITY_WARNING,LOW,Magnetic forecasting model has low predictive reliability based on walk-forward evaluation.
973,2026-06-08 00:04:44,2026-06-08 00:05:44,60,temperature,Persistence,45.49103422,45.49103422,0.0,NORMAL,NORMAL,NONE,HIGH,
967,2026-06-08 00:04:44,2026-06-08 00:05:44,60,vib_x_rms,XGBoost,0.115268,0.0977148935198783,-0.0175531064801216,NORMAL,NORMAL,NONE,MODERATE,
968,2026-06-08 00:04:44,2026-06-08 00:05:44,60,vib_y_rms,XGBoost,0.129831,0.1284585446119308,-0.0013724553880691,WARNING,MEDIUM,ELEVATED_VIBRATION,MODERATE,Predicted vibration 0.128459 exceeds warning limit 0.10
969,2026-06-08 00:04:44,2026-06-08 00:05:44,60,vib_z_rms,XGBoost,0.063562,0.0594061762094497,-0.0041558237905502,NORMAL,NORMAL,NONE,MODERATE,
977,2026-06-08 00:04:46,2026-06-08 00:05:46,60,mag_x,Ridge,191.338,222.12155006074968,30.78355006074969,LOW_CONFIDENCE,INFO,MODEL_RELIABILITY_WARNING,LOW,Magnetic forecasting model has low predictive reliability based on walk-forward evaluation.
978,2026-06-08 00:04:46,2026-06-08 00:05:46,60,mag_y,Ridge,87.556,233.7448264246984,146.1888264246984,LOW_CONFIDENCE,INFO,MODEL_RELIABILITY_WARNING,LOW,Magnetic forecasting model has low predictive reliability based on walk-forward evaluation.
979,2026-06-08 00:04:46,2026-06-08 00:05:46,60,mag_z,Ridge,389.83,230.33664422345169,-159.4933557765483,LOW_CONFIDENCE,INFO,MODEL_RELIABILITY_WARNING,LOW,Magnetic forecasting model has low predictive reliability based on walk-forward evaluation.
980,2026-06-08 00:04:46,2026-06-08 00:05:46,60,temperature,Persistence,45.49282737,45.49282737,0.0,NORMAL,NORMAL,NONE,HIGH,
974,2026-06-08 00:04:46,2026-06-08 00:05:46,60,vib_x_rms,XGBoost,0.104744,0.0989832952618599,-0.0057607047381401,NORMAL,NORMAL,NONE,MODERATE,
975,2026-06-08 00:04:46,2026-06-08 00:05:46,60,vib_y_rms,XGBoost,0.121239,0.1238904148340225,0.0026514148340225,WARNING,MEDIUM,ELEVATED_VIBRATION,MODERATE,Predicted vibration 0.123890 exceeds warning limit 0.10
976,2026-06-08 00:04:46,2026-06-08 00:05:46,60,vib_z_rms,XGBoost,0.056837,0.0603935755789279,0.0035565755789279,NORMAL,NORMAL,NONE,MODERATE,
984,2026-06-08 00:04:47,2026-06-08 00:05:47,60,mag_x,Ridge,363.104,232.05356839502704,-131.05043160497294,LOW_CONFIDENCE,INFO,MODEL_RELIABILITY_WARNING,LOW,Magnetic forecasting model has low predictive reliability based on walk-forward evaluation.
985,2026-06-08 00:04:47,2026-06-08 00:05:47,60,mag_y,Ridge,115.584,229.03466399007388,113.45066399007388,LOW_CONFIDENCE,INFO,MODEL_RELIABILITY_WARNING,LOW,Magnetic forecasting model has low predictive reliability based on walk-forward evaluation.
986,2026-06-08 00:04:47,2026-06-08 00:05:47,60,mag_z,Ridge,322.784,232.4736563680745,-90.31034363192548,LOW_CONFIDENCE,INFO,MODEL_RELIABILITY_WARNING,LOW,Magnetic forecasting model has low predictive reliability based on walk-forward evaluation.
987,2026-06-08 00:04:47,2026-06-08 00:05:47,60,temperature,Persistence,45.4942619,45.4942619,0.0,NORMAL,NORMAL,NONE,HIGH,
981,2026-06-08 00:04:47,2026-06-08 00:05:47,60,vib_x_rms,XGBoost,0.099657,0.0990213304758071,-0.0006356695241928,NORMAL,NORMAL,NONE,MODERATE,
982,2026-06-08 00:04:47,2026-06-08 00:05:47,60,vib_y_rms,XGBoost,0.179758,0.1309794187545776,-0.0487785812454223,WARNING,MEDIUM,ELEVATED_VIBRATION,MODERATE,Predicted vibration 0.130979 exceeds warning limit 0.10
983,2026-06-08 00:04:47,2026-06-08 00:05:47,60,vib_z_rms,XGBoost,0.051878,0.0602731704711914,0.0083951704711914,NORMAL,NORMAL,NONE,MODERATE,
991,2026-06-08 00:04:48,2026-06-08 00:05:48,60,mag_x,Ridge,80.92001,230.27047966188127,149.35046966188133,LOW_CONFIDENCE,INFO,MODEL_RELIABILITY_WARNING,LOW,Magnetic forecasting model has low predictive reliability based on walk-forward evaluation.
992,2026-06-08 00:04:48,2026-06-08 00:05:48,60,mag_y,Ridge,3.542,236.45927683934977,232.91727683934977,LOW_CONFIDENCE,INFO,MODEL_RELIABILITY_WARNING,LOW,Magnetic forecasting model has low predictive reliability based on walk-forward evaluation.
993,2026-06-08 00:04:48,2026-06-08 00:05:48,60,mag_z,Ridge,47.67,228.84505550535624,181.17505550535623,LOW_CONFIDENCE,INFO,MODEL_RELIABILITY_WARNING,LOW,Magnetic forecasting model has low predictive reliability based on walk-forward evaluation.
994,2026-06-08 00:04:48,2026-06-08 00:05:48,60,temperature,Persistence,45.49540952,45.49540952,0.0,NORMAL,NORMAL,NONE,HIGH,
988,2026-06-08 00:04:48,2026-06-08 00:05:48,60,vib_x_rms,XGBoost,0.100242,0.0947476476430893,-0.0054943523569107,NORMAL,NORMAL,NONE,MODERATE,
989,2026-06-08 00:04:48,2026-06-08 00:05:48,60,vib_y_rms,XGBoost,0.149587,0.1234415248036384,-0.0261454751963615,WARNING,MEDIUM,ELEVATED_VIBRATION,MODERATE,Predicted vibration 0.123442 exceeds warning limit 0.10
990,2026-06-08 00:04:48,2026-06-08 00:05:48,60,vib_z_rms,XGBoost,0.056357,0.0566043332219123,0.0002473332219123,NORMAL,NORMAL,NONE,MODERATE,
998,2026-06-08 00:04:50,2026-06-08 00:05:50,60,mag_x,Ridge,129.85,235.60476495480225,105.75476495480224,LOW_CONFIDENCE,INFO,MODEL_RELIABILITY_WARNING,LOW,Magnetic forecasting model has low predictive reliability based on walk-forward evaluation.
999,2026-06-08 00:04:50,2026-06-08 00:05:50,60,mag_y,Ridge,209.818,234.77576494325356,24.95776494325352,LOW_CONFIDENCE,INFO,MODEL_RELIABILITY_WARNING,LOW,Magnetic forecasting model has low predictive reliability based on walk-forward evaluation.
1000,2026-06-08 00:04:50,2026-06-08 00:05:50,60,mag_z,Ridge,168.49,228.48056750732803,59.99056750732802,LOW_CONFIDENCE,INFO,MODEL_RELIABILITY_WARNING,LOW,Magnetic forecasting model has low predictive reliability based on walk-forward evaluation.
1001,2026-06-08 00:04:50,2026-06-08 00:05:50,60,temperature,Persistence,45.49632762,45.49632762,0.0,NORMAL,NORMAL,NONE,HIGH,
995,2026-06-08 00:04:50,2026-06-08 00:05:50,60,vib_x_rms,XGBoost,0.09735,0.0985132828354835,0.0011632828354835,NORMAL,NORMAL,NONE,MODERATE,
996,2026-06-08 00:04:50,2026-06-08 00:05:50,60,vib_y_rms,XGBoost,0.147265,0.1278005540370941,-0.0194644459629058,WARNING,MEDIUM,ELEVATED_VIBRATION,MODERATE,Predicted vibration 0.127801 exceeds warning limit 0.10
997,2026-06-08 00:04:50,2026-06-08 00:05:50,60,vib_z_rms,XGBoost,0.059169,0.0591739937663078,4.993766307831438e-06,NORMAL,NORMAL,NONE,MODERATE,
1005,2026-06-08 00:04:51,2026-06-08 00:05:51,60,mag_x,Ridge,213.094,231.1671156900813,18.073115690081323,LOW_CONFIDENCE,INFO,MODEL_RELIABILITY_WARNING,LOW,Magnetic forecasting model has low predictive reliability based on walk-forward evaluation.
1006,2026-06-08 00:04:51,2026-06-08 00:05:51,60,mag_y,Ridge,202.734,237.9292853544176,35.19528535441759,LOW_CONFIDENCE,INFO,MODEL_RELIABILITY_WARNING,LOW,Magnetic forecasting model has low predictive reliability based on walk-forward evaluation.
1007,2026-06-08 00:04:51,2026-06-08 00:05:51,60,mag_z,Ridge,243.712,228.4237760372925,-15.288223962707493,LOW_CONFIDENCE,INFO,MODEL_RELIABILITY_WARNING,LOW,Magnetic forecasting model has low predictive reliability based on walk-forward evaluation.
1008,2026-06-08 00:04:51,2026-06-08 00:05:51,60,temperature,Persistence,45.49706209,45.49706209,0.0,NORMAL,NORMAL,NONE,HIGH,
1002,2026-06-08 00:04:51,2026-06-08 00:05:51,60,vib_x_rms,XGBoost,0.093569,0.0964582040905952,0.0028892040905952,NORMAL,NORMAL,NONE,MODERATE,
1003,2026-06-08 00:04:51,2026-06-08 00:05:51,60,vib_y_rms,XGBoost,0.12523,0.1281876862049102,0.0029576862049102,WARNING,MEDIUM,ELEVATED_VIBRATION,MODERATE,Predicted vibration 0.128188 exceeds warning limit 0.10
1004,2026-06-08 00:04:51,2026-06-08 00:05:51,60,vib_z_rms,XGBoost,0.055275,0.0596095956861972,0.0043345956861972,NORMAL,NORMAL,NONE,MODERATE,
1012,2026-06-08 00:04:53,2026-06-08 00:05:53,60,mag_x,Ridge,33.922,232.84658476375895,198.924584763759,LOW_CONFIDENCE,INFO,MODEL_RELIABILITY_WARNING,LOW,Magnetic forecasting model has low predictive reliability based on walk-forward evaluation.
1013,2026-06-08 00:04:53,2026-06-08 00:05:53,60,mag_y,Ridge,83.034,230.255134293468,147.22113429346797,LOW_CONFIDENCE,INFO,MODEL_RELIABILITY_WARNING,LOW,Magnetic forecasting model has low predictive reliability based on walk-forward evaluation.
1014,2026-06-08 00:04:53,2026-06-08 00:05:53,60,mag_z,Ridge,151.69,232.5755812606041,80.88558126060411,LOW_CONFIDENCE,INFO,MODEL_RELIABILITY_WARNING,LOW,Magnetic forecasting model has low predictive reliability based on walk-forward evaluation.
1015,2026-06-08 00:04:53,2026-06-08 00:05:53,60,temperature,Persistence,45.49764967,45.49764967,0.0,NORMAL,NORMAL,NONE,HIGH,
1009,2026-06-08 00:04:53,2026-06-08 00:05:53,60,vib_x_rms,XGBoost,0.105791,0.1012545824050903,-0.0045364175949096,WARNING,MEDIUM,ELEVATED_VIBRATION,MODERATE,Predicted vibration 0.101255 exceeds warning limit 0.10
1010,2026-06-08 00:04:53,2026-06-08 00:05:53,60,vib_y_rms,XGBoost,0.136947,0.1304779648780822,-0.0064690351219177,WARNING,MEDIUM,ELEVATED_VIBRATION,MODERATE,Predicted vibration 0.130478 exceeds warning limit 0.10
1011,2026-06-08 00:04:53,2026-06-08 00:05:53,60,vib_z_rms,XGBoost,0.052024,0.0604411624372005,0.0084171624372005,NORMAL,NORMAL,NONE,MODERATE,
1019,2026-06-08 00:04:54,2026-06-08 00:05:54,60,mag_x,Ridge,402.864,224.6918023809434,-178.17219761905656,LOW_CONFIDENCE,INFO,MODEL_RELIABILITY_WARNING,LOW,Magnetic forecasting model has low predictive reliability based on walk-forward evaluation.
1020,2026-06-08 00:04:54,2026-06-08 00:05:54,60,mag_y,Ridge,120.792,231.80870222665908,111.01670222665908,LOW_CONFIDENCE,INFO,MODEL_RELIABILITY_WARNING,LOW,Magnetic forecasting model has low predictive reliability based on walk-forward evaluation.
1021,2026-06-08 00:04:54,2026-06-08 00:05:54,60,mag_z,Ridge,173.6,233.2392846549128,59.63928465491279,LOW_CONFIDENCE,INFO,MODEL_RELIABILITY_WARNING,LOW,Magnetic forecasting model has low predictive reliability based on walk-forward evaluation.
1022,2026-06-08 00:04:54,2026-06-08 00:05:54,60,temperature,Persistence,45.49811974,45.49811974,0.0,NORMAL,NORMAL,NONE,HIGH,
1016,2026-06-08 00:04:54,2026-06-08 00:05:54,60,vib_x_rms,XGBoost,0.128822,0.0974383205175399,-0.03138367948246,NORMAL,NORMAL,NONE,MODERATE,
1017,2026-06-08 00:04:54,2026-06-08 00:05:54,60,vib_y_rms,XGBoost,0.144371,0.1304731518030166,-0.0138978481969833,WARNING,MEDIUM,ELEVATED_VIBRATION,MODERATE,Predicted vibration 0.130473 exceeds warning limit 0.10
1018,2026-06-08 00:04:54,2026-06-08 00:05:54,60,vib_z_rms,XGBoost,0.064267,0.0599292814731597,-0.0043377185268402,NORMAL,NORMAL,NONE,MODERATE,
1026,2026-06-08 00:04:56,2026-06-08 00:05:56,60,mag_x,Ridge,34.356,232.34899555354127,197.99299555354128,LOW_CONFIDENCE,INFO,MODEL_RELIABILITY_WARNING,LOW,Magnetic forecasting model has low predictive reliability based on walk-forward evaluation.
1027,2026-06-08 00:04:56,2026-06-08 00:05:56,60,mag_y,Ridge,435.932,224.4374909026172,-211.4945090973829,LOW_CONFIDENCE,INFO,MODEL_RELIABILITY_WARNING,LOW,Magnetic forecasting model has low predictive reliability based on walk-forward evaluation.
1028,2026-06-08 00:04:56,2026-06-08 00:05:56,60,mag_z,Ridge,214.438,227.10124406662464,12.663244066624628,LOW_CONFIDENCE,INFO,MODEL_RELIABILITY_WARNING,LOW,Magnetic forecasting model has low predictive reliability based on walk-forward evaluation.
1029,2026-06-08 00:04:56,2026-06-08 00:05:56,60,temperature,Persistence,45.49849579,45.49849579,0.0,NORMAL,NORMAL,NONE,HIGH,
1023,2026-06-08 00:04:56,2026-06-08 00:05:56,60,vib_x_rms,XGBoost,0.115276,0.0989370122551918,-0.0163389877448082,NORMAL,NORMAL,NONE,MODERATE,
1024,2026-06-08 00:04:56,2026-06-08 00:05:56,60,vib_y_rms,XGBoost,0.158933,0.1267704367637634,-0.0321625632362365,WARNING,MEDIUM,ELEVATED_VIBRATION,MODERATE,Predicted vibration 0.126770 exceeds warning limit 0.10
1025,2026-06-08 00:04:56,2026-06-08 00:05:56,60,vib_z_rms,XGBoost,0.073291,0.0582295656204223,-0.0150614343795776,NORMAL,NORMAL,NONE,MODERATE,
1033,2026-06-08 00:04:57,2026-06-08 00:05:57,60,mag_x,Ridge,306.74,227.20509907477333,-79.53490092522668,LOW_CONFIDENCE,INFO,MODEL_RELIABILITY_WARNING,LOW,Magnetic forecasting model has low predictive reliability based on walk-forward evaluation.
1034,2026-06-08 00:04:57,2026-06-08 00:05:57,60,mag_y,Ridge,0.084,226.06594926221655,225.98194926221657,LOW_CONFIDENCE,INFO,MODEL_RELIABILITY_WARNING,LOW,Magnetic forecasting model has low predictive reliability based on walk-forward evaluation.
1035,2026-06-08 00:04:57,2026-06-08 00:05:57,60,mag_z,Ridge,30.534,232.2419007927309,201.7079007927309,LOW_CONFIDENCE,INFO,MODEL_RELIABILITY_WARNING,LOW,Magnetic forecasting model has low predictive reliability based on walk-forward evaluation.
1036,2026-06-08 00:04:57,2026-06-08 00:05:57,60,temperature,Persistence,45.49879663,45.49879663,0.0,NORMAL,NORMAL,NONE,HIGH,
1030,2026-06-08 00:04:57,2026-06-08 00:05:57,60,vib_x_rms,XGBoost,0.11149,0.0979917123913765,-0.0134982876086235,NORMAL,NORMAL,NONE,MODERATE,
1031,2026-06-08 00:04:57,2026-06-08 00:05:57,60,vib_y_rms,XGBoost,0.127293,0.1300259083509445,0.0027329083509445,WARNING,MEDIUM,ELEVATED_VIBRATION,MODERATE,Predicted vibration 0.130026 exceeds warning limit 0.10
1032,2026-06-08 00:04:57,2026-06-08 00:05:57,60,vib_z_rms,XGBoost,0.060808,0.0600844100117683,-0.0007235899882316,NORMAL,NORMAL,NONE,MODERATE,
1040,2026-06-08 00:04:58,2026-06-08 00:05:58,60,mag_x,Ridge,416.556,224.96219128013288,-191.59380871986716,LOW_CONFIDENCE,INFO,MODEL_RELIABILITY_WARNING,LOW,Magnetic forecasting model has low predictive reliability based on walk-forward evaluation.
1041,2026-06-08 00:04:58,2026-06-08 00:05:58,60,mag_y,Ridge,442.61,235.67275803306796,-206.93724196693208,LOW_CONFIDENCE,INFO,MODEL_RELIABILITY_WARNING,LOW,Magnetic forecasting model has low predictive reliability based on walk-forward evaluation.
1042,2026-06-08 00:04:58,2026-06-08 00:05:58,60,mag_z,Ridge,86.25401,223.9706208101137,137.7166108101137,LOW_CONFIDENCE,INFO,MODEL_RELIABILITY_WARNING,LOW,Magnetic forecasting model has low predictive reliability based on walk-forward evaluation.
1043,2026-06-08 00:04:58,2026-06-08 00:05:58,60,temperature,Persistence,45.49903731,45.49903731,0.0,NORMAL,NORMAL,NONE,HIGH,
1037,2026-06-08 00:04:58,2026-06-08 00:05:58,60,vib_x_rms,XGBoost,0.111878,0.0991622433066368,-0.0127157566933631,NORMAL,NORMAL,NONE,MODERATE,
1038,2026-06-08 00:04:58,2026-06-08 00:05:58,60,vib_y_rms,XGBoost,0.134265,0.129811555147171,-0.0044534448528289,WARNING,MEDIUM,ELEVATED_VIBRATION,MODERATE,Predicted vibration 0.129812 exceeds warning limit 0.10
1039,2026-06-08 00:04:58,2026-06-08 00:05:58,60,vib_z_rms,XGBoost,0.066238,0.0608631446957588,-0.0053748553042411,NORMAL,NORMAL,NONE,MODERATE,
1047,2026-06-08 00:05:00,2026-06-08 00:06:00,60,mag_x,Ridge,86.632,232.17300102066076,145.54100102066073,LOW_CONFIDENCE,INFO,MODEL_RELIABILITY_WARNING,LOW,Magnetic forecasting model has low predictive reliability based on walk-forward evaluation.
1048,2026-06-08 00:05:00,2026-06-08 00:06:00,60,mag_y,Ridge,440.272,227.7312575558688,-212.5407424441312,LOW_CONFIDENCE,INFO,MODEL_RELIABILITY_WARNING,LOW,Magnetic forecasting model has low predictive reliability based on walk-forward evaluation.
1049,2026-06-08 00:05:00,2026-06-08 00:06:00,60,mag_z,Ridge,255.178,230.82076630554369,-24.35723369445634,LOW_CONFIDENCE,INFO,MODEL_RELIABILITY_WARNING,LOW,Magnetic forecasting model has low predictive reliability based on walk-forward evaluation.
1050,2026-06-08 00:05:00,2026-06-08 00:06:00,60,temperature,Persistence,45.49922985,45.49922985,0.0,NORMAL,NORMAL,NONE,HIGH,
1044,2026-06-08 00:05:00,2026-06-08 00:06:00,60,vib_x_rms,XGBoost,0.11764,0.1013180166482925,-0.0163219833517074,WARNING,MEDIUM,ELEVATED_VIBRATION,MODERATE,Predicted vibration 0.101318 exceeds warning limit 0.10
1045,2026-06-08 00:05:00,2026-06-08 00:06:00,60,vib_y_rms,XGBoost,0.157653,0.126480296254158,-0.0311727037458419,WARNING,MEDIUM,ELEVATED_VIBRATION,MODERATE,Predicted vibration 0.126480 exceeds warning limit 0.10
1046,2026-06-08 00:05:00,2026-06-08 00:06:00,60,vib_z_rms,XGBoost,0.066006,0.060120340436697,-0.0058856595633029,NORMAL,NORMAL,NONE,MODERATE,
1054,2026-06-08 00:05:01,2026-06-08 00:06:01,60,mag_x,Ridge,280.042,230.91038422412075,-49.131615775879226,LOW_CONFIDENCE,INFO,MODEL_RELIABILITY_WARNING,LOW,Magnetic forecasting model has low predictive reliability based on walk-forward evaluation.
1055,2026-06-08 00:05:01,2026-06-08 00:06:01,60,mag_y,Ridge,314.706,223.6881928840137,-91.0178071159863,LOW_CONFIDENCE,INFO,MODEL_RELIABILITY_WARNING,LOW,Magnetic forecasting model has low predictive reliability based on walk-forward evaluation.
1056,2026-06-08 00:05:01,2026-06-08 00:06:01,60,mag_z,Ridge,419.608,224.70166138146377,-194.90633861853624,LOW_CONFIDENCE,INFO,MODEL_RELIABILITY_WARNING,LOW,Magnetic forecasting model has low predictive reliability based on walk-forward evaluation.
1057,2026-06-08 00:05:01,2026-06-08 00:06:01,60,temperature,Persistence,45.49938388,45.49938388,0.0,NORMAL,NORMAL,NONE,HIGH,
1051,2026-06-08 00:05:01,2026-06-08 00:06:01,60,vib_x_rms,XGBoost,0.111835,0.1008287519216537,-0.0110062480783462,WARNING,MEDIUM,ELEVATED_VIBRATION,MODERATE,Predicted vibration 0.100829 exceeds warning limit 0.10
1052,2026-06-08 00:05:01,2026-06-08 00:06:01,60,vib_y_rms,XGBoost,0.157463,0.1289405673742294,-0.0285224326257705,WARNING,MEDIUM,ELEVATED_VIBRATION,MODERATE,Predicted vibration 0.128941 exceeds warning limit 0.10
1053,2026-06-08 00:05:01,2026-06-08 00:06:01,60,vib_z_rms,XGBoost,0.07308,0.059474691748619,-0.0136053082513809,NORMAL,NORMAL,NONE,MODERATE,
1061,2026-06-08 00:05:03,2026-06-08 00:06:03,60,mag_x,Ridge,453.376,229.53203979366924,-223.84396020633076,LOW_CONFIDENCE,INFO,MODEL_RELIABILITY_WARNING,LOW,Magnetic forecasting model has low predictive reliability based on walk-forward evaluation.
1062,2026-06-08 00:05:03,2026-06-08 00:06:03,60,mag_y,Ridge,394.688,227.9459748667157,-166.7420251332843,LOW_CONFIDENCE,INFO,MODEL_RELIABILITY_WARNING,LOW,Magnetic forecasting model has low predictive reliability based on walk-forward evaluation.
1063,2026-06-08 00:05:03,2026-06-08 00:06:03,60,mag_z,Ridge,146.174,226.97723094160236,80.80323094160232,LOW_CONFIDENCE,INFO,MODEL_RELIABILITY_WARNING,LOW,Magnetic forecasting model has low predictive reliability based on walk-forward evaluation.
1064,2026-06-08 00:05:03,2026-06-08 00:06:03,60,temperature,Persistence,45.4995071,45.4995071,0.0,NORMAL,NORMAL,NONE,HIGH,
1058,2026-06-08 00:05:03,2026-06-08 00:06:03,60,vib_x_rms,XGBoost,0.129388,0.1014140248298645,-0.0279739751701355,WARNING,MEDIUM,ELEVATED_VIBRATION,MODERATE,Predicted vibration 0.101414 exceeds warning limit 0.10
1059,2026-06-08 00:05:03,2026-06-08 00:06:03,60,vib_y_rms,XGBoost,0.149005,0.1295319348573684,-0.0194730651426315,WARNING,MEDIUM,ELEVATED_VIBRATION,MODERATE,Predicted vibration 0.129532 exceeds warning limit 0.10
1060,2026-06-08 00:05:03,2026-06-08 00:06:03,60,vib_z_rms,XGBoost,0.074983,0.0601361989974975,-0.0148468010025024,NORMAL,NORMAL,NONE,MODERATE,
1068,2026-06-08 00:05:04,2026-06-08 00:06:04,60,mag_x,Ridge,240.954,228.82888748080336,-12.125112519196648,LOW_CONFIDENCE,INFO,MODEL_RELIABILITY_WARNING,LOW,Magnetic forecasting model has low predictive reliability based on walk-forward evaluation.
1069,2026-06-08 00:05:04,2026-06-08 00:06:04,60,mag_y,Ridge,370.482,223.4668454899843,-147.01515451001572,LOW_CONFIDENCE,INFO,MODEL_RELIABILITY_WARNING,LOW,Magnetic forecasting model has low predictive reliability based on walk-forward evaluation.
1070,2026-06-08 00:05:04,2026-06-08 00:06:04,60,mag_z,Ridge,126.868,227.3882574844134,100.5202574844134,LOW_CONFIDENCE,INFO,MODEL_RELIABILITY_WARNING,LOW,Magnetic forecasting model has low predictive reliability based on walk-forward evaluation.
1071,2026-06-08 00:05:04,2026-06-08 00:06:04,60,temperature,Persistence,45.49960568,45.49960568,0.0,NORMAL,NORMAL,NONE,HIGH,
1065,2026-06-08 00:05:04,2026-06-08 00:06:04,60,vib_x_rms,XGBoost,0.109246,0.1010073497891426,-0.0082386502108573,WARNING,MEDIUM,ELEVATED_VIBRATION,MODERATE,Predicted vibration 0.101007 exceeds warning limit 0.10
1066,2026-06-08 00:05:04,2026-06-08 00:06:04,60,vib_y_rms,XGBoost,0.153837,0.1293083727359771,-0.0245286272640228,WARNING,MEDIUM,ELEVATED_VIBRATION,MODERATE,Predicted vibration 0.129308 exceeds warning limit 0.10
1067,2026-06-08 00:05:04,2026-06-08 00:06:04,60,vib_z_rms,XGBoost,0.058575,0.0585772171616554,2.2171616554239604e-06,NORMAL,NORMAL,NONE,MODERATE,
1075,2026-06-08 00:05:06,2026-06-08 00:06:06,60,mag_x,Ridge,200.662,228.29662519913745,27.634625199137417,LOW_CONFIDENCE,INFO,MODEL_RELIABILITY_WARNING,LOW,Magnetic forecasting model has low predictive reliability based on walk-forward evaluation.
1076,2026-06-08 00:05:06,2026-06-08 00:06:06,60,mag_y,Ridge,8.05,222.9679902974752,214.9179902974752,LOW_CONFIDENCE,INFO,MODEL_RELIABILITY_WARNING,LOW,Magnetic forecasting model has low predictive reliability based on walk-forward evaluation.
1077,2026-06-08 00:05:06,2026-06-08 00:06:06,60,mag_z,Ridge,143.192,232.63370001376563,89.44170001376563,LOW_CONFIDENCE,INFO,MODEL_RELIABILITY_WARNING,LOW,Magnetic forecasting model has low predictive reliability based on walk-forward evaluation.
1078,2026-06-08 00:05:06,2026-06-08 00:06:06,60,temperature,Persistence,45.49968454,45.49968454,0.0,NORMAL,NORMAL,NONE,HIGH,
1072,2026-06-08 00:05:06,2026-06-08 00:06:06,60,vib_x_rms,XGBoost,0.106375,0.1011711731553077,-0.0052038268446922,WARNING,MEDIUM,ELEVATED_VIBRATION,MODERATE,Predicted vibration 0.101171 exceeds warning limit 0.10
1073,2026-06-08 00:05:06,2026-06-08 00:06:06,60,vib_y_rms,XGBoost,0.143642,0.1293841004371643,-0.0142578995628356,WARNING,MEDIUM,ELEVATED_VIBRATION,MODERATE,Predicted vibration 0.129384 exceeds warning limit 0.10
1074,2026-06-08 00:05:06,2026-06-08 00:06:06,60,vib_z_rms,XGBoost,0.059487,0.0584982633590698,-0.0009887366409301,NORMAL,NORMAL,NONE,MODERATE,
1082,2026-06-08 00:05:07,2026-06-08 00:06:07,60,mag_x,Ridge,156.128,229.7072593420725,73.57925934207248,LOW_CONFIDENCE,INFO,MODEL_RELIABILITY_WARNING,LOW,Magnetic forecasting model has low predictive reliability based on walk-forward evaluation.
1083,2026-06-08 00:05:07,2026-06-08 00:06:07,60,mag_y,Ridge,297.584,235.05687706331375,-62.52712293668623,LOW_CONFIDENCE,INFO,MODEL_RELIABILITY_WARNING,LOW,Magnetic forecasting model has low predictive reliability based on walk-forward evaluation.
1084,2026-06-08 00:05:07,2026-06-08 00:06:07,60,mag_z,Ridge,290.024,233.86312944350385,-56.16087055649615,LOW_CONFIDENCE,INFO,MODEL_RELIABILITY_WARNING,LOW,Magnetic forecasting model has low predictive reliability based on walk-forward evaluation.
1085,2026-06-08 00:05:07,2026-06-08 00:06:07,60,temperature,Persistence,45.49974764,45.49974764,0.0,NORMAL,NORMAL,NONE,HIGH,
1079,2026-06-08 00:05:07,2026-06-08 00:06:07,60,vib_x_rms,XGBoost,0.108251,0.0994233414530754,-0.0088276585469245,NORMAL,NORMAL,NONE,MODERATE,
1080,2026-06-08 00:05:07,2026-06-08 00:06:07,60,vib_y_rms,XGBoost,0.129885,0.1286901980638504,-0.0011948019361495,WARNING,MEDIUM,ELEVATED_VIBRATION,MODERATE,Predicted vibration 0.128690 exceeds warning limit 0.10
1081,2026-06-08 00:05:07,2026-06-08 00:06:07,60,vib_z_rms,XGBoost,0.065763,0.0592651292681694,-0.0064978707318305,NORMAL,NORMAL,NONE,MODERATE,
1089,2026-06-08 00:05:08,2026-06-08 00:06:08,60,mag_x,Ridge,142.674,239.88907393618427,97.21507393618428,LOW_CONFIDENCE,INFO,MODEL_RELIABILITY_WARNING,LOW,Magnetic forecasting model has low predictive reliability based on walk-forward evaluation.
1090,2026-06-08 00:05:08,2026-06-08 00:06:08,60,mag_y,Ridge,350.238,233.2075514302884,-117.03044856971164,LOW_CONFIDENCE,INFO,MODEL_RELIABILITY_WARNING,LOW,Magnetic forecasting model has low predictive reliability based on walk-forward evaluation.
1091,2026-06-08 00:05:08,2026-06-08 00:06:08,60,mag_z,Ridge,77.36401,233.5923563982039,156.22834639820388,LOW_CONFIDENCE,INFO,MODEL_RELIABILITY_WARNING,LOW,Magnetic forecasting model has low predictive reliability based on walk-forward evaluation.
1092,2026-06-08 00:05:08,2026-06-08 00:06:08,60,temperature,Persistence,45.49979811,45.49979811,0.0,NORMAL,NORMAL,NONE,HIGH,
1086,2026-06-08 00:05:08,2026-06-08 00:06:08,60,vib_x_rms,XGBoost,0.124204,0.0998022705316543,-0.0244017294683456,NORMAL,NORMAL,NONE,MODERATE,
1087,2026-06-08 00:05:08,2026-06-08 00:06:08,60,vib_y_rms,XGBoost,0.131391,0.1283240765333175,-0.0030669234666824,WARNING,MEDIUM,ELEVATED_VIBRATION,MODERATE,Predicted vibration 0.128324 exceeds warning limit 0.10
1088,2026-06-08 00:05:08,2026-06-08 00:06:08,60,vib_z_rms,XGBoost,0.062784,0.0585399754345417,-0.0042440245654583,NORMAL,NORMAL,NONE,MODERATE,
1096,2026-06-08 00:05:10,2026-06-08 00:06:10,60,mag_x,Ridge,151.886,236.79054568029463,84.90454568029466,LOW_CONFIDENCE,INFO,MODEL_RELIABILITY_WARNING,LOW,Magnetic forecasting model has low predictive reliability based on walk-forward evaluation.
1097,2026-06-08 00:05:10,2026-06-08 00:06:10,60,mag_y,Ridge,51.59,224.7745830019052,173.18458300190517,LOW_CONFIDENCE,INFO,MODEL_RELIABILITY_WARNING,LOW,Magnetic forecasting model has low predictive reliability based on walk-forward evaluation.
1098,2026-06-08 00:05:10,2026-06-08 00:06:10,60,mag_z,Ridge,236.236,240.8218634546962,4.585863454696209,LOW_CONFIDENCE,INFO,MODEL_RELIABILITY_WARNING,LOW,Magnetic forecasting model has low predictive reliability based on walk-forward evaluation.
1099,2026-06-08 00:05:10,2026-06-08 00:06:10,60,temperature,Persistence,45.49983849,45.49983849,0.0,NORMAL,NORMAL,NONE,HIGH,
1093,2026-06-08 00:05:10,2026-06-08 00:06:10,60,vib_x_rms,XGBoost,0.115912,0.0985198020935058,-0.0173921979064941,NORMAL,NORMAL,NONE,MODERATE,
1094,2026-06-08 00:05:10,2026-06-08 00:06:10,60,vib_y_rms,XGBoost,0.141192,0.1288711577653885,-0.0123208422346115,WARNING,MEDIUM,ELEVATED_VIBRATION,MODERATE,Predicted vibration 0.128871 exceeds warning limit 0.10
1095,2026-06-08 00:05:10,2026-06-08 00:06:10,60,vib_z_rms,XGBoost,0.065949,0.0599097609519958,-0.0060392390480041,NORMAL,NORMAL,NONE,MODERATE,
1103,2026-06-08 00:05:11,2026-06-08 00:06:11,60,mag_x,Ridge,240.912,233.326275444894,-7.585724555106026,LOW_CONFIDENCE,INFO,MODEL_RELIABILITY_WARNING,LOW,Magnetic forecasting model has low predictive reliability based on walk-forward evaluation.
1104,2026-06-08 00:05:11,2026-06-08 00:06:11,60,mag_y,Ridge,267.12,219.4747030555031,-47.64529694449689,LOW_CONFIDENCE,INFO,MODEL_RELIABILITY_WARNING,LOW,Magnetic forecasting model has low predictive reliability based on walk-forward evaluation.
1105,2026-06-08 00:05:11,2026-06-08 00:06:11,60,mag_z,Ridge,123.97,233.43937561871547,109.46937561871547,LOW_CONFIDENCE,INFO,MODEL_RELIABILITY_WARNING,LOW,Magnetic forecasting model has low predictive reliability based on walk-forward evaluation.
1106,2026-06-08 00:05:11,2026-06-08 00:06:11,60,temperature,Persistence,45.49987079,45.49987079,0.0,NORMAL,NORMAL,NONE,HIGH,
1100,2026-06-08 00:05:11,2026-06-08 00:06:11,60,vib_x_rms,XGBoost,0.101413,0.0971625968813896,-0.0042504031186103,NORMAL,NORMAL,NONE,MODERATE,
1101,2026-06-08 00:05:11,2026-06-08 00:06:11,60,vib_y_rms,XGBoost,0.144304,0.1264974474906921,-0.0178065525093078,WARNING,MEDIUM,ELEVATED_VIBRATION,MODERATE,Predicted vibration 0.126497 exceeds warning limit 0.10
1102,2026-06-08 00:05:11,2026-06-08 00:06:11,60,vib_z_rms,XGBoost,0.062552,0.0578034408390522,-0.0047485591609477,NORMAL,NORMAL,NONE,MODERATE,
1110,2026-06-08 00:05:13,2026-06-08 00:06:13,60,mag_x,Ridge,417.34,239.62319486074463,-177.7168051392553,LOW_CONFIDENCE,INFO,MODEL_RELIABILITY_WARNING,LOW,Magnetic forecasting model has low predictive reliability based on walk-forward evaluation.
1111,2026-06-08 00:05:13,2026-06-08 00:06:13,60,mag_y,Ridge,149.716,216.4290628542969,66.71306285429688,LOW_CONFIDENCE,INFO,MODEL_RELIABILITY_WARNING,LOW,Magnetic forecasting model has low predictive reliability based on walk-forward evaluation.
1112,2026-06-08 00:05:13,2026-06-08 00:06:13,60,mag_z,Ridge,273.756,233.61579584701448,-40.14020415298549,LOW_CONFIDENCE,INFO,MODEL_RELIABILITY_WARNING,LOW,Magnetic forecasting model has low predictive reliability based on walk-forward evaluation.
1113,2026-06-08 00:05:13,2026-06-08 00:06:13,60,temperature,Persistence,45.49989663,45.49989663,0.0,NORMAL,NORMAL,NONE,HIGH,
1107,2026-06-08 00:05:13,2026-06-08 00:06:13,60,vib_x_rms,XGBoost,0.101601,0.0984826311469078,-0.0031183688530921,NORMAL,NORMAL,NONE,MODERATE,
1108,2026-06-08 00:05:13,2026-06-08 00:06:13,60,vib_y_rms,XGBoost,0.128497,0.1246498972177505,-0.0038471027822494,WARNING,MEDIUM,ELEVATED_VIBRATION,MODERATE,Predicted vibration 0.124650 exceeds warning limit 0.10
1109,2026-06-08 00:05:13,2026-06-08 00:06:13,60,vib_z_rms,XGBoost,0.064162,0.0581861771643161,-0.0059758228356838,NORMAL,NORMAL,NONE,MODERATE,
1117,2026-06-08 00:05:14,2026-06-08 00:06:14,60,mag_x,Ridge,111.846,234.50881943933555,122.66281943933552,LOW_CONFIDENCE,INFO,MODEL_RELIABILITY_WARNING,LOW,Magnetic forecasting model has low predictive reliability based on walk-forward evaluation.
1118,2026-06-08 00:05:14,2026-06-08 00:06:14,60,mag_y,Ridge,138.586,232.55801524120545,93.97201524120544,LOW_CONFIDENCE,INFO,MODEL_RELIABILITY_WARNING,LOW,Magnetic forecasting model has low predictive reliability based on walk-forward evaluation.
1119,2026-06-08 00:05:14,2026-06-08 00:06:14,60,mag_z,Ridge,45.472,236.60988674166748,191.13788674166747,LOW_CONFIDENCE,INFO,MODEL_RELIABILITY_WARNING,LOW,Magnetic forecasting model has low predictive reliability based on walk-forward evaluation.
1120,2026-06-08 00:05:14,2026-06-08 00:06:14,60,temperature,Persistence,45.49991731,45.49991731,0.0,NORMAL,NORMAL,NONE,HIGH,
1114,2026-06-08 00:05:14,2026-06-08 00:06:14,60,vib_x_rms,XGBoost,0.099259,0.1013519316911697,0.0020929316911697,WARNING,MEDIUM,ELEVATED_VIBRATION,MODERATE,Predicted vibration 0.101352 exceeds warning limit 0.10
1115,2026-06-08 00:05:14,2026-06-08 00:06:14,60,vib_y_rms,XGBoost,0.142138,0.1319400072097778,-0.0101979927902221,WARNING,MEDIUM,ELEVATED_VIBRATION,MODERATE,Predicted vibration 0.131940 exceeds warning limit 0.10
1116,2026-06-08 00:05:14,2026-06-08 00:06:14,60,vib_z_rms,XGBoost,0.070746,0.0605893619358539,-0.010156638064146,NORMAL,NORMAL,NONE,MODERATE,
1124,2026-06-08 00:05:16,2026-06-08 00:06:16,60,mag_x,Ridge,410.102,224.17468739842505,-185.92731260157493,LOW_CONFIDENCE,INFO,MODEL_RELIABILITY_WARNING,LOW,Magnetic forecasting model has low predictive reliability based on walk-forward evaluation.
1125,2026-06-08 00:05:16,2026-06-08 00:06:16,60,mag_y,Ridge,12.922,228.617589805257,215.695589805257,LOW_CONFIDENCE,INFO,MODEL_RELIABILITY_WARNING,LOW,Magnetic forecasting model has low predictive reliability based on walk-forward evaluation.
1126,2026-06-08 00:05:16,2026-06-08 00:06:16,60,mag_z,Ridge,371.56,241.18748660826657,-130.37251339173343,LOW_CONFIDENCE,INFO,MODEL_RELIABILITY_WARNING,LOW,Magnetic forecasting model has low predictive reliability based on walk-forward evaluation.
1127,2026-06-08 00:05:16,2026-06-08 00:06:16,60,temperature,Persistence,45.49993384,45.49993384,0.0,NORMAL,NORMAL,NONE,HIGH,
1121,2026-06-08 00:05:16,2026-06-08 00:06:16,60,vib_x_rms,XGBoost,0.104084,0.1022665649652481,-0.0018174350347518,WARNING,MEDIUM,ELEVATED_VIBRATION,MODERATE,Predicted vibration 0.102267 exceeds warning limit 0.10
1122,2026-06-08 00:05:16,2026-06-08 00:06:16,60,vib_y_rms,XGBoost,0.127844,0.1297908574342727,0.0019468574342727,WARNING,MEDIUM,ELEVATED_VIBRATION,MODERATE,Predicted vibration 0.129791 exceeds warning limit 0.10
1123,2026-06-08 00:05:16,2026-06-08 00:06:16,60,vib_z_rms,XGBoost,0.06644,0.0603881739079952,-0.0060518260920047,NORMAL,NORMAL,NONE,MODERATE,
1131,2026-06-08 00:05:17,2026-06-08 00:06:17,60,mag_x,Ridge,153.048,231.9931741179992,78.94517411799922,LOW_CONFIDENCE,INFO,MODEL_RELIABILITY_WARNING,LOW,Magnetic forecasting model has low predictive reliability based on walk-forward evaluation.
1132,2026-06-08 00:05:17,2026-06-08 00:06:17,60,mag_y,Ridge,63.504,229.2415566305542,165.73755663055422,LOW_CONFIDENCE,INFO,MODEL_RELIABILITY_WARNING,LOW,Magnetic forecasting model has low predictive reliability based on walk-forward evaluation.
1133,2026-06-08 00:05:17,2026-06-08 00:06:17,60,mag_z,Ridge,359.688,240.3336393442549,-119.3543606557451,LOW_CONFIDENCE,INFO,MODEL_RELIABILITY_WARNING,LOW,Magnetic forecasting model has low predictive reliability based on walk-forward evaluation.
1134,2026-06-08 00:05:17,2026-06-08 00:06:17,60,temperature,Persistence,45.49994708,45.49994708,0.0,NORMAL,NORMAL,NONE,HIGH,
1128,2026-06-08 00:05:17,2026-06-08 00:06:17,60,vib_x_rms,XGBoost,0.109039,0.1047929227352142,-0.0042460772647857,WARNING,MEDIUM,ELEVATED_VIBRATION,MODERATE,Predicted vibration 0.104793 exceeds warning limit 0.10
1129,2026-06-08 00:05:17,2026-06-08 00:06:17,60,vib_y_rms,XGBoost,0.133973,0.1335011124610901,-0.0004718875389099,WARNING,MEDIUM,ELEVATED_VIBRATION,MODERATE,Predicted vibration 0.133501 exceeds warning limit 0.10
1130,2026-06-08 00:05:17,2026-06-08 00:06:17,60,vib_z_rms,XGBoost,0.065851,0.060707189142704,-0.0051438108572959,NORMAL,NORMAL,NONE,MODERATE,
1138,2026-06-08 00:05:18,2026-06-08 00:06:18,60,mag_x,Ridge,166.516,235.0609743774629,68.54497437746292,LOW_CONFIDENCE,INFO,MODEL_RELIABILITY_WARNING,LOW,Magnetic forecasting model has low predictive reliability based on walk-forward evaluation.
1139,2026-06-08 00:05:18,2026-06-08 00:06:18,60,mag_y,Ridge,444.878,227.51896683061176,-217.35903316938823,LOW_CONFIDENCE,INFO,MODEL_RELIABILITY_WARNING,LOW,Magnetic forecasting model has low predictive reliability based on walk-forward evaluation.
1140,2026-06-08 00:05:18,2026-06-08 00:06:18,60,mag_z,Ridge,320.964,236.44236641987905,-84.52163358012095,LOW_CONFIDENCE,INFO,MODEL_RELIABILITY_WARNING,LOW,Magnetic forecasting model has low predictive reliability based on walk-forward evaluation.
1141,2026-06-08 00:05:18,2026-06-08 00:06:18,60,temperature,Persistence,45.49995766,45.49995766,0.0,NORMAL,NORMAL,NONE,HIGH,
1135,2026-06-08 00:05:18,2026-06-08 00:06:18,60,vib_x_rms,XGBoost,0.101213,0.1036852896213531,0.0024722896213531,WARNING,MEDIUM,ELEVATED_VIBRATION,MODERATE,Predicted vibration 0.103685 exceeds warning limit 0.10
1136,2026-06-08 00:05:18,2026-06-08 00:06:18,60,vib_y_rms,XGBoost,0.135774,0.1354976594448089,-0.000276340555191,WARNING,MEDIUM,ELEVATED_VIBRATION,MODERATE,Predicted vibration 0.135498 exceeds warning limit 0.10
1137,2026-06-08 00:05:18,2026-06-08 00:06:18,60,vib_z_rms,XGBoost,0.055212,0.0608241111040115,0.0056121111040115,NORMAL,NORMAL,NONE,MODERATE,
1145,2026-06-08 00:05:20,2026-06-08 00:06:20,60,mag_x,Ridge,439.852,223.4158885421565,-216.43611145784348,LOW_CONFIDENCE,INFO,MODEL_RELIABILITY_WARNING,LOW,Magnetic forecasting model has low predictive reliability based on walk-forward evaluation.
1146,2026-06-08 00:05:20,2026-06-08 00:06:20,60,mag_y,Ridge,292.432,238.64184897359792,-53.7901510264021,LOW_CONFIDENCE,INFO,MODEL_RELIABILITY_WARNING,LOW,Magnetic forecasting model has low predictive reliability based on walk-forward evaluation.
1147,2026-06-08 00:05:20,2026-06-08 00:06:20,60,mag_z,Ridge,188.846,236.5739602561032,47.72796025610316,LOW_CONFIDENCE,INFO,MODEL_RELIABILITY_WARNING,LOW,Magnetic forecasting model has low predictive reliability based on walk-forward evaluation.
1148,2026-06-08 00:05:20,2026-06-08 00:06:20,60,temperature,Persistence,45.49996613,45.49996613,0.0,NORMAL,NORMAL,NONE,HIGH,
1142,2026-06-08 00:05:20,2026-06-08 00:06:20,60,vib_x_rms,XGBoost,0.118746,0.1023766919970512,-0.0163693080029487,WARNING,MEDIUM,ELEVATED_VIBRATION,MODERATE,Predicted vibration 0.102377 exceeds warning limit 0.10
1143,2026-06-08 00:05:20,2026-06-08 00:06:20,60,vib_y_rms,XGBoost,0.148412,0.1371376663446426,-0.0112743336553573,WARNING,MEDIUM,ELEVATED_VIBRATION,MODERATE,Predicted vibration 0.137138 exceeds warning limit 0.10
1144,2026-06-08 00:05:20,2026-06-08 00:06:20,60,vib_z_rms,XGBoost,0.062898,0.0606887713074684,-0.0022092286925315,NORMAL,NORMAL,NONE,MODERATE,
1152,2026-06-08 00:05:21,2026-06-08 00:06:21,60,mag_x,Ridge,391.328,229.57090311927917,-161.75709688072084,LOW_CONFIDENCE,INFO,MODEL_RELIABILITY_WARNING,LOW,Magnetic forecasting model has low predictive reliability based on walk-forward evaluation.
1153,2026-06-08 00:05:21,2026-06-08 00:06:21,60,mag_y,Ridge,447.37,227.5054497110643,-219.8645502889357,LOW_CONFIDENCE,INFO,MODEL_RELIABILITY_WARNING,LOW,Magnetic forecasting model has low predictive reliability based on walk-forward evaluation.
1154,2026-06-08 00:05:21,2026-06-08 00:06:21,60,mag_z,Ridge,450.422,238.05897467831576,-212.36302532168423,LOW_CONFIDENCE,INFO,MODEL_RELIABILITY_WARNING,LOW,Magnetic forecasting model has low predictive reliability based on walk-forward evaluation.
1155,2026-06-08 00:05:21,2026-06-08 00:06:21,60,temperature,Persistence,45.4999729,45.4999729,0.0,NORMAL,NORMAL,NONE,HIGH,
1149,2026-06-08 00:05:21,2026-06-08 00:06:21,60,vib_x_rms,XGBoost,0.115253,0.1078992187976837,-0.0073537812023162,WARNING,MEDIUM,ELEVATED_VIBRATION,MODERATE,Predicted vibration 0.107899 exceeds warning limit 0.10
1150,2026-06-08 00:05:21,2026-06-08 00:06:21,60,vib_y_rms,XGBoost,0.144537,0.1368879973888397,-0.0076490026111602,WARNING,MEDIUM,ELEVATED_VIBRATION,MODERATE,Predicted vibration 0.136888 exceeds warning limit 0.10
1151,2026-06-08 00:05:21,2026-06-08 00:06:21,60,vib_z_rms,XGBoost,0.055638,0.0611720606684684,0.0055340606684684,NORMAL,NORMAL,NONE,MODERATE,
1159,2026-06-08 00:05:23,2026-06-08 00:06:23,60,mag_x,Ridge,11.088,235.1965830254457,224.1085830254457,LOW_CONFIDENCE,INFO,MODEL_RELIABILITY_WARNING,LOW,Magnetic forecasting model has low predictive reliability based on walk-forward evaluation.
1160,2026-06-08 00:05:23,2026-06-08 00:06:23,60,mag_y,Ridge,47.46,226.1165405489585,178.6565405489585,LOW_CONFIDENCE,INFO,MODEL_RELIABILITY_WARNING,LOW,Magnetic forecasting model has low predictive reliability based on walk-forward evaluation.
1161,2026-06-08 00:05:23,2026-06-08 00:06:23,60,mag_z,Ridge,386.414,229.24611129491603,-157.16788870508395,LOW_CONFIDENCE,INFO,MODEL_RELIABILITY_WARNING,LOW,Magnetic forecasting model has low predictive reliability based on walk-forward evaluation.
1162,2026-06-08 00:05:23,2026-06-08 00:06:23,60,temperature,Persistence,45.49997832,45.49997832,0.0,NORMAL,NORMAL,NONE,HIGH,
1156,2026-06-08 00:05:23,2026-06-08 00:06:23,60,vib_x_rms,XGBoost,0.102127,0.1035448238253593,0.0014178238253593,WARNING,MEDIUM,ELEVATED_VIBRATION,MODERATE,Predicted vibration 0.103545 exceeds warning limit 0.10
1157,2026-06-08 00:05:23,2026-06-08 00:06:23,60,vib_y_rms,XGBoost,0.143016,0.1322108954191208,-0.0108051045808792,WARNING,MEDIUM,ELEVATED_VIBRATION,MODERATE,Predicted vibration 0.132211 exceeds warning limit 0.10
1158,2026-06-08 00:05:23,2026-06-08 00:06:23,60,vib_z_rms,XGBoost,0.069225,0.0607735030353069,-0.008451496964693,NORMAL,NORMAL,NONE,MODERATE,
1166,2026-06-08 00:05:24,2026-06-08 00:06:24,60,mag_x,Ridge,159.404,224.0979460237677,64.69394602376772,LOW_CONFIDENCE,INFO,MODEL_RELIABILITY_WARNING,LOW,Magnetic forecasting model has low predictive reliability based on walk-forward evaluation.
1167,2026-06-08 00:05:24,2026-06-08 00:06:24,60,mag_y,Ridge,1.918,236.33509999041004,234.41709999041004,LOW_CONFIDENCE,INFO,MODEL_RELIABILITY_WARNING,LOW,Magnetic forecasting model has low predictive reliability based on walk-forward evaluation.
1168,2026-06-08 00:05:24,2026-06-08 00:06:24,60,mag_z,Ridge,110.418,235.4881276760368,125.07012767603678,LOW_CONFIDENCE,INFO,MODEL_RELIABILITY_WARNING,LOW,Magnetic forecasting model has low predictive reliability based on walk-forward evaluation.
1169,2026-06-08 00:05:24,2026-06-08 00:06:24,60,temperature,Persistence,45.49998266,45.49998266,0.0,NORMAL,NORMAL,NONE,HIGH,
1163,2026-06-08 00:05:24,2026-06-08 00:06:24,60,vib_x_rms,XGBoost,0.111552,0.1035367548465728,-0.0080152451534271,WARNING,MEDIUM,ELEVATED_VIBRATION,MODERATE,Predicted vibration 0.103537 exceeds warning limit 0.10
1164,2026-06-08 00:05:24,2026-06-08 00:06:24,60,vib_y_rms,XGBoost,0.133816,0.1384816467761993,0.0046656467761993,WARNING,MEDIUM,ELEVATED_VIBRATION,MODERATE,Predicted vibration 0.138482 exceeds warning limit 0.10
1165,2026-06-08 00:05:24,2026-06-08 00:06:24,60,vib_z_rms,XGBoost,0.063311,0.0594556853175163,-0.0038553146824836,NORMAL,NORMAL,NONE,MODERATE,
1173,2026-06-08 00:05:26,2026-06-08 00:06:26,60,mag_x,Ridge,404.894,223.7936990144024,-181.10030098559764,LOW_CONFIDENCE,INFO,MODEL_RELIABILITY_WARNING,LOW,Magnetic forecasting model has low predictive reliability based on walk-forward evaluation.
1174,2026-06-08 00:05:26,2026-06-08 00:06:26,60,mag_y,Ridge,88.466,239.3228682220896,150.8568682220896,LOW_CONFIDENCE,INFO,MODEL_RELIABILITY_WARNING,LOW,Magnetic forecasting model has low predictive reliability based on walk-forward evaluation.
1175,2026-06-08 00:05:26,2026-06-08 00:06:26,60,mag_z,Ridge,161.07,230.5207367372206,69.45073673722061,LOW_CONFIDENCE,INFO,MODEL_RELIABILITY_WARNING,LOW,Magnetic forecasting model has low predictive reliability based on walk-forward evaluation.
1176,2026-06-08 00:05:26,2026-06-08 00:06:26,60,temperature,Persistence,45.49998613,45.49998613,0.0,NORMAL,NORMAL,NONE,HIGH,
1170,2026-06-08 00:05:26,2026-06-08 00:06:26,60,vib_x_rms,XGBoost,0.10962,0.1039878875017166,-0.0056321124982833,WARNING,MEDIUM,ELEVATED_VIBRATION,MODERATE,Predicted vibration 0.103988 exceeds warning limit 0.10
1171,2026-06-08 00:05:26,2026-06-08 00:06:26,60,vib_y_rms,XGBoost,0.131667,0.1384280323982238,0.0067610323982238,WARNING,MEDIUM,ELEVATED_VIBRATION,MODERATE,Predicted vibration 0.138428 exceeds warning limit 0.10
1172,2026-06-08 00:05:26,2026-06-08 00:06:26,60,vib_z_rms,XGBoost,0.058093,0.0599397495388984,0.0018467495388984,NORMAL,NORMAL,NONE,MODERATE,
1180,2026-06-08 00:05:27,2026-06-08 00:06:27,60,mag_x,Ridge,220.892,225.75075522381957,4.858755223819543,LOW_CONFIDENCE,INFO,MODEL_RELIABILITY_WARNING,LOW,Magnetic forecasting model has low predictive reliability based on walk-forward evaluation.
1181,2026-06-08 00:05:27,2026-06-08 00:06:27,60,mag_y,Ridge,111.412,232.97886297099149,121.56686297099148,LOW_CONFIDENCE,INFO,MODEL_RELIABILITY_WARNING,LOW,Magnetic forecasting model has low predictive reliability based on walk-forward evaluation.
1182,2026-06-08 00:05:27,2026-06-08 00:06:27,60,mag_z,Ridge,218.778,222.88979957445648,4.111799574456484,LOW_CONFIDENCE,INFO,MODEL_RELIABILITY_WARNING,LOW,Magnetic forecasting model has low predictive reliability based on walk-forward evaluation.
1183,2026-06-08 00:05:27,2026-06-08 00:06:27,60,temperature,Persistence,45.4999889,45.4999889,0.0,NORMAL,NORMAL,NONE,HIGH,
1177,2026-06-08 00:05:27,2026-06-08 00:06:27,60,vib_x_rms,XGBoost,0.121484,0.1018499508500099,-0.01963404914999,WARNING,MEDIUM,ELEVATED_VIBRATION,MODERATE,Predicted vibration 0.101850 exceeds warning limit 0.10
1178,2026-06-08 00:05:27,2026-06-08 00:06:27,60,vib_y_rms,XGBoost,0.148651,0.1394407302141189,-0.009210269785881,WARNING,MEDIUM,ELEVATED_VIBRATION,MODERATE,Predicted vibration 0.139441 exceeds warning limit 0.10
1179,2026-06-08 00:05:27,2026-06-08 00:06:27,60,vib_z_rms,XGBoost,0.062738,0.0597533248364925,-0.0029846751635074,NORMAL,NORMAL,NONE,MODERATE,
1187,2026-06-08 00:05:28,2026-06-08 00:06:28,60,mag_x,Ridge,359.926,225.80116135388133,-134.12483864611863,LOW_CONFIDENCE,INFO,MODEL_RELIABILITY_WARNING,LOW,Magnetic forecasting model has low predictive reliability based on walk-forward evaluation.
1188,2026-06-08 00:05:28,2026-06-08 00:06:28,60,mag_y,Ridge,417.27,238.43101407721008,-178.8389859227899,LOW_CONFIDENCE,INFO,MODEL_RELIABILITY_WARNING,LOW,Magnetic forecasting model has low predictive reliability based on walk-forward evaluation.
1189,2026-06-08 00:05:28,2026-06-08 00:06:28,60,mag_z,Ridge,407.75,224.66976644652183,-183.08023355347817,LOW_CONFIDENCE,INFO,MODEL_RELIABILITY_WARNING,LOW,Magnetic forecasting model has low predictive reliability based on walk-forward evaluation.
1190,2026-06-08 00:05:28,2026-06-08 00:06:28,60,temperature,Persistence,45.49999112,45.49999112,0.0,NORMAL,NORMAL,NONE,HIGH,
1184,2026-06-08 00:05:28,2026-06-08 00:06:28,60,vib_x_rms,XGBoost,0.106621,0.104369930922985,-0.0022510690770149,WARNING,MEDIUM,ELEVATED_VIBRATION,MODERATE,Predicted vibration 0.104370 exceeds warning limit 0.10
1185,2026-06-08 00:05:28,2026-06-08 00:06:28,60,vib_y_rms,XGBoost,0.135364,0.1374506503343582,0.0020866503343582,WARNING,MEDIUM,ELEVATED_VIBRATION,MODERATE,Predicted vibration 0.137451 exceeds warning limit 0.10
1186,2026-06-08 00:05:28,2026-06-08 00:06:28,60,vib_z_rms,XGBoost,0.063236,0.059089720249176,-0.0041462797508239,NORMAL,NORMAL,NONE,MODERATE,
1194,2026-06-08 00:05:30,2026-06-08 00:06:30,60,mag_x,Ridge,232.204,228.58942574694495,-3.614574253055025,LOW_CONFIDENCE,INFO,MODEL_RELIABILITY_WARNING,LOW,Magnetic forecasting model has low predictive reliability based on walk-forward evaluation.
1195,2026-06-08 00:05:30,2026-06-08 00:06:30,60,mag_y,Ridge,213.29,231.13196035380628,17.841960353806286,LOW_CONFIDENCE,INFO,MODEL_RELIABILITY_WARNING,LOW,Magnetic forecasting model has low predictive reliability based on walk-forward evaluation.
1196,2026-06-08 00:05:30,2026-06-08 00:06:30,60,mag_z,Ridge,439.278,232.90153755184147,-206.37646244815852,LOW_CONFIDENCE,INFO,MODEL_RELIABILITY_WARNING,LOW,Magnetic forecasting model has low predictive reliability based on walk-forward evaluation.
1197,2026-06-08 00:05:30,2026-06-08 00:06:30,60,temperature,Persistence,45.4999929,45.4999929,0.0,NORMAL,NORMAL,NONE,HIGH,
1191,2026-06-08 00:05:30,2026-06-08 00:06:30,60,vib_x_rms,XGBoost,0.11235,0.1016360744833946,-0.0107139255166053,WARNING,MEDIUM,ELEVATED_VIBRATION,MODERATE,Predicted vibration 0.101636 exceeds warning limit 0.10
1192,2026-06-08 00:05:30,2026-06-08 00:06:30,60,vib_y_rms,XGBoost,0.153887,0.1348154246807098,-0.0190715753192901,WARNING,MEDIUM,ELEVATED_VIBRATION,MODERATE,Predicted vibration 0.134815 exceeds warning limit 0.10
1193,2026-06-08 00:05:30,2026-06-08 00:06:30,60,vib_z_rms,XGBoost,0.059623,0.0593890734016895,-0.0002339265983104,NORMAL,NORMAL,NONE,MODERATE,
1201,2026-06-08 00:05:31,2026-06-08 00:06:31,60,mag_x,Ridge,352.926,224.4811756605341,-128.44482433946592,LOW_CONFIDENCE,INFO,MODEL_RELIABILITY_WARNING,LOW,Magnetic forecasting model has low predictive reliability based on walk-forward evaluation.
1202,2026-06-08 00:05:31,2026-06-08 00:06:31,60,mag_y,Ridge,218.288,225.91822264747063,7.630222647470617,LOW_CONFIDENCE,INFO,MODEL_RELIABILITY_WARNING,LOW,Magnetic forecasting model has low predictive reliability based on walk-forward evaluation.
1203,2026-06-08 00:05:31,2026-06-08 00:06:31,60,mag_z,Ridge,274.736,221.1384547495932,-53.5975452504068,LOW_CONFIDENCE,INFO,MODEL_RELIABILITY_WARNING,LOW,Magnetic forecasting model has low predictive reliability based on walk-forward evaluation.
1204,2026-06-08 00:05:31,2026-06-08 00:06:31,60,temperature,Persistence,45.49999432,45.49999432,0.0,NORMAL,NORMAL,NONE,HIGH,
1198,2026-06-08 00:05:31,2026-06-08 00:06:31,60,vib_x_rms,XGBoost,0.122035,0.1007812395691871,-0.0212537604308128,WARNING,MEDIUM,ELEVATED_VIBRATION,MODERATE,Predicted vibration 0.100781 exceeds warning limit 0.10
1199,2026-06-08 00:05:31,2026-06-08 00:06:31,60,vib_y_rms,XGBoost,0.145911,0.1311118006706237,-0.0147991993293762,WARNING,MEDIUM,ELEVATED_VIBRATION,MODERATE,Predicted vibration 0.131112 exceeds warning limit 0.10
1200,2026-06-08 00:05:31,2026-06-08 00:06:31,60,vib_z_rms,XGBoost,0.070094,0.0578382611274719,-0.012255738872528,NORMAL,NORMAL,NONE,MODERATE,
1208,2026-06-08 00:05:33,2026-06-08 00:06:33,60,mag_x,Ridge,118.986,232.68147670399588,113.69547670399588,LOW_CONFIDENCE,INFO,MODEL_RELIABILITY_WARNING,LOW,Magnetic forecasting model has low predictive reliability based on walk-forward evaluation.
1209,2026-06-08 00:05:33,2026-06-08 00:06:33,60,mag_y,Ridge,222.922,224.4239455661756,1.5019455661755785,LOW_CONFIDENCE,INFO,MODEL_RELIABILITY_WARNING,LOW,Magnetic forecasting model has low predictive reliability based on walk-forward evaluation.
1210,2026-06-08 00:05:33,2026-06-08 00:06:33,60,mag_z,Ridge,318.01,225.1777966683805,-92.8322033316195,LOW_CONFIDENCE,INFO,MODEL_RELIABILITY_WARNING,LOW,Magnetic forecasting model has low predictive reliability based on walk-forward evaluation.
1211,2026-06-08 00:05:33,2026-06-08 00:06:33,60,temperature,Persistence,45.49999545,45.49999545,0.0,NORMAL,NORMAL,NONE,HIGH,
1205,2026-06-08 00:05:33,2026-06-08 00:06:33,60,vib_x_rms,XGBoost,0.094968,0.1015673726797103,0.0065993726797103,WARNING,MEDIUM,ELEVATED_VIBRATION,MODERATE,Predicted vibration 0.101567 exceeds warning limit 0.10
1206,2026-06-08 00:05:33,2026-06-08 00:06:33,60,vib_y_rms,XGBoost,0.128183,0.1328908801078796,0.0047078801078796,WARNING,MEDIUM,ELEVATED_VIBRATION,MODERATE,Predicted vibration 0.132891 exceeds warning limit 0.10
1207,2026-06-08 00:05:33,2026-06-08 00:06:33,60,vib_z_rms,XGBoost,0.069039,0.0578374415636062,-0.0112015584363937,NORMAL,NORMAL,NONE,MODERATE,
1215,2026-06-08 00:05:34,2026-06-08 00:06:34,60,mag_x,Ridge,209.188,230.86319645134495,21.675196451344988,LOW_CONFIDENCE,INFO,MODEL_RELIABILITY_WARNING,LOW,Magnetic forecasting model has low predictive reliability based on walk-forward evaluation.
1216,2026-06-08 00:05:34,2026-06-08 00:06:34,60,mag_y,Ridge,213.78,227.63741156194163,13.857411561941632,LOW_CONFIDENCE,INFO,MODEL_RELIABILITY_WARNING,LOW,Magnetic forecasting model has low predictive reliability based on walk-forward evaluation.
1217,2026-06-08 00:05:34,2026-06-08 00:06:34,60,mag_z,Ridge,384.524,227.02444098915888,-157.49955901084112,LOW_CONFIDENCE,INFO,MODEL_RELIABILITY_WARNING,LOW,Magnetic forecasting model has low predictive reliability based on walk-forward evaluation.
1218,2026-06-08 00:05:34,2026-06-08 00:06:34,60,temperature,Persistence,45.49999636,45.49999636,0.0,NORMAL,NORMAL,NONE,HIGH,
1212,2026-06-08 00:05:34,2026-06-08 00:06:34,60,vib_x_rms,XGBoost,0.091936,0.1027601584792137,0.0108241584792137,WARNING,MEDIUM,ELEVATED_VIBRATION,MODERATE,Predicted vibration 0.102760 exceeds warning limit 0.10
1213,2026-06-08 00:05:34,2026-06-08 00:06:34,60,vib_y_rms,XGBoost,0.143864,0.1324144154787063,-0.0114495845212936,WARNING,MEDIUM,ELEVATED_VIBRATION,MODERATE,Predicted vibration 0.132414 exceeds warning limit 0.10
1214,2026-06-08 00:05:34,2026-06-08 00:06:34,60,vib_z_rms,XGBoost,0.059333,0.0590558499097824,-0.0002771500902175,NORMAL,NORMAL,NONE,MODERATE,
1222,2026-06-08 00:05:36,2026-06-08 00:06:36,60,mag_x,Ridge,120.918,227.62090887306013,106.70290887306012,LOW_CONFIDENCE,INFO,MODEL_RELIABILITY_WARNING,LOW,Magnetic forecasting model has low predictive reliability based on walk-forward evaluation.
1223,2026-06-08 00:05:36,2026-06-08 00:06:36,60,mag_y,Ridge,124.964,233.35802816478625,108.39402816478623,LOW_CONFIDENCE,INFO,MODEL_RELIABILITY_WARNING,LOW,Magnetic forecasting model has low predictive reliability based on walk-forward evaluation.
1224,2026-06-08 00:05:36,2026-06-08 00:06:36,60,mag_z,Ridge,360.276,227.65507483711872,-132.6209251628813,LOW_CONFIDENCE,INFO,MODEL_RELIABILITY_WARNING,LOW,Magnetic forecasting model has low predictive reliability based on walk-forward evaluation.
1225,2026-06-08 00:05:36,2026-06-08 00:06:36,60,temperature,Persistence,45.49999709,45.49999709,0.0,NORMAL,NORMAL,NONE,HIGH,
1219,2026-06-08 00:05:36,2026-06-08 00:06:36,60,vib_x_rms,XGBoost,0.103941,0.1042352691292762,0.0002942691292762,WARNING,MEDIUM,ELEVATED_VIBRATION,MODERATE,Predicted vibration 0.104235 exceeds warning limit 0.10
1220,2026-06-08 00:05:36,2026-06-08 00:06:36,60,vib_y_rms,XGBoost,0.122256,0.1321869194507599,0.0099309194507598,WARNING,MEDIUM,ELEVATED_VIBRATION,MODERATE,Predicted vibration 0.132187 exceeds warning limit 0.10
1221,2026-06-08 00:05:36,2026-06-08 00:06:36,60,vib_z_rms,XGBoost,0.064219,0.0608607456088066,-0.0033582543911933,NORMAL,NORMAL,NONE,MODERATE,
1229,2026-06-08 00:05:37,2026-06-08 00:06:37,60,mag_x,Ridge,317.24,225.54580962104015,-91.69419037895985,LOW_CONFIDENCE,INFO,MODEL_RELIABILITY_WARNING,LOW,Magnetic forecasting model has low predictive reliability based on walk-forward evaluation.
1230,2026-06-08 00:05:37,2026-06-08 00:06:37,60,mag_y,Ridge,235.97,239.0390302799796,3.069030279979586,LOW_CONFIDENCE,INFO,MODEL_RELIABILITY_WARNING,LOW,Magnetic forecasting model has low predictive reliability based on walk-forward evaluation.
1231,2026-06-08 00:05:37,2026-06-08 00:06:37,60,mag_z,Ridge,41.496,234.1298393720145,192.63383937201448,LOW_CONFIDENCE,INFO,MODEL_RELIABILITY_WARNING,LOW,Magnetic forecasting model has low predictive reliability based on walk-forward evaluation.
1232,2026-06-08 00:05:37,2026-06-08 00:06:37,60,temperature,Persistence,45.49999767,45.49999767,0.0,NORMAL,NORMAL,NONE,HIGH,
1226,2026-06-08 00:05:37,2026-06-08 00:06:37,60,vib_x_rms,XGBoost,0.110733,0.1040867939591407,-0.0066462060408592,WARNING,MEDIUM,ELEVATED_VIBRATION,MODERATE,Predicted vibration 0.104087 exceeds warning limit 0.10
1227,2026-06-08 00:05:37,2026-06-08 00:06:37,60,vib_y_rms,XGBoost,0.154702,0.132617563009262,-0.0220844369907379,WARNING,MEDIUM,ELEVATED_VIBRATION,MODERATE,Predicted vibration 0.132618 exceeds warning limit 0.10
1228,2026-06-08 00:05:37,2026-06-08 00:06:37,60,vib_z_rms,XGBoost,0.062767,0.0608038641512393,-0.0019631358487606,NORMAL,NORMAL,NONE,MODERATE,
1236,2026-06-08 00:05:38,2026-06-08 00:06:38,60,mag_x,Ridge,297.64,225.29987880011777,-72.34012119988222,LOW_CONFIDENCE,INFO,MODEL_RELIABILITY_WARNING,LOW,Magnetic forecasting model has low predictive reliability based on walk-forward evaluation.
1237,2026-06-08 00:05:38,2026-06-08 00:06:38,60,mag_y,Ridge,162.89,228.28665609736132,65.39665609736136,LOW_CONFIDENCE,INFO,MODEL_RELIABILITY_WARNING,LOW,Magnetic forecasting model has low predictive reliability based on walk-forward evaluation.
1238,2026-06-08 00:05:38,2026-06-08 00:06:38,60,mag_z,Ridge,125.86,226.0551385015256,100.1951385015256,LOW_CONFIDENCE,INFO,MODEL_RELIABILITY_WARNING,LOW,Magnetic forecasting model has low predictive reliability based on walk-forward evaluation.
1239,2026-06-08 00:05:38,2026-06-08 00:06:38,60,temperature,Persistence,45.49999814,45.49999814,0.0,NORMAL,NORMAL,NONE,HIGH,
1233,2026-06-08 00:05:38,2026-06-08 00:06:38,60,vib_x_rms,XGBoost,0.109192,0.1028492823243141,-0.0063427176756858,WARNING,MEDIUM,ELEVATED_VIBRATION,MODERATE,Predicted vibration 0.102849 exceeds warning limit 0.10
1234,2026-06-08 00:05:38,2026-06-08 00:06:38,60,vib_y_rms,XGBoost,0.133735,0.1303930878639221,-0.0033419121360778,WARNING,MEDIUM,ELEVATED_VIBRATION,MODERATE,Predicted vibration 0.130393 exceeds warning limit 0.10
1235,2026-06-08 00:05:38,2026-06-08 00:06:38,60,vib_z_rms,XGBoost,0.060215,0.0585783757269382,-0.0016366242730617,NORMAL,NORMAL,NONE,MODERATE,
1243,2026-06-08 00:05:40,2026-06-08 00:06:40,60,mag_x,Ridge,324.59,222.66795429975943,-101.92204570024056,LOW_CONFIDENCE,INFO,MODEL_RELIABILITY_WARNING,LOW,Magnetic forecasting model has low predictive reliability based on walk-forward evaluation.
1244,2026-06-08 00:05:40,2026-06-08 00:06:40,60,mag_y,Ridge,210.448,232.73708437994995,22.28908437994994,LOW_CONFIDENCE,INFO,MODEL_RELIABILITY_WARNING,LOW,Magnetic forecasting model has low predictive reliability based on walk-forward evaluation.
1245,2026-06-08 00:05:40,2026-06-08 00:06:40,60,mag_z,Ridge,163.254,227.93267737909392,64.67867737909393,LOW_CONFIDENCE,INFO,MODEL_RELIABILITY_WARNING,LOW,Magnetic forecasting model has low predictive reliability based on walk-forward evaluation.
1246,2026-06-08 00:05:40,2026-06-08 00:06:40,60,temperature,Persistence,45.49999851,45.49999851,0.0,NORMAL,NORMAL,NONE,HIGH,
1240,2026-06-08 00:05:40,2026-06-08 00:06:40,60,vib_x_rms,XGBoost,0.105449,0.1019855216145515,-0.0034634783854484,WARNING,MEDIUM,ELEVATED_VIBRATION,MODERATE,Predicted vibration 0.101986 exceeds warning limit 0.10
1241,2026-06-08 00:05:40,2026-06-08 00:06:40,60,vib_y_rms,XGBoost,0.121157,0.1333777606487274,0.0122207606487274,WARNING,MEDIUM,ELEVATED_VIBRATION,MODERATE,Predicted vibration 0.133378 exceeds warning limit 0.10
1242,2026-06-08 00:05:40,2026-06-08 00:06:40,60,vib_z_rms,XGBoost,0.061314,0.0587482750415802,-0.0025657249584198,NORMAL,NORMAL,NONE,MODERATE,
1250,2026-06-08 00:05:41,2026-06-08 00:06:41,60,mag_x,Ridge,441.63,230.5179684014136,-211.1120315985864,LOW_CONFIDENCE,INFO,MODEL_RELIABILITY_WARNING,LOW,Magnetic forecasting model has low predictive reliability based on walk-forward evaluation.
1251,2026-06-08 00:05:41,2026-06-08 00:06:41,60,mag_y,Ridge,449.484,233.40708205516333,-216.07691794483665,LOW_CONFIDENCE,INFO,MODEL_RELIABILITY_WARNING,LOW,Magnetic forecasting model has low predictive reliability based on walk-forward evaluation.
1252,2026-06-08 00:05:41,2026-06-08 00:06:41,60,mag_z,Ridge,137.634,231.1124280663512,93.47842806635124,LOW_CONFIDENCE,INFO,MODEL_RELIABILITY_WARNING,LOW,Magnetic forecasting model has low predictive reliability based on walk-forward evaluation.
1253,2026-06-08 00:05:41,2026-06-08 00:06:41,60,temperature,Persistence,45.49999881,45.49999881,0.0,NORMAL,NORMAL,NONE,HIGH,
1247,2026-06-08 00:05:41,2026-06-08 00:06:41,60,vib_x_rms,XGBoost,0.112343,0.1030716374516487,-0.0092713625483512,WARNING,MEDIUM,ELEVATED_VIBRATION,MODERATE,Predicted vibration 0.103072 exceeds warning limit 0.10
1248,2026-06-08 00:05:41,2026-06-08 00:06:41,60,vib_y_rms,XGBoost,0.138759,0.132134810090065,-0.0066241899099349,WARNING,MEDIUM,ELEVATED_VIBRATION,MODERATE,Predicted vibration 0.132135 exceeds warning limit 0.10
1249,2026-06-08 00:05:41,2026-06-08 00:06:41,60,vib_z_rms,XGBoost,0.057231,0.0604589097201824,0.0032279097201824,NORMAL,NORMAL,NONE,MODERATE,
1257,2026-06-08 00:05:43,2026-06-08 00:06:43,60,mag_x,Ridge,165.746,229.0823591970793,63.33635919707933,LOW_CONFIDENCE,INFO,MODEL_RELIABILITY_WARNING,LOW,Magnetic forecasting model has low predictive reliability based on walk-forward evaluation.
1258,2026-06-08 00:05:43,2026-06-08 00:06:43,60,mag_y,Ridge,192.822,219.8229897564348,27.00098975643479,LOW_CONFIDENCE,INFO,MODEL_RELIABILITY_WARNING,LOW,Magnetic forecasting model has low predictive reliability based on walk-forward evaluation.
1259,2026-06-08 00:05:43,2026-06-08 00:06:43,60,mag_z,Ridge,98.98,228.9867061260016,130.00670612600155,LOW_CONFIDENCE,INFO,MODEL_RELIABILITY_WARNING,LOW,Magnetic forecasting model has low predictive reliability based on walk-forward evaluation.
1260,2026-06-08 00:05:43,2026-06-08 00:06:43,60,temperature,Persistence,45.49999905,45.49999905,0.0,NORMAL,NORMAL,NONE,HIGH,
1254,2026-06-08 00:05:43,2026-06-08 00:06:43,60,vib_x_rms,XGBoost,0.121218,0.1034891381859779,-0.017728861814022,WARNING,MEDIUM,ELEVATED_VIBRATION,MODERATE,Predicted vibration 0.103489 exceeds warning limit 0.10
1255,2026-06-08 00:05:43,2026-06-08 00:06:43,60,vib_y_rms,XGBoost,0.145681,0.1334741562604904,-0.0122068437395095,WARNING,MEDIUM,ELEVATED_VIBRATION,MODERATE,Predicted vibration 0.133474 exceeds warning limit 0.10
1256,2026-06-08 00:05:43,2026-06-08 00:06:43,60,vib_z_rms,XGBoost,0.062162,0.060921274125576,-0.0012407258744239,NORMAL,NORMAL,NONE,MODERATE,
1264,2026-06-08 00:05:44,2026-06-08 00:06:44,60,mag_x,Ridge,444.766,220.1407146164666,-224.62528538353345,LOW_CONFIDENCE,INFO,MODEL_RELIABILITY_WARNING,LOW,Magnetic forecasting model has low predictive reliability based on walk-forward evaluation.
1265,2026-06-08 00:05:44,2026-06-08 00:06:44,60,mag_y,Ridge,102.662,220.8947291714377,118.23272917143768,LOW_CONFIDENCE,INFO,MODEL_RELIABILITY_WARNING,LOW,Magnetic forecasting model has low predictive reliability based on walk-forward evaluation.
1266,2026-06-08 00:05:44,2026-06-08 00:06:44,60,mag_z,Ridge,103.39,231.37267417328613,127.98267417328611,LOW_CONFIDENCE,INFO,MODEL_RELIABILITY_WARNING,LOW,Magnetic forecasting model has low predictive reliability based on walk-forward evaluation.
1267,2026-06-08 00:05:44,2026-06-08 00:06:44,60,temperature,Persistence,45.49999924,45.49999924,0.0,NORMAL,NORMAL,NONE,HIGH,
1261,2026-06-08 00:05:44,2026-06-08 00:06:44,60,vib_x_rms,XGBoost,0.115857,0.1045312881469726,-0.0113257118530273,WARNING,MEDIUM,ELEVATED_VIBRATION,MODERATE,Predicted vibration 0.104531 exceeds warning limit 0.10
1262,2026-06-08 00:05:44,2026-06-08 00:06:44,60,vib_y_rms,XGBoost,0.131469,0.1280947923660278,-0.0033742076339721,WARNING,MEDIUM,ELEVATED_VIBRATION,MODERATE,Predicted vibration 0.128095 exceeds warning limit 0.10
1263,2026-06-08 00:05:44,2026-06-08 00:06:44,60,vib_z_rms,XGBoost,0.063317,0.0603736266493797,-0.0029433733506202,NORMAL,NORMAL,NONE,MODERATE,
1271,2026-06-08 00:05:46,2026-06-08 00:06:46,60,mag_x,Ridge,238.35,226.29910754111,-12.05089245889002,LOW_CONFIDENCE,INFO,MODEL_RELIABILITY_WARNING,LOW,Magnetic forecasting model has low predictive reliability based on walk-forward evaluation.
1272,2026-06-08 00:05:46,2026-06-08 00:06:46,60,mag_y,Ridge,225.652,229.4715078179745,3.819507817974511,LOW_CONFIDENCE,INFO,MODEL_RELIABILITY_WARNING,LOW,Magnetic forecasting model has low predictive reliability based on walk-forward evaluation.
1273,2026-06-08 00:05:46,2026-06-08 00:06:46,60,mag_z,Ridge,264.992,233.61638609124023,-31.37561390875976,LOW_CONFIDENCE,INFO,MODEL_RELIABILITY_WARNING,LOW,Magnetic forecasting model has low predictive reliability based on walk-forward evaluation.
1274,2026-06-08 00:05:46,2026-06-08 00:06:46,60,temperature,Persistence,45.49999939,45.49999939,0.0,NORMAL,NORMAL,NONE,HIGH,
1268,2026-06-08 00:05:46,2026-06-08 00:06:46,60,vib_x_rms,XGBoost,0.111396,0.1055980771780014,-0.0057979228219985,WARNING,MEDIUM,ELEVATED_VIBRATION,MODERATE,Predicted vibration 0.105598 exceeds warning limit 0.10
1269,2026-06-08 00:05:46,2026-06-08 00:06:46,60,vib_y_rms,XGBoost,0.119029,0.1335513740777969,0.0145223740777969,WARNING,MEDIUM,ELEVATED_VIBRATION,MODERATE,Predicted vibration 0.133551 exceeds warning limit 0.10
1270,2026-06-08 00:05:46,2026-06-08 00:06:46,60,vib_z_rms,XGBoost,0.062638,0.061319749802351,-0.001318250197649,NORMAL,NORMAL,NONE,MODERATE,
1278,2026-06-08 00:05:47,2026-06-08 00:06:47,60,mag_x,Ridge,33.684,226.24424101113007,192.56024101113007,LOW_CONFIDENCE,INFO,MODEL_RELIABILITY_WARNING,LOW,Magnetic forecasting model has low predictive reliability based on walk-forward evaluation.
1279,2026-06-08 00:05:47,2026-06-08 00:06:47,60,mag_y,Ridge,292.6,228.67675610150968,-63.92324389849034,LOW_CONFIDENCE,INFO,MODEL_RELIABILITY_WARNING,LOW,Magnetic forecasting model has low predictive reliability based on walk-forward evaluation.
1280,2026-06-08 00:05:47,2026-06-08 00:06:47,60,mag_z,Ridge,121.828,227.40514535947383,105.57714535947386,LOW_CONFIDENCE,INFO,MODEL_RELIABILITY_WARNING,LOW,Magnetic forecasting model has low predictive reliability based on walk-forward evaluation.
1281,2026-06-08 00:05:47,2026-06-08 00:06:47,60,temperature,Persistence,45.49999951,45.49999951,0.0,NORMAL,NORMAL,NONE,HIGH,
1275,2026-06-08 00:05:47,2026-06-08 00:06:47,60,vib_x_rms,XGBoost,0.105775,0.1038388535380363,-0.0019361464619636,WARNING,MEDIUM,ELEVATED_VIBRATION,MODERATE,Predicted vibration 0.103839 exceeds warning limit 0.10
1276,2026-06-08 00:05:47,2026-06-08 00:06:47,60,vib_y_rms,XGBoost,0.120785,0.1328362971544265,0.0120512971544265,WARNING,MEDIUM,ELEVATED_VIBRATION,MODERATE,Predicted vibration 0.132836 exceeds warning limit 0.10
1277,2026-06-08 00:05:47,2026-06-08 00:06:47,60,vib_z_rms,XGBoost,0.065384,0.0624442584812641,-0.0029397415187358,NORMAL,NORMAL,NONE,MODERATE,
1285,2026-06-08 00:05:48,2026-06-08 00:06:48,60,mag_x,Ridge,5.124,220.779543081492,215.655543081492,LOW_CONFIDENCE,INFO,MODEL_RELIABILITY_WARNING,LOW,Magnetic forecasting model has low predictive reliability based on walk-forward evaluation.
1286,2026-06-08 00:05:48,2026-06-08 00:06:48,60,mag_y,Ridge,413.938,236.5129233705092,-177.42507662949083,LOW_CONFIDENCE,INFO,MODEL_RELIABILITY_WARNING,LOW,Magnetic forecasting model has low predictive reliability based on walk-forward evaluation.
1287,2026-06-08 00:05:48,2026-06-08 00:06:48,60,mag_z,Ridge,298.886,226.7541693467061,-72.13183065329389,LOW_CONFIDENCE,INFO,MODEL_RELIABILITY_WARNING,LOW,Magnetic forecasting model has low predictive reliability based on walk-forward evaluation.
1288,2026-06-08 00:05:48,2026-06-08 00:06:48,60,temperature,Persistence,45.49999961,45.49999961,0.0,NORMAL,NORMAL,NONE,HIGH,
1282,2026-06-08 00:05:48,2026-06-08 00:06:48,60,vib_x_rms,XGBoost,0.097424,0.1040280759334564,0.0066040759334564,WARNING,MEDIUM,ELEVATED_VIBRATION,MODERATE,Predicted vibration 0.104028 exceeds warning limit 0.10
1283,2026-06-08 00:05:48,2026-06-08 00:06:48,60,vib_y_rms,XGBoost,0.134583,0.1328638792037964,-0.0017191207962036,WARNING,MEDIUM,ELEVATED_VIBRATION,MODERATE,Predicted vibration 0.132864 exceeds warning limit 0.10
1284,2026-06-08 00:05:48,2026-06-08 00:06:48,60,vib_z_rms,XGBoost,0.062347,0.0623836293816566,3.6629381656647086e-05,NORMAL,NORMAL,NONE,MODERATE,
1292,2026-06-08 00:05:50,2026-06-08 00:06:50,60,mag_x,Ridge,181.034,222.3765026441148,41.34250264411477,LOW_CONFIDENCE,INFO,MODEL_RELIABILITY_WARNING,LOW,Magnetic forecasting model has low predictive reliability based on walk-forward evaluation.
1293,2026-06-08 00:05:50,2026-06-08 00:06:50,60,mag_y,Ridge,220.64,231.3624910249765,10.722491024976534,LOW_CONFIDENCE,INFO,MODEL_RELIABILITY_WARNING,LOW,Magnetic forecasting model has low predictive reliability based on walk-forward evaluation.
1294,2026-06-08 00:05:50,2026-06-08 00:06:50,60,mag_z,Ridge,161.462,229.64713081104355,68.18513081104356,LOW_CONFIDENCE,INFO,MODEL_RELIABILITY_WARNING,LOW,Magnetic forecasting model has low predictive reliability based on walk-forward evaluation.
1295,2026-06-08 00:05:50,2026-06-08 00:06:50,60,temperature,Persistence,45.49999969,45.49999969,0.0,NORMAL,NORMAL,NONE,HIGH,
1289,2026-06-08 00:05:50,2026-06-08 00:06:50,60,vib_x_rms,XGBoost,0.11328,0.1027102097868919,-0.010569790213108,WARNING,MEDIUM,ELEVATED_VIBRATION,MODERATE,Predicted vibration 0.102710 exceeds warning limit 0.10
1290,2026-06-08 00:05:50,2026-06-08 00:06:50,60,vib_y_rms,XGBoost,0.160717,0.132627859711647,-0.0280891402883529,WARNING,MEDIUM,ELEVATED_VIBRATION,MODERATE,Predicted vibration 0.132628 exceeds warning limit 0.10
1291,2026-06-08 00:05:50,2026-06-08 00:06:50,60,vib_z_rms,XGBoost,0.05525,0.0614995583891868,0.0062495583891868,NORMAL,NORMAL,NONE,MODERATE,
1299,2026-06-08 00:05:51,2026-06-08 00:06:51,60,mag_x,Ridge,437.934,227.9687599192248,-209.9652400807752,LOW_CONFIDENCE,INFO,MODEL_RELIABILITY_WARNING,LOW,Magnetic forecasting model has low predictive reliability based on walk-forward evaluation.
1300,2026-06-08 00:05:51,2026-06-08 00:06:51,60,mag_y,Ridge,217.966,225.473047423826,7.507047423825981,LOW_CONFIDENCE,INFO,MODEL_RELIABILITY_WARNING,LOW,Magnetic forecasting model has low predictive reliability based on walk-forward evaluation.
1301,2026-06-08 00:05:51,2026-06-08 00:06:51,60,mag_z,Ridge,172.844,221.03351133508525,48.18951133508526,LOW_CONFIDENCE,INFO,MODEL_RELIABILITY_WARNING,LOW,Magnetic forecasting model has low predictive reliability based on walk-forward evaluation.
1302,2026-06-08 00:05:51,2026-06-08 00:06:51,60,temperature,Persistence,45.49999975,45.49999975,0.0,NORMAL,NORMAL,NONE,HIGH,
1296,2026-06-08 00:05:51,2026-06-08 00:06:51,60,vib_x_rms,XGBoost,0.093756,0.1043591722846031,0.0106031722846031,WARNING,MEDIUM,ELEVATED_VIBRATION,MODERATE,Predicted vibration 0.104359 exceeds warning limit 0.10
1297,2026-06-08 00:05:51,2026-06-08 00:06:51,60,vib_y_rms,XGBoost,0.158129,0.1328023970127105,-0.0253266029872894,WARNING,MEDIUM,ELEVATED_VIBRATION,MODERATE,Predicted vibration 0.132802 exceeds warning limit 0.10
1298,2026-06-08 00:05:51,2026-06-08 00:06:51,60,vib_z_rms,XGBoost,0.053623,0.061817605048418,0.008194605048418,NORMAL,NORMAL,NONE,MODERATE,
1306,2026-06-08 00:05:53,2026-06-08 00:06:53,60,mag_x,Ridge,43.218,231.03317765111575,187.8151776511158,LOW_CONFIDENCE,INFO,MODEL_RELIABILITY_WARNING,LOW,Magnetic forecasting model has low predictive reliability based on walk-forward evaluation.
1307,2026-06-08 00:05:53,2026-06-08 00:06:53,60,mag_y,Ridge,131.054,229.7734075773738,98.7194075773738,LOW_CONFIDENCE,INFO,MODEL_RELIABILITY_WARNING,LOW,Magnetic forecasting model has low predictive reliability based on walk-forward evaluation.
1308,2026-06-08 00:05:53,2026-06-08 00:06:53,60,mag_z,Ridge,236.936,223.17281811401227,-13.763181885987734,LOW_CONFIDENCE,INFO,MODEL_RELIABILITY_WARNING,LOW,Magnetic forecasting model has low predictive reliability based on walk-forward evaluation.
1309,2026-06-08 00:05:53,2026-06-08 00:06:53,60,temperature,Persistence,45.4999998,45.4999998,0.0,NORMAL,NORMAL,NONE,HIGH,
1303,2026-06-08 00:05:53,2026-06-08 00:06:53,60,vib_x_rms,XGBoost,0.113491,0.1049766540527343,-0.0085143459472656,WARNING,MEDIUM,ELEVATED_VIBRATION,MODERATE,Predicted vibration 0.104977 exceeds warning limit 0.10
1304,2026-06-08 00:05:53,2026-06-08 00:06:53,60,vib_y_rms,XGBoost,0.167409,0.1382470428943634,-0.0291619571056366,WARNING,MEDIUM,ELEVATED_VIBRATION,MODERATE,Predicted vibration 0.138247 exceeds warning limit 0.10
1305,2026-06-08 00:05:53,2026-06-08 00:06:53,60,vib_z_rms,XGBoost,0.065332,0.0604173392057418,-0.0049146607942581,NORMAL,NORMAL,NONE,MODERATE,
1313,2026-06-08 00:05:54,2026-06-08 00:06:54,60,mag_x,Ridge,338.772,229.8739303734879,-108.8980696265121,LOW_CONFIDENCE,INFO,MODEL_RELIABILITY_WARNING,LOW,Magnetic forecasting model has low predictive reliability based on walk-forward evaluation.
1314,2026-06-08 00:05:54,2026-06-08 00:06:54,60,mag_y,Ridge,387.87,226.75993237926727,-161.11006762073274,LOW_CONFIDENCE,INFO,MODEL_RELIABILITY_WARNING,LOW,Magnetic forecasting model has low predictive reliability based on walk-forward evaluation.
1315,2026-06-08 00:05:54,2026-06-08 00:06:54,60,mag_z,Ridge,309.47,227.0388054884404,-82.43119451155965,LOW_CONFIDENCE,INFO,MODEL_RELIABILITY_WARNING,LOW,Magnetic forecasting model has low predictive reliability based on walk-forward evaluation.
1316,2026-06-08 00:05:54,2026-06-08 00:06:54,60,temperature,Persistence,45.49999984,45.49999984,0.0,NORMAL,NORMAL,NONE,HIGH,
1310,2026-06-08 00:05:54,2026-06-08 00:06:54,60,vib_x_rms,XGBoost,0.108221,0.1065601557493209,-0.001660844250679,WARNING,MEDIUM,ELEVATED_VIBRATION,MODERATE,Predicted vibration 0.106560 exceeds warning limit 0.10
1311,2026-06-08 00:05:54,2026-06-08 00:06:54,60,vib_y_rms,XGBoost,0.173558,0.1328827440738678,-0.0406752559261321,WARNING,MEDIUM,ELEVATED_VIBRATION,MODERATE,Predicted vibration 0.132883 exceeds warning limit 0.10
1312,2026-06-08 00:05:54,2026-06-08 00:06:54,60,vib_z_rms,XGBoost,0.055842,0.0597290806472301,0.0038870806472301,NORMAL,NORMAL,NONE,MODERATE,
1320,2026-06-08 00:05:56,2026-06-08 00:06:56,60,mag_x,Ridge,242.718,235.9640681918531,-6.753931808146888,LOW_CONFIDENCE,INFO,MODEL_RELIABILITY_WARNING,LOW,Magnetic forecasting model has low predictive reliability based on walk-forward evaluation.
1321,2026-06-08 00:05:56,2026-06-08 00:06:56,60,mag_y,Ridge,82.054,231.8042794323865,149.7502794323865,LOW_CONFIDENCE,INFO,MODEL_RELIABILITY_WARNING,LOW,Magnetic forecasting model has low predictive reliability based on walk-forward evaluation.
1322,2026-06-08 00:05:56,2026-06-08 00:06:56,60,mag_z,Ridge,158.172,230.92708212980503,72.75508212980506,LOW_CONFIDENCE,INFO,MODEL_RELIABILITY_WARNING,LOW,Magnetic forecasting model has low predictive reliability based on walk-forward evaluation.
1323,2026-06-08 00:05:56,2026-06-08 00:06:56,60,temperature,Persistence,45.49999987,45.49999987,0.0,NORMAL,NORMAL,NONE,HIGH,
1317,2026-06-08 00:05:56,2026-06-08 00:06:56,60,vib_x_rms,XGBoost,0.102541,0.1079997345805168,0.0054587345805168,WARNING,MEDIUM,ELEVATED_VIBRATION,MODERATE,Predicted vibration 0.108000 exceeds warning limit 0.10
1318,2026-06-08 00:05:56,2026-06-08 00:06:56,60,vib_y_rms,XGBoost,0.156766,0.1327733695507049,-0.023992630449295,WARNING,MEDIUM,ELEVATED_VIBRATION,MODERATE,Predicted vibration 0.132773 exceeds warning limit 0.10
1319,2026-06-08 00:05:56,2026-06-08 00:06:56,60,vib_z_rms,XGBoost,0.072449,0.0615969523787498,-0.0108520476212501,NORMAL,NORMAL,NONE,MODERATE,
1327,2026-06-08 00:05:57,2026-06-08 00:06:57,60,mag_x,Ridge,313.516,235.32518749003216,-78.19081250996786,LOW_CONFIDENCE,INFO,MODEL_RELIABILITY_WARNING,LOW,Magnetic forecasting model has low predictive reliability based on walk-forward evaluation.
1328,2026-06-08 00:05:57,2026-06-08 00:06:57,60,mag_y,Ridge,98.63,228.38556247578157,129.75556247578157,LOW_CONFIDENCE,INFO,MODEL_RELIABILITY_WARNING,LOW,Magnetic forecasting model has low predictive reliability based on walk-forward evaluation.
1329,2026-06-08 00:05:57,2026-06-08 00:06:57,60,mag_z,Ridge,371.966,227.85223305115392,-144.1137669488461,LOW_CONFIDENCE,INFO,MODEL_RELIABILITY_WARNING,LOW,Magnetic forecasting model has low predictive reliability based on walk-forward evaluation.
1330,2026-06-08 00:05:57,2026-06-08 00:06:57,60,temperature,Persistence,45.4999999,45.4999999,0.0,NORMAL,NORMAL,NONE,HIGH,
1324,2026-06-08 00:05:57,2026-06-08 00:06:57,60,vib_x_rms,XGBoost,0.113516,0.1065183281898498,-0.0069976718101501,WARNING,MEDIUM,ELEVATED_VIBRATION,MODERATE,Predicted vibration 0.106518 exceeds warning limit 0.10
1325,2026-06-08 00:05:57,2026-06-08 00:06:57,60,vib_y_rms,XGBoost,0.140297,0.1346137374639511,-0.0056832625360488,WARNING,MEDIUM,ELEVATED_VIBRATION,MODERATE,Predicted vibration 0.134614 exceeds warning limit 0.10
1326,2026-06-08 00:05:57,2026-06-08 00:06:57,60,vib_z_rms,XGBoost,0.064003,0.0612797662615776,-0.0027232337384223,NORMAL,NORMAL,NONE,MODERATE,
1334,2026-06-08 00:05:59,2026-06-08 00:06:59,60,mag_x,Ridge,246.442,236.12679097044727,-10.315209029552731,LOW_CONFIDENCE,INFO,MODEL_RELIABILITY_WARNING,LOW,Magnetic forecasting model has low predictive reliability based on walk-forward evaluation.
1335,2026-06-08 00:05:59,2026-06-08 00:06:59,60,mag_y,Ridge,82.61401,231.4368897477091,148.82287974770912,LOW_CONFIDENCE,INFO,MODEL_RELIABILITY_WARNING,LOW,Magnetic forecasting model has low predictive reliability based on walk-forward evaluation.
1336,2026-06-08 00:05:59,2026-06-08 00:06:59,60,mag_z,Ridge,224.462,228.02683083616228,3.5648308361622867,LOW_CONFIDENCE,INFO,MODEL_RELIABILITY_WARNING,LOW,Magnetic forecasting model has low predictive reliability based on walk-forward evaluation.
1337,2026-06-08 00:05:59,2026-06-08 00:06:59,60,temperature,Persistence,45.49999992,45.49999992,0.0,NORMAL,NORMAL,NONE,HIGH,
1331,2026-06-08 00:05:59,2026-06-08 00:06:59,60,vib_x_rms,XGBoost,0.107487,0.106104627251625,-0.0013823727483749,WARNING,MEDIUM,ELEVATED_VIBRATION,MODERATE,Predicted vibration 0.106105 exceeds warning limit 0.10
1332,2026-06-08 00:05:59,2026-06-08 00:06:59,60,vib_y_rms,XGBoost,0.145623,0.1332460045814514,-0.0123769954185485,WARNING,MEDIUM,ELEVATED_VIBRATION,MODERATE,Predicted vibration 0.133246 exceeds warning limit 0.10
1333,2026-06-08 00:05:59,2026-06-08 00:06:59,60,vib_z_rms,XGBoost,0.060546,0.0619843527674675,0.0014383527674674,NORMAL,NORMAL,NONE,MODERATE,
1341,2026-06-08 00:06:00,2026-06-08 00:07:00,60,mag_x,Ridge,228.382,232.07601575147257,3.6940157514725622,LOW_CONFIDENCE,INFO,MODEL_RELIABILITY_WARNING,LOW,Magnetic forecasting model has low predictive reliability based on walk-forward evaluation.
1342,2026-06-08 00:06:00,2026-06-08 00:07:00,60,mag_y,Ridge,270.942,233.4432385385391,-37.4987614614609,LOW_CONFIDENCE,INFO,MODEL_RELIABILITY_WARNING,LOW,Magnetic forecasting model has low predictive reliability based on walk-forward evaluation.
1343,2026-06-08 00:06:00,2026-06-08 00:07:00,60,mag_z,Ridge,153.636,229.96518695844745,76.32918695844745,LOW_CONFIDENCE,INFO,MODEL_RELIABILITY_WARNING,LOW,Magnetic forecasting model has low predictive reliability based on walk-forward evaluation.
1344,2026-06-08 00:06:00,2026-06-08 00:07:00,60,temperature,Persistence,45.49999993,45.49999993,0.0,NORMAL,NORMAL,NONE,HIGH,
1338,2026-06-08 00:06:00,2026-06-08 00:07:00,60,vib_x_rms,XGBoost,0.114373,0.1060368493199348,-0.0083361506800651,WARNING,MEDIUM,ELEVATED_VIBRATION,MODERATE,Predicted vibration 0.106037 exceeds warning limit 0.10
1339,2026-06-08 00:06:00,2026-06-08 00:07:00,60,vib_y_rms,XGBoost,0.120995,0.1441433429718017,0.0231483429718017,WARNING,MEDIUM,ELEVATED_VIBRATION,MODERATE,Predicted vibration 0.144143 exceeds warning limit 0.10
1340,2026-06-08 00:06:00,2026-06-08 00:07:00,60,vib_z_rms,XGBoost,0.064011,0.0621611028909683,-0.0018498971090316,NORMAL,NORMAL,NONE,MODERATE,
1348,2026-06-08 00:06:01,2026-06-08 00:07:01,60,mag_x,Ridge,426.188,241.0547177896832,-185.1332822103168,LOW_CONFIDENCE,INFO,MODEL_RELIABILITY_WARNING,LOW,Magnetic forecasting model has low predictive reliability based on walk-forward evaluation.
1349,2026-06-08 00:06:01,2026-06-08 00:07:01,60,mag_y,Ridge,114.506,220.5637560062682,106.0577560062682,LOW_CONFIDENCE,INFO,MODEL_RELIABILITY_WARNING,LOW,Magnetic forecasting model has low predictive reliability based on walk-forward evaluation.
1350,2026-06-08 00:06:01,2026-06-08 00:07:01,60,mag_z,Ridge,421.036,236.24057822713053,-184.79542177286947,LOW_CONFIDENCE,INFO,MODEL_RELIABILITY_WARNING,LOW,Magnetic forecasting model has low predictive reliability based on walk-forward evaluation.
1351,2026-06-08 00:06:01,2026-06-08 00:07:01,60,temperature,Persistence,45.49999995,45.49999995,0.0,NORMAL,NORMAL,NONE,HIGH,
1345,2026-06-08 00:06:01,2026-06-08 00:07:01,60,vib_x_rms,XGBoost,0.101728,0.1046788394451141,0.0029508394451141,WARNING,MEDIUM,ELEVATED_VIBRATION,MODERATE,Predicted vibration 0.104679 exceeds warning limit 0.10
1346,2026-06-08 00:06:01,2026-06-08 00:07:01,60,vib_y_rms,XGBoost,0.140485,0.1396301984786987,-0.0008548015213012,WARNING,MEDIUM,ELEVATED_VIBRATION,MODERATE,Predicted vibration 0.139630 exceeds warning limit 0.10
1347,2026-06-08 00:06:01,2026-06-08 00:07:01,60,vib_z_rms,XGBoost,0.059588,0.062857985496521,0.0032699854965209,NORMAL,NORMAL,NONE,MODERATE,
1355,2026-06-08 00:06:03,2026-06-08 00:07:03,60,mag_x,Ridge,197.736,242.091918270496,44.35591827049598,LOW_CONFIDENCE,INFO,MODEL_RELIABILITY_WARNING,LOW,Magnetic forecasting model has low predictive reliability based on walk-forward evaluation.
1356,2026-06-08 00:06:03,2026-06-08 00:07:03,60,mag_y,Ridge,121.198,224.71780847340287,103.51980847340288,LOW_CONFIDENCE,INFO,MODEL_RELIABILITY_WARNING,LOW,Magnetic forecasting model has low predictive reliability based on walk-forward evaluation.
1357,2026-06-08 00:06:03,2026-06-08 00:07:03,60,mag_z,Ridge,427.336,237.1626919058459,-190.17330809415407,LOW_CONFIDENCE,INFO,MODEL_RELIABILITY_WARNING,LOW,Magnetic forecasting model has low predictive reliability based on walk-forward evaluation.
1358,2026-06-08 00:06:03,2026-06-08 00:07:03,60,temperature,Persistence,45.49999996,45.49999996,0.0,NORMAL,NORMAL,NONE,HIGH,
1352,2026-06-08 00:06:03,2026-06-08 00:07:03,60,vib_x_rms,XGBoost,0.09362,0.1050743833184242,0.0114543833184242,WARNING,MEDIUM,ELEVATED_VIBRATION,MODERATE,Predicted vibration 0.105074 exceeds warning limit 0.10
1353,2026-06-08 00:06:03,2026-06-08 00:07:03,60,vib_y_rms,XGBoost,0.156127,0.144660085439682,-0.0114669145603179,WARNING,MEDIUM,ELEVATED_VIBRATION,MODERATE,Predicted vibration 0.144660 exceeds warning limit 0.10
1354,2026-06-08 00:06:03,2026-06-08 00:07:03,60,vib_z_rms,XGBoost,0.061845,0.062115054577589,0.000270054577589,NORMAL,NORMAL,NONE,MODERATE,
1362,2026-06-08 00:06:04,2026-06-08 00:07:04,60,mag_x,Ridge,150.85,238.2619415534362,87.41194155343621,LOW_CONFIDENCE,INFO,MODEL_RELIABILITY_WARNING,LOW,Magnetic forecasting model has low predictive reliability based on walk-forward evaluation.
1363,2026-06-08 00:06:04,2026-06-08 00:07:04,60,mag_y,Ridge,8.722,224.5502361949837,215.8282361949837,LOW_CONFIDENCE,INFO,MODEL_RELIABILITY_WARNING,LOW,Magnetic forecasting model has low predictive reliability based on walk-forward evaluation.
1364,2026-06-08 00:06:04,2026-06-08 00:07:04,60,mag_z,Ridge,167.034,228.85430814249892,61.82030814249896,LOW_CONFIDENCE,INFO,MODEL_RELIABILITY_WARNING,LOW,Magnetic forecasting model has low predictive reliability based on walk-forward evaluation.
1365,2026-06-08 00:06:04,2026-06-08 00:07:04,60,temperature,Persistence,45.49999997,45.49999997,0.0,NORMAL,NORMAL,NONE,HIGH,
1359,2026-06-08 00:06:04,2026-06-08 00:07:04,60,vib_x_rms,XGBoost,0.109248,0.1099215298891067,0.0006735298891067,WARNING,MEDIUM,ELEVATED_VIBRATION,MODERATE,Predicted vibration 0.109922 exceeds warning limit 0.10
1360,2026-06-08 00:06:04,2026-06-08 00:07:04,60,vib_y_rms,XGBoost,0.133355,0.1458798795938491,0.0125248795938491,WARNING,MEDIUM,ELEVATED_VIBRATION,MODERATE,Predicted vibration 0.145880 exceeds warning limit 0.10
1361,2026-06-08 00:06:04,2026-06-08 00:07:04,60,vib_z_rms,XGBoost,0.068556,0.0632008016109466,-0.0053551983890533,NORMAL,NORMAL,NONE,MODERATE,
1369,2026-06-08 00:06:06,2026-06-08 00:07:06,60,mag_x,Ridge,138.11,234.0425148087242,95.9325148087242,LOW_CONFIDENCE,INFO,MODEL_RELIABILITY_WARNING,LOW,Magnetic forecasting model has low predictive reliability based on walk-forward evaluation.
1370,2026-06-08 00:06:06,2026-06-08 00:07:06,60,mag_y,Ridge,403.032,230.6424603796937,-172.38953962030627,LOW_CONFIDENCE,INFO,MODEL_RELIABILITY_WARNING,LOW,Magnetic forecasting model has low predictive reliability based on walk-forward evaluation.
1371,2026-06-08 00:06:06,2026-06-08 00:07:06,60,mag_z,Ridge,207.144,222.80468942972027,15.660689429720264,LOW_CONFIDENCE,INFO,MODEL_RELIABILITY_WARNING,LOW,Magnetic forecasting model has low predictive reliability based on walk-forward evaluation.
1372,2026-06-08 00:06:06,2026-06-08 00:07:06,60,temperature,Persistence,45.49999997,45.49999997,0.0,NORMAL,NORMAL,NONE,HIGH,
1366,2026-06-08 00:06:06,2026-06-08 00:07:06,60,vib_x_rms,XGBoost,0.110169,0.107112169265747,-0.0030568307342529,WARNING,MEDIUM,ELEVATED_VIBRATION,MODERATE,Predicted vibration 0.107112 exceeds warning limit 0.10
1367,2026-06-08 00:06:06,2026-06-08 00:07:06,60,vib_y_rms,XGBoost,0.132679,0.1398975551128387,0.0072185551128387,WARNING,MEDIUM,ELEVATED_VIBRATION,MODERATE,Predicted vibration 0.139898 exceeds warning limit 0.10
1368,2026-06-08 00:06:06,2026-06-08 00:07:06,60,vib_z_rms,XGBoost,0.059595,0.0633258819580078,0.0037308819580078,NORMAL,NORMAL,NONE,MODERATE,
1376,2026-06-08 00:06:07,2026-06-08 00:07:07,60,mag_x,Ridge,17.472,236.6870800211213,219.21508002112125,LOW_CONFIDENCE,INFO,MODEL_RELIABILITY_WARNING,LOW,Magnetic forecasting model has low predictive reliability based on walk-forward evaluation.
1377,2026-06-08 00:06:07,2026-06-08 00:07:07,60,mag_y,Ridge,187.95,224.4223754769615,36.4723754769615,LOW_CONFIDENCE,INFO,MODEL_RELIABILITY_WARNING,LOW,Magnetic forecasting model has low predictive reliability based on walk-forward evaluation.
1378,2026-06-08 00:06:07,2026-06-08 00:07:07,60,mag_z,Ridge,449.372,225.08949751129217,-224.28250248870785,LOW_CONFIDENCE,INFO,MODEL_RELIABILITY_WARNING,LOW,Magnetic forecasting model has low predictive reliability based on walk-forward evaluation.
1379,2026-06-08 00:06:07,2026-06-08 00:07:07,60,temperature,Persistence,45.49999998,45.49999998,0.0,NORMAL,NORMAL,NONE,HIGH,
1373,2026-06-08 00:06:07,2026-06-08 00:07:07,60,vib_x_rms,XGBoost,0.101431,0.1053358763456344,0.0039048763456344,WARNING,MEDIUM,ELEVATED_VIBRATION,MODERATE,Predicted vibration 0.105336 exceeds warning limit 0.10
1374,2026-06-08 00:06:07,2026-06-08 00:07:07,60,vib_y_rms,XGBoost,0.135316,0.1436887234449386,0.0083727234449386,WARNING,MEDIUM,ELEVATED_VIBRATION,MODERATE,Predicted vibration 0.143689 exceeds warning limit 0.10
1375,2026-06-08 00:06:07,2026-06-08 00:07:07,60,vib_z_rms,XGBoost,0.048444,0.0628573670983314,0.0144133670983314,NORMAL,NORMAL,NONE,MODERATE,
1383,2026-06-08 00:06:09,2026-06-08 00:07:09,60,mag_x,Ridge,2.226,233.91337902314547,231.68737902314547,LOW_CONFIDENCE,INFO,MODEL_RELIABILITY_WARNING,LOW,Magnetic forecasting model has low predictive reliability based on walk-forward evaluation.
1384,2026-06-08 00:06:09,2026-06-08 00:07:09,60,mag_y,Ridge,438.368,239.1427187799396,-199.2252812200604,LOW_CONFIDENCE,INFO,MODEL_RELIABILITY_WARNING,LOW,Magnetic forecasting model has low predictive reliability based on walk-forward evaluation.
1385,2026-06-08 00:06:09,2026-06-08 00:07:09,60,mag_z,Ridge,90.748,225.19373549512937,134.44573549512938,LOW_CONFIDENCE,INFO,MODEL_RELIABILITY_WARNING,LOW,Magnetic forecasting model has low predictive reliability based on walk-forward evaluation.
1386,2026-06-08 00:06:09,2026-06-08 00:07:09,60,temperature,Persistence,45.49999998,45.49999998,0.0,NORMAL,NORMAL,NONE,HIGH,
1380,2026-06-08 00:06:09,2026-06-08 00:07:09,60,vib_x_rms,XGBoost,0.108559,0.1045054420828819,-0.004053557917118,WARNING,MEDIUM,ELEVATED_VIBRATION,MODERATE,Predicted vibration 0.104505 exceeds warning limit 0.10
1381,2026-06-08 00:06:09,2026-06-08 00:07:09,60,vib_y_rms,XGBoost,0.122449,0.1438920050859451,0.0214430050859451,WARNING,MEDIUM,ELEVATED_VIBRATION,MODERATE,Predicted vibration 0.143892 exceeds warning limit 0.10
1382,2026-06-08 00:06:09,2026-06-08 00:07:09,60,vib_z_rms,XGBoost,0.05699,0.0634761080145835,0.0064861080145835,NORMAL,NORMAL,NONE,MODERATE,
1390,2026-06-08 00:06:10,2026-06-08 00:07:10,60,mag_x,Ridge,61.516,232.48389923984843,170.96789923984844,LOW_CONFIDENCE,INFO,MODEL_RELIABILITY_WARNING,LOW,Magnetic forecasting model has low predictive reliability based on walk-forward evaluation.
1391,2026-06-08 00:06:10,2026-06-08 00:07:10,60,mag_y,Ridge,42.952,229.96449766349397,187.01249766349397,LOW_CONFIDENCE,INFO,MODEL_RELIABILITY_WARNING,LOW,Magnetic forecasting model has low predictive reliability based on walk-forward evaluation.
1392,2026-06-08 00:06:10,2026-06-08 00:07:10,60,mag_z,Ridge,123.732,230.4732770724478,106.7412770724478,LOW_CONFIDENCE,INFO,MODEL_RELIABILITY_WARNING,LOW,Magnetic forecasting model has low predictive reliability based on walk-forward evaluation.
1393,2026-06-08 00:06:10,2026-06-08 00:07:10,60,temperature,Persistence,45.49999999,45.49999999,0.0,NORMAL,NORMAL,NONE,HIGH,
1387,2026-06-08 00:06:10,2026-06-08 00:07:10,60,vib_x_rms,XGBoost,0.11012,0.1057907119393348,-0.0043292880606651,WARNING,MEDIUM,ELEVATED_VIBRATION,MODERATE,Predicted vibration 0.105791 exceeds warning limit 0.10
1388,2026-06-08 00:06:10,2026-06-08 00:07:10,60,vib_y_rms,XGBoost,0.115345,0.1363135129213333,0.0209685129213333,WARNING,MEDIUM,ELEVATED_VIBRATION,MODERATE,Predicted vibration 0.136314 exceeds warning limit 0.10
1389,2026-06-08 00:06:10,2026-06-08 00:07:10,60,vib_z_rms,XGBoost,0.060562,0.0628093183040618,0.0022473183040618,NORMAL,NORMAL,NONE,MODERATE,
1397,2026-06-08 00:06:11,2026-06-08 00:07:11,60,mag_x,Ridge,73.248,228.1674859487365,154.9194859487365,LOW_CONFIDENCE,INFO,MODEL_RELIABILITY_WARNING,LOW,Magnetic forecasting model has low predictive reliability based on walk-forward evaluation.
1398,2026-06-08 00:06:11,2026-06-08 00:07:11,60,mag_y,Ridge,21.084,223.559858372158,202.475858372158,LOW_CONFIDENCE,INFO,MODEL_RELIABILITY_WARNING,LOW,Magnetic forecasting model has low predictive reliability based on walk-forward evaluation.
1399,2026-06-08 00:06:11,2026-06-08 00:07:11,60,mag_z,Ridge,194.81,232.55506520599417,37.745065205994166,LOW_CONFIDENCE,INFO,MODEL_RELIABILITY_WARNING,LOW,Magnetic forecasting model has low predictive reliability based on walk-forward evaluation.
1400,2026-06-08 00:06:11,2026-06-08 00:07:11,60,temperature,Persistence,45.49999999,45.49999999,0.0,NORMAL,NORMAL,NONE,HIGH,
1394,2026-06-08 00:06:11,2026-06-08 00:07:11,60,vib_x_rms,XGBoost,0.098417,0.104794256389141,0.006377256389141,WARNING,MEDIUM,ELEVATED_VIBRATION,MODERATE,Predicted vibration 0.104794 exceeds warning limit 0.10
1395,2026-06-08 00:06:11,2026-06-08 00:07:11,60,vib_y_rms,XGBoost,0.13706,0.1360894590616226,-0.0009705409383773,WARNING,MEDIUM,ELEVATED_VIBRATION,MODERATE,Predicted vibration 0.136089 exceeds warning limit 0.10
1396,2026-06-08 00:06:11,2026-06-08 00:07:11,60,vib_z_rms,XGBoost,0.056373,0.0631769001483917,0.0068039001483917,NORMAL,NORMAL,NONE,MODERATE,
1404,2026-06-08 00:06:13,2026-06-08 00:07:13,60,mag_x,Ridge,49.0,229.2520884010497,180.2520884010497,LOW_CONFIDENCE,INFO,MODEL_RELIABILITY_WARNING,LOW,Magnetic forecasting model has low predictive reliability based on walk-forward evaluation.
1405,2026-06-08 00:06:13,2026-06-08 00:07:13,60,mag_y,Ridge,231.854,222.37595661963283,-9.478043380367184,LOW_CONFIDENCE,INFO,MODEL_RELIABILITY_WARNING,LOW,Magnetic forecasting model has low predictive reliability based on walk-forward evaluation.
1406,2026-06-08 00:06:13,2026-06-08 00:07:13,60,mag_z,Ridge,244.706,226.61616680941745,-18.08983319058254,LOW_CONFIDENCE,INFO,MODEL_RELIABILITY_WARNING,LOW,Magnetic forecasting model has low predictive reliability based on walk-forward evaluation.
1407,2026-06-08 00:06:13,2026-06-08 00:07:13,60,temperature,Persistence,45.49999999,45.49999999,0.0,NORMAL,NORMAL,NONE,HIGH,
1401,2026-06-08 00:06:13,2026-06-08 00:07:13,60,vib_x_rms,XGBoost,0.112818,0.1074143722653389,-0.0054036277346611,WARNING,MEDIUM,ELEVATED_VIBRATION,MODERATE,Predicted vibration 0.107414 exceeds warning limit 0.10
1402,2026-06-08 00:06:13,2026-06-08 00:07:13,60,vib_y_rms,XGBoost,0.149944,0.1392536014318466,-0.0106903985681533,WARNING,MEDIUM,ELEVATED_VIBRATION,MODERATE,Predicted vibration 0.139254 exceeds warning limit 0.10
1403,2026-06-08 00:06:13,2026-06-08 00:07:13,60,vib_z_rms,XGBoost,0.060122,0.0627069547772407,0.0025849547772407,NORMAL,NORMAL,NONE,MODERATE,
1411,2026-06-08 00:06:14,2026-06-08 00:07:14,60,mag_x,Ridge,345.1,239.1610466602189,-105.93895333978116,LOW_CONFIDENCE,INFO,MODEL_RELIABILITY_WARNING,LOW,Magnetic forecasting model has low predictive reliability based on walk-forward evaluation.
1412,2026-06-08 00:06:14,2026-06-08 00:07:14,60,mag_y,Ridge,79.03,214.63435799711135,135.60435799711138,LOW_CONFIDENCE,INFO,MODEL_RELIABILITY_WARNING,LOW,Magnetic forecasting model has low predictive reliability based on walk-forward evaluation.
1413,2026-06-08 00:06:14,2026-06-08 00:07:14,60,mag_z,Ridge,363.006,230.9869078420392,-132.01909215796076,LOW_CONFIDENCE,INFO,MODEL_RELIABILITY_WARNING,LOW,Magnetic forecasting model has low predictive reliability based on walk-forward evaluation.
1414,2026-06-08 00:06:14,2026-06-08 00:07:14,60,temperature,Persistence,45.49999999,45.49999999,0.0,NORMAL,NORMAL,NONE,HIGH,
1408,2026-06-08 00:06:14,2026-06-08 00:07:14,60,vib_x_rms,XGBoost,0.126247,0.1095850765705108,-0.0166619234294891,WARNING,MEDIUM,ELEVATED_VIBRATION,MODERATE,Predicted vibration 0.109585 exceeds warning limit 0.10
1409,2026-06-08 00:06:14,2026-06-08 00:07:14,60,vib_y_rms,XGBoost,0.15753,0.1392895728349685,-0.0182404271650314,WARNING,MEDIUM,ELEVATED_VIBRATION,MODERATE,Predicted vibration 0.139290 exceeds warning limit 0.10
1410,2026-06-08 00:06:14,2026-06-08 00:07:14,60,vib_z_rms,XGBoost,0.060435,0.0626079589128494,0.0021729589128494,NORMAL,NORMAL,NONE,MODERATE,
1418,2026-06-08 00:06:16,2026-06-08 00:07:16,60,mag_x,Ridge,33.936,228.4050898669501,194.4690898669501,LOW_CONFIDENCE,INFO,MODEL_RELIABILITY_WARNING,LOW,Magnetic forecasting model has low predictive reliability based on walk-forward evaluation.
1419,2026-06-08 00:06:16,2026-06-08 00:07:16,60,mag_y,Ridge,151.956,220.5645831877672,68.60858318776721,LOW_CONFIDENCE,INFO,MODEL_RELIABILITY_WARNING,LOW,Magnetic forecasting model has low predictive reliability based on walk-forward evaluation.
1420,2026-06-08 00:06:16,2026-06-08 00:07:16,60,mag_z,Ridge,123.424,226.3215876631192,102.8975876631192,LOW_CONFIDENCE,INFO,MODEL_RELIABILITY_WARNING,LOW,Magnetic forecasting model has low predictive reliability based on walk-forward evaluation.
1421,2026-06-08 00:06:16,2026-06-08 00:07:16,60,temperature,Persistence,45.49999999,45.49999999,0.0,NORMAL,NORMAL,NONE,HIGH,
1415,2026-06-08 00:06:16,2026-06-08 00:07:16,60,vib_x_rms,XGBoost,0.116425,0.1104623675346374,-0.0059626324653625,WARNING,MEDIUM,ELEVATED_VIBRATION,MODERATE,Predicted vibration 0.110462 exceeds warning limit 0.10
1416,2026-06-08 00:06:16,2026-06-08 00:07:16,60,vib_y_rms,XGBoost,0.131936,0.1350337862968444,0.0030977862968444,WARNING,MEDIUM,ELEVATED_VIBRATION,MODERATE,Predicted vibration 0.135034 exceeds warning limit 0.10
1417,2026-06-08 00:06:16,2026-06-08 00:07:16,60,vib_z_rms,XGBoost,0.05598,0.0635191649198532,0.0075391649198532,NORMAL,NORMAL,NONE,MODERATE,
1425,2026-06-08 00:06:17,2026-06-08 00:07:17,60,mag_x,Ridge,129.122,226.3757322135164,97.25373221351634,LOW_CONFIDENCE,INFO,MODEL_RELIABILITY_WARNING,LOW,Magnetic forecasting model has low predictive reliability based on walk-forward evaluation.
1426,2026-06-08 00:06:17,2026-06-08 00:07:17,60,mag_y,Ridge,94.57,226.6735473684238,132.10354736842382,LOW_CONFIDENCE,INFO,MODEL_RELIABILITY_WARNING,LOW,Magnetic forecasting model has low predictive reliability based on walk-forward evaluation.
1427,2026-06-08 00:06:17,2026-06-08 00:07:17,60,mag_z,Ridge,306.32,231.13864561513708,-75.18135438486291,LOW_CONFIDENCE,INFO,MODEL_RELIABILITY_WARNING,LOW,Magnetic forecasting model has low predictive reliability based on walk-forward evaluation.
1428,2026-06-08 00:06:17,2026-06-08 00:07:17,60,temperature,Persistence,45.5,45.5,0.0,NORMAL,NORMAL,NONE,HIGH,
1422,2026-06-08 00:06:17,2026-06-08 00:07:17,60,vib_x_rms,XGBoost,0.12278,0.1108947098255157,-0.0118852901744842,WARNING,MEDIUM,ELEVATED_VIBRATION,MODERATE,Predicted vibration 0.110895 exceeds warning limit 0.10
1423,2026-06-08 00:06:17,2026-06-08 00:07:17,60,vib_y_rms,XGBoost,0.122963,0.1357690542936325,0.0128060542936325,WARNING,MEDIUM,ELEVATED_VIBRATION,MODERATE,Predicted vibration 0.135769 exceeds warning limit 0.10
1424,2026-06-08 00:06:17,2026-06-08 00:07:17,60,vib_z_rms,XGBoost,0.058801,0.0627818331122398,0.0039808331122398,NORMAL,NORMAL,NONE,MODERATE,
1432,2026-06-08 00:06:19,2026-06-08 00:07:19,60,mag_x,Ridge,172.032,230.4776350937492,58.44563509374919,LOW_CONFIDENCE,INFO,MODEL_RELIABILITY_WARNING,LOW,Magnetic forecasting model has low predictive reliability based on walk-forward evaluation.
1433,2026-06-08 00:06:19,2026-06-08 00:07:19,60,mag_y,Ridge,140.994,227.74458979028216,86.75058979028216,LOW_CONFIDENCE,INFO,MODEL_RELIABILITY_WARNING,LOW,Magnetic forecasting model has low predictive reliability based on walk-forward evaluation.
1434,2026-06-08 00:06:19,2026-06-08 00:07:19,60,mag_z,Ridge,83.678,227.2931104359357,143.61511043593572,LOW_CONFIDENCE,INFO,MODEL_RELIABILITY_WARNING,LOW,Magnetic forecasting model has low predictive reliability based on walk-forward evaluation.
1435,2026-06-08 00:06:19,2026-06-08 00:07:19,60,temperature,Persistence,45.5,45.5,0.0,NORMAL,NORMAL,NONE,HIGH,
1429,2026-06-08 00:06:19,2026-06-08 00:07:19,60,vib_x_rms,XGBoost,0.122806,0.1082874238491058,-0.0145185761508941,WARNING,MEDIUM,ELEVATED_VIBRATION,MODERATE,Predicted vibration 0.108287 exceeds warning limit 0.10
1430,2026-06-08 00:06:19,2026-06-08 00:07:19,60,vib_y_rms,XGBoost,0.124922,0.1349061876535415,0.0099841876535415,WARNING,MEDIUM,ELEVATED_VIBRATION,MODERATE,Predicted vibration 0.134906 exceeds warning limit 0.10
1431,2026-06-08 00:06:19,2026-06-08 00:07:19,60,vib_z_rms,XGBoost,0.060311,0.0629153922200203,0.0026043922200202,NORMAL,NORMAL,NONE,MODERATE,
1439,2026-06-08 00:06:20,2026-06-08 00:07:20,60,mag_x,Ridge,402.64,233.74684322915817,-168.8931567708418,LOW_CONFIDENCE,INFO,MODEL_RELIABILITY_WARNING,LOW,Magnetic forecasting model has low predictive reliability based on walk-forward evaluation.
1440,2026-06-08 00:06:20,2026-06-08 00:07:20,60,mag_y,Ridge,268.086,222.87427696634387,-45.21172303365614,LOW_CONFIDENCE,INFO,MODEL_RELIABILITY_WARNING,LOW,Magnetic forecasting model has low predictive reliability based on walk-forward evaluation.
1441,2026-06-08 00:06:20,2026-06-08 00:07:20,60,mag_z,Ridge,236.572,229.1788821468168,-7.393117853183213,LOW_CONFIDENCE,INFO,MODEL_RELIABILITY_WARNING,LOW,Magnetic forecasting model has low predictive reliability based on walk-forward evaluation.
1442,2026-06-08 00:06:20,2026-06-08 00:07:20,60,temperature,Persistence,45.5,45.5,0.0,NORMAL,NORMAL,NONE,HIGH,
1436,2026-06-08 00:06:20,2026-06-08 00:07:20,60,vib_x_rms,XGBoost,0.103659,0.1083735525608062,0.0047145525608062,WARNING,MEDIUM,ELEVATED_VIBRATION,MODERATE,Predicted vibration 0.108374 exceeds warning limit 0.10
1437,2026-06-08 00:06:20,2026-06-08 00:07:20,60,vib_y_rms,XGBoost,0.137766,0.1370049118995666,-0.0007610881004333,WARNING,MEDIUM,ELEVATED_VIBRATION,MODERATE,Predicted vibration 0.137005 exceeds warning limit 0.10
1438,2026-06-08 00:06:20,2026-06-08 00:07:20,60,vib_z_rms,XGBoost,0.076781,0.0629660859704017,-0.0138149140295982,NORMAL,NORMAL,NONE,MODERATE,
1446,2026-06-08 00:06:21,2026-06-08 00:07:21,60,mag_x,Ridge,36.596,235.32355512860363,198.72755512860363,LOW_CONFIDENCE,INFO,MODEL_RELIABILITY_WARNING,LOW,Magnetic forecasting model has low predictive reliability based on walk-forward evaluation.
1447,2026-06-08 00:06:21,2026-06-08 00:07:21,60,mag_y,Ridge,402.78,231.9868638307111,-170.79313616928889,LOW_CONFIDENCE,INFO,MODEL_RELIABILITY_WARNING,LOW,Magnetic forecasting model has low predictive reliability based on walk-forward evaluation.
1448,2026-06-08 00:06:21,2026-06-08 00:07:21,60,mag_z,Ridge,349.272,231.94244215635544,-117.32955784364457,LOW_CONFIDENCE,INFO,MODEL_RELIABILITY_WARNING,LOW,Magnetic forecasting model has low predictive reliability based on walk-forward evaluation.
1449,2026-06-08 00:06:21,2026-06-08 00:07:21,60,temperature,Persistence,45.5,45.5,0.0,NORMAL,NORMAL,NONE,HIGH,
1443,2026-06-08 00:06:21,2026-06-08 00:07:21,60,vib_x_rms,XGBoost,0.10836,0.1090665757656097,0.0007065757656097,WARNING,MEDIUM,ELEVATED_VIBRATION,MODERATE,Predicted vibration 0.109067 exceeds warning limit 0.10
1444,2026-06-08 00:06:21,2026-06-08 00:07:21,60,vib_y_rms,XGBoost,0.147176,0.1352421343326568,-0.0119338656673431,WARNING,MEDIUM,ELEVATED_VIBRATION,MODERATE,Predicted vibration 0.135242 exceeds warning limit 0.10
1445,2026-06-08 00:06:21,2026-06-08 00:07:21,60,vib_z_rms,XGBoost,0.064258,0.0638816356658935,-0.0003763643341064,NORMAL,NORMAL,NONE,MODERATE,
1453,2026-06-08 00:06:23,2026-06-08 00:07:23,60,mag_x,Ridge,323.792,232.25668663107243,-91.53531336892756,LOW_CONFIDENCE,INFO,MODEL_RELIABILITY_WARNING,LOW,Magnetic forecasting model has low predictive reliability based on walk-forward evaluation.
1454,2026-06-08 00:06:23,2026-06-08 00:07:23,60,mag_y,Ridge,178.108,217.13365310840908,39.025653108409074,LOW_CONFIDENCE,INFO,MODEL_RELIABILITY_WARNING,LOW,Magnetic forecasting model has low predictive reliability based on walk-forward evaluation.
1455,2026-06-08 00:06:23,2026-06-08 00:07:23,60,mag_z,Ridge,56.616,224.46102636361596,167.84502636361594,LOW_CONFIDENCE,INFO,MODEL_RELIABILITY_WARNING,LOW,Magnetic forecasting model has low predictive reliability based on walk-forward evaluation.
1456,2026-06-08 00:06:23,2026-06-08 00:07:23,60,temperature,Persistence,45.5,45.5,0.0,NORMAL,NORMAL,NONE,HIGH,
1450,2026-06-08 00:06:23,2026-06-08 00:07:23,60,vib_x_rms,XGBoost,0.100494,0.1093080788850784,0.0088140788850784,WARNING,MEDIUM,ELEVATED_VIBRATION,MODERATE,Predicted vibration 0.109308 exceeds warning limit 0.10
1451,2026-06-08 00:06:23,2026-06-08 00:07:23,60,vib_y_rms,XGBoost,0.119627,0.135590523481369,0.015963523481369,WARNING,MEDIUM,ELEVATED_VIBRATION,MODERATE,Predicted vibration 0.135591 exceeds warning limit 0.10
1452,2026-06-08 00:06:23,2026-06-08 00:07:23,60,vib_z_rms,XGBoost,0.062225,0.0647421777248382,0.0025171777248382,NORMAL,NORMAL,NONE,MODERATE,
1460,2026-06-08 00:06:24,2026-06-08 00:07:24,60,mag_x,Ridge,266.084,232.9682724111052,-33.1157275888948,LOW_CONFIDENCE,INFO,MODEL_RELIABILITY_WARNING,LOW,Magnetic forecasting model has low predictive reliability based on walk-forward evaluation.
1461,2026-06-08 00:06:24,2026-06-08 00:07:24,60,mag_y,Ridge,34.342,219.1914780874284,184.8494780874284,LOW_CONFIDENCE,INFO,MODEL_RELIABILITY_WARNING,LOW,Magnetic forecasting model has low predictive reliability based on walk-forward evaluation.
1462,2026-06-08 00:06:24,2026-06-08 00:07:24,60,mag_z,Ridge,192.136,232.0849357055455,39.948935705545495,LOW_CONFIDENCE,INFO,MODEL_RELIABILITY_WARNING,LOW,Magnetic forecasting model has low predictive reliability based on walk-forward evaluation.
1463,2026-06-08 00:06:24,2026-06-08 00:07:24,60,temperature,Persistence,45.5,45.5,0.0,NORMAL,NORMAL,NONE,HIGH,
1457,2026-06-08 00:06:24,2026-06-08 00:07:24,60,vib_x_rms,XGBoost,0.109253,0.1098166778683662,0.0005636778683662,WARNING,MEDIUM,ELEVATED_VIBRATION,MODERATE,Predicted vibration 0.109817 exceeds warning limit 0.10
1458,2026-06-08 00:06:24,2026-06-08 00:07:24,60,vib_y_rms,XGBoost,0.141208,0.1345089524984359,-0.006699047501564,WARNING,MEDIUM,ELEVATED_VIBRATION,MODERATE,Predicted vibration 0.134509 exceeds warning limit 0.10
1459,2026-06-08 00:06:24,2026-06-08 00:07:24,60,vib_z_rms,XGBoost,0.07595,0.0645846873521804,-0.0113653126478195,NORMAL,NORMAL,NONE,MODERATE,
1467,2026-06-08 00:06:26,2026-06-08 00:07:26,60,mag_x,Ridge,234.584,233.0297608179424,-1.5542391820576429,LOW_CONFIDENCE,INFO,MODEL_RELIABILITY_WARNING,LOW,Magnetic forecasting model has low predictive reliability based on walk-forward evaluation.
1468,2026-06-08 00:06:26,2026-06-08 00:07:26,60,mag_y,Ridge,216.118,220.87773807474832,4.759738074748327,LOW_CONFIDENCE,INFO,MODEL_RELIABILITY_WARNING,LOW,Magnetic forecasting model has low predictive reliability based on walk-forward evaluation.
1469,2026-06-08 00:06:26,2026-06-08 00:07:26,60,mag_z,Ridge,156.254,227.33161267265555,71.07761267265556,LOW_CONFIDENCE,INFO,MODEL_RELIABILITY_WARNING,LOW,Magnetic forecasting model has low predictive reliability based on walk-forward evaluation.
1470,2026-06-08 00:06:26,2026-06-08 00:07:26,60,temperature,Persistence,45.5,45.5,0.0,NORMAL,NORMAL,NONE,HIGH,
1464,2026-06-08 00:06:26,2026-06-08 00:07:26,60,vib_x_rms,XGBoost,0.103341,0.1063222661614418,0.0029812661614418,WARNING,MEDIUM,ELEVATED_VIBRATION,MODERATE,Predicted vibration 0.106322 exceeds warning limit 0.10
1465,2026-06-08 00:06:26,2026-06-08 00:07:26,60,vib_y_rms,XGBoost,0.143476,0.1337009817361831,-0.0097750182638168,WARNING,MEDIUM,ELEVATED_VIBRATION,MODERATE,Predicted vibration 0.133701 exceeds warning limit 0.10
1466,2026-06-08 00:06:26,2026-06-08 00:07:26,60,vib_z_rms,XGBoost,0.063236,0.0640524625778198,0.0008164625778198,NORMAL,NORMAL,NONE,MODERATE,
1474,2026-06-08 00:06:27,2026-06-08 00:07:27,60,mag_x,Ridge,441.112,236.24812503043236,-204.8638749695677,LOW_CONFIDENCE,INFO,MODEL_RELIABILITY_WARNING,LOW,Magnetic forecasting model has low predictive reliability based on walk-forward evaluation.
1475,2026-06-08 00:06:27,2026-06-08 00:07:27,60,mag_y,Ridge,237.524,225.148391251894,-12.375608748106004,LOW_CONFIDENCE,INFO,MODEL_RELIABILITY_WARNING,LOW,Magnetic forecasting model has low predictive reliability based on walk-forward evaluation.
1476,2026-06-08 00:06:27,2026-06-08 00:07:27,60,mag_z,Ridge,343.112,231.90358077323324,-111.20841922676678,LOW_CONFIDENCE,INFO,MODEL_RELIABILITY_WARNING,LOW,Magnetic forecasting model has low predictive reliability based on walk-forward evaluation.
1477,2026-06-08 00:06:27,2026-06-08 00:07:27,60,temperature,Persistence,45.5,45.5,0.0,NORMAL,NORMAL,NONE,HIGH,
1471,2026-06-08 00:06:27,2026-06-08 00:07:27,60,vib_x_rms,XGBoost,0.086459,0.1109858751296997,0.0245268751296997,WARNING,MEDIUM,ELEVATED_VIBRATION,MODERATE,Predicted vibration 0.110986 exceeds warning limit 0.10
1472,2026-06-08 00:06:27,2026-06-08 00:07:27,60,vib_y_rms,XGBoost,0.153426,0.1346222758293151,-0.0188037241706848,WARNING,MEDIUM,ELEVATED_VIBRATION,MODERATE,Predicted vibration 0.134622 exceeds warning limit 0.10
1473,2026-06-08 00:06:27,2026-06-08 00:07:27,60,vib_z_rms,XGBoost,0.058733,0.0643250644207,0.0055920644207,NORMAL,NORMAL,NONE,MODERATE,
1481,2026-06-08 00:06:29,2026-06-08 00:07:29,60,mag_x,Ridge,280.322,236.2874409273733,-44.03455907262671,LOW_CONFIDENCE,INFO,MODEL_RELIABILITY_WARNING,LOW,Magnetic forecasting model has low predictive reliability based on walk-forward evaluation.
1482,2026-06-08 00:06:29,2026-06-08 00:07:29,60,mag_y,Ridge,113.974,223.3468157144835,109.37281571448352,LOW_CONFIDENCE,INFO,MODEL_RELIABILITY_WARNING,LOW,Magnetic forecasting model has low predictive reliability based on walk-forward evaluation.
1483,2026-06-08 00:06:29,2026-06-08 00:07:29,60,mag_z,Ridge,29.596,225.99398224632648,196.39798224632648,LOW_CONFIDENCE,INFO,MODEL_RELIABILITY_WARNING,LOW,Magnetic forecasting model has low predictive reliability based on walk-forward evaluation.
1484,2026-06-08 00:06:29,2026-06-08 00:07:29,60,temperature,Persistence,45.5,45.5,0.0,NORMAL,NORMAL,NONE,HIGH,
1478,2026-06-08 00:06:29,2026-06-08 00:07:29,60,vib_x_rms,XGBoost,0.117838,0.1138024851679802,-0.0040355148320198,WARNING,MEDIUM,ELEVATED_VIBRATION,MODERATE,Predicted vibration 0.113802 exceeds warning limit 0.10
1479,2026-06-08 00:06:29,2026-06-08 00:07:29,60,vib_y_rms,XGBoost,0.142619,0.1421763896942138,-0.0004426103057861,WARNING,MEDIUM,ELEVATED_VIBRATION,MODERATE,Predicted vibration 0.142176 exceeds warning limit 0.10
1480,2026-06-08 00:06:29,2026-06-08 00:07:29,60,vib_z_rms,XGBoost,0.073989,0.0647513344883918,-0.0092376655116081,NORMAL,NORMAL,NONE,MODERATE,
1488,2026-06-08 00:06:30,2026-06-08 00:07:30,60,mag_x,Ridge,321.86,239.1540562200482,-82.70594377995181,LOW_CONFIDENCE,INFO,MODEL_RELIABILITY_WARNING,LOW,Magnetic forecasting model has low predictive reliability based on walk-forward evaluation.
1489,2026-06-08 00:06:30,2026-06-08 00:07:30,60,mag_y,Ridge,128.716,213.4367785691317,84.72077856913165,LOW_CONFIDENCE,INFO,MODEL_RELIABILITY_WARNING,LOW,Magnetic forecasting model has low predictive reliability based on walk-forward evaluation.
1490,2026-06-08 00:06:30,2026-06-08 00:07:30,60,mag_z,Ridge,165.018,225.48865451544947,60.47065451544947,LOW_CONFIDENCE,INFO,MODEL_RELIABILITY_WARNING,LOW,Magnetic forecasting model has low predictive reliability based on walk-forward evaluation.
1491,2026-06-08 00:06:30,2026-06-08 00:07:30,60,temperature,Persistence,45.5,45.5,0.0,NORMAL,NORMAL,NONE,HIGH,
1485,2026-06-08 00:06:30,2026-06-08 00:07:30,60,vib_x_rms,XGBoost,0.112259,0.1097814291715622,-0.0024775708284378,WARNING,MEDIUM,ELEVATED_VIBRATION,MODERATE,Predicted vibration 0.109781 exceeds warning limit 0.10
1486,2026-06-08 00:06:30,2026-06-08 00:07:30,60,vib_y_rms,XGBoost,0.143304,0.1401631087064743,-0.0031408912935256,WARNING,MEDIUM,ELEVATED_VIBRATION,MODERATE,Predicted vibration 0.140163 exceeds warning limit 0.10
1487,2026-06-08 00:06:30,2026-06-08 00:07:30,60,vib_z_rms,XGBoost,0.075221,0.0633305683732032,-0.0118904316267967,NORMAL,NORMAL,NONE,MODERATE,
1495,2026-06-08 00:06:31,2026-06-08 00:07:31,60,mag_x,Ridge,324.73,240.90475554354512,-83.8252444564549,LOW_CONFIDENCE,INFO,MODEL_RELIABILITY_WARNING,LOW,Magnetic forecasting model has low predictive reliability based on walk-forward evaluation.
1496,2026-06-08 00:06:31,2026-06-08 00:07:31,60,mag_y,Ridge,50.512,219.3916661922316,168.8796661922316,LOW_CONFIDENCE,INFO,MODEL_RELIABILITY_WARNING,LOW,Magnetic forecasting model has low predictive reliability based on walk-forward evaluation.
1497,2026-06-08 00:06:31,2026-06-08 00:07:31,60,mag_z,Ridge,254.408,226.1036541947905,-28.30434580520952,LOW_CONFIDENCE,INFO,MODEL_RELIABILITY_WARNING,LOW,Magnetic forecasting model has low predictive reliability based on walk-forward evaluation.
1498,2026-06-08 00:06:31,2026-06-08 00:07:31,60,temperature,Persistence,45.5,45.5,0.0,NORMAL,NORMAL,NONE,HIGH,
1492,2026-06-08 00:06:31,2026-06-08 00:07:31,60,vib_x_rms,XGBoost,0.118229,0.1119194850325584,-0.0063095149674415,WARNING,MEDIUM,ELEVATED_VIBRATION,MODERATE,Predicted vibration 0.111919 exceeds warning limit 0.10
1493,2026-06-08 00:06:31,2026-06-08 00:07:31,60,vib_y_rms,XGBoost,0.136262,0.1411192566156387,0.0048572566156387,WARNING,MEDIUM,ELEVATED_VIBRATION,MODERATE,Predicted vibration 0.141119 exceeds warning limit 0.10
1494,2026-06-08 00:06:31,2026-06-08 00:07:31,60,vib_z_rms,XGBoost,0.064822,0.0640618056058883,-0.0007601943941116,NORMAL,NORMAL,NONE,MODERATE,
1502,2026-06-08 00:06:33,2026-06-08 00:07:33,60,mag_x,Ridge,350.07,238.2264500471308,-111.8435499528692,LOW_CONFIDENCE,INFO,MODEL_RELIABILITY_WARNING,LOW,Magnetic forecasting model has low predictive reliability based on walk-forward evaluation.
1503,2026-06-08 00:06:33,2026-06-08 00:07:33,60,mag_y,Ridge,60.76,219.35066491695744,158.59066491695745,LOW_CONFIDENCE,INFO,MODEL_RELIABILITY_WARNING,LOW,Magnetic forecasting model has low predictive reliability based on walk-forward evaluation.
1504,2026-06-08 00:06:33,2026-06-08 00:07:33,60,mag_z,Ridge,9.856,225.54119637255872,215.68519637255872,LOW_CONFIDENCE,INFO,MODEL_RELIABILITY_WARNING,LOW,Magnetic forecasting model has low predictive reliability based on walk-forward evaluation.
1505,2026-06-08 00:06:33,2026-06-08 00:07:33,60,temperature,Persistence,45.5,45.5,0.0,NORMAL,NORMAL,NONE,HIGH,
1499,2026-06-08 00:06:33,2026-06-08 00:07:33,60,vib_x_rms,XGBoost,0.120222,0.1069702506065368,-0.0132517493934631,WARNING,MEDIUM,ELEVATED_VIBRATION,MODERATE,Predicted vibration 0.106970 exceeds warning limit 0.10
1500,2026-06-08 00:06:33,2026-06-08 00:07:33,60,vib_y_rms,XGBoost,0.17843,0.1397382915019989,-0.0386917084980011,WARNING,MEDIUM,ELEVATED_VIBRATION,MODERATE,Predicted vibration 0.139738 exceeds warning limit 0.10
1501,2026-06-08 00:06:33,2026-06-08 00:07:33,60,vib_z_rms,XGBoost,0.072183,0.0639665350317955,-0.0082164649682044,NORMAL,NORMAL,NONE,MODERATE,
1509,2026-06-08 00:06:34,2026-06-08 00:07:34,60,mag_x,Ridge,395.234,240.33208533655056,-154.90191466344942,LOW_CONFIDENCE,INFO,MODEL_RELIABILITY_WARNING,LOW,Magnetic forecasting model has low predictive reliability based on walk-forward evaluation.
1510,2026-06-08 00:06:34,2026-06-08 00:07:34,60,mag_y,Ridge,338.87,226.11222614347776,-112.75777385652223,LOW_CONFIDENCE,INFO,MODEL_RELIABILITY_WARNING,LOW,Magnetic forecasting model has low predictive reliability based on walk-forward evaluation.
1511,2026-06-08 00:06:34,2026-06-08 00:07:34,60,mag_z,Ridge,337.232,227.33431885925063,-109.89768114074936,LOW_CONFIDENCE,INFO,MODEL_RELIABILITY_WARNING,LOW,Magnetic forecasting model has low predictive reliability based on walk-forward evaluation.
1512,2026-06-08 00:06:34,2026-06-08 00:07:34,60,temperature,Persistence,45.5,45.5,0.0,NORMAL,NORMAL,NONE,HIGH,
1506,2026-06-08 00:06:34,2026-06-08 00:07:34,60,vib_x_rms,XGBoost,0.12425,0.1078757718205452,-0.0163742281794548,WARNING,MEDIUM,ELEVATED_VIBRATION,MODERATE,Predicted vibration 0.107876 exceeds warning limit 0.10
1507,2026-06-08 00:06:34,2026-06-08 00:07:34,60,vib_y_rms,XGBoost,0.134963,0.137408047914505,0.002445047914505,WARNING,MEDIUM,ELEVATED_VIBRATION,MODERATE,Predicted vibration 0.137408 exceeds warning limit 0.10
1508,2026-06-08 00:06:34,2026-06-08 00:07:34,60,vib_z_rms,XGBoost,0.064323,0.0636498928070068,-0.0006731071929931,NORMAL,NORMAL,NONE,MODERATE,
1516,2026-06-08 00:06:36,2026-06-08 00:07:36,60,mag_x,Ridge,136.43,240.40796237375068,103.97796237375069,LOW_CONFIDENCE,INFO,MODEL_RELIABILITY_WARNING,LOW,Magnetic forecasting model has low predictive reliability based on walk-forward evaluation.
1517,2026-06-08 00:06:36,2026-06-08 00:07:36,60,mag_y,Ridge,291.228,223.22046691286505,-68.00753308713496,LOW_CONFIDENCE,INFO,MODEL_RELIABILITY_WARNING,LOW,Magnetic forecasting model has low predictive reliability based on walk-forward evaluation.
1518,2026-06-08 00:06:36,2026-06-08 00:07:36,60,mag_z,Ridge,156.758,223.9851478266526,67.22714782665258,LOW_CONFIDENCE,INFO,MODEL_RELIABILITY_WARNING,LOW,Magnetic forecasting model has low predictive reliability based on walk-forward evaluation.
1519,2026-06-08 00:06:36,2026-06-08 00:07:36,60,temperature,Persistence,45.5,45.5,0.0,NORMAL,NORMAL,NONE,HIGH,
1513,2026-06-08 00:06:36,2026-06-08 00:07:36,60,vib_x_rms,XGBoost,0.098609,0.1071055233478546,0.0084965233478546,WARNING,MEDIUM,ELEVATED_VIBRATION,MODERATE,Predicted vibration 0.107106 exceeds warning limit 0.10
1514,2026-06-08 00:06:36,2026-06-08 00:07:36,60,vib_y_rms,XGBoost,0.122261,0.1346392631530761,0.0123782631530761,WARNING,MEDIUM,ELEVATED_VIBRATION,MODERATE,Predicted vibration 0.134639 exceeds warning limit 0.10
1515,2026-06-08 00:06:36,2026-06-08 00:07:36,60,vib_z_rms,XGBoost,0.063167,0.0650364309549331,0.0018694309549331,NORMAL,NORMAL,NONE,MODERATE,
1523,2026-06-08 00:06:37,2026-06-08 00:07:37,60,mag_x,Ridge,327.418,231.75656099923515,-95.66143900076486,LOW_CONFIDENCE,INFO,MODEL_RELIABILITY_WARNING,LOW,Magnetic forecasting model has low predictive reliability based on walk-forward evaluation.
1524,2026-06-08 00:06:37,2026-06-08 00:07:37,60,mag_y,Ridge,418.404,224.6352644059141,-193.76873559408585,LOW_CONFIDENCE,INFO,MODEL_RELIABILITY_WARNING,LOW,Magnetic forecasting model has low predictive reliability based on walk-forward evaluation.
1525,2026-06-08 00:06:37,2026-06-08 00:07:37,60,mag_z,Ridge,130.41,226.9934075728583,96.5834075728583,LOW_CONFIDENCE,INFO,MODEL_RELIABILITY_WARNING,LOW,Magnetic forecasting model has low predictive reliability based on walk-forward evaluation.
1526,2026-06-08 00:06:37,2026-06-08 00:07:37,60,temperature,Persistence,45.5,45.5,0.0,NORMAL,NORMAL,NONE,HIGH,
1520,2026-06-08 00:06:37,2026-06-08 00:07:37,60,vib_x_rms,XGBoost,0.093585,0.106728009879589,0.013143009879589,WARNING,MEDIUM,ELEVATED_VIBRATION,MODERATE,Predicted vibration 0.106728 exceeds warning limit 0.10
1521,2026-06-08 00:06:37,2026-06-08 00:07:37,60,vib_y_rms,XGBoost,0.12139,0.1399561762809753,0.0185661762809753,WARNING,MEDIUM,ELEVATED_VIBRATION,MODERATE,Predicted vibration 0.139956 exceeds warning limit 0.10
1522,2026-06-08 00:06:37,2026-06-08 00:07:37,60,vib_z_rms,XGBoost,0.057275,0.0643310099840164,0.0070560099840164,NORMAL,NORMAL,NONE,MODERATE,
1530,2026-06-08 00:06:39,2026-06-08 00:07:39,60,mag_x,Ridge,257.964,232.40114034438884,-25.562859655611163,LOW_CONFIDENCE,INFO,MODEL_RELIABILITY_WARNING,LOW,Magnetic forecasting model has low predictive reliability based on walk-forward evaluation.
1531,2026-06-08 00:06:39,2026-06-08 00:07:39,60,mag_y,Ridge,432.39,230.5748535407306,-201.81514645926936,LOW_CONFIDENCE,INFO,MODEL_RELIABILITY_WARNING,LOW,Magnetic forecasting model has low predictive reliability based on walk-forward evaluation.
1532,2026-06-08 00:06:39,2026-06-08 00:07:39,60,mag_z,Ridge,370.762,226.01679955255912,-144.74520044744088,LOW_CONFIDENCE,INFO,MODEL_RELIABILITY_WARNING,LOW,Magnetic forecasting model has low predictive reliability based on walk-forward evaluation.
1533,2026-06-08 00:06:39,2026-06-08 00:07:39,60,temperature,Persistence,45.5,45.5,0.0,NORMAL,NORMAL,NONE,HIGH,
1527,2026-06-08 00:06:39,2026-06-08 00:07:39,60,vib_x_rms,XGBoost,0.11224,0.1087970659136772,-0.0034429340863227,WARNING,MEDIUM,ELEVATED_VIBRATION,MODERATE,Predicted vibration 0.108797 exceeds warning limit 0.10
1528,2026-06-08 00:06:39,2026-06-08 00:07:39,60,vib_y_rms,XGBoost,0.119084,0.1401840895414352,0.0211000895414352,WARNING,MEDIUM,ELEVATED_VIBRATION,MODERATE,Predicted vibration 0.140184 exceeds warning limit 0.10
1529,2026-06-08 00:06:39,2026-06-08 00:07:39,60,vib_z_rms,XGBoost,0.067905,0.0640112459659576,-0.0038937540340423,NORMAL,NORMAL,NONE,MODERATE,
1537,2026-06-08 00:06:40,2026-06-08 00:07:40,60,mag_x,Ridge,193.312,235.8965854400909,42.58458544009085,LOW_CONFIDENCE,INFO,MODEL_RELIABILITY_WARNING,LOW,Magnetic forecasting model has low predictive reliability based on walk-forward evaluation.
1538,2026-06-08 00:06:40,2026-06-08 00:07:40,60,mag_y,Ridge,175.238,221.21748276699063,45.97948276699066,LOW_CONFIDENCE,INFO,MODEL_RELIABILITY_WARNING,LOW,Magnetic forecasting model has low predictive reliability based on walk-forward evaluation.
1539,2026-06-08 00:06:40,2026-06-08 00:07:40,60,mag_z,Ridge,229.712,229.09577843179332,-0.6162215682066403,LOW_CONFIDENCE,INFO,MODEL_RELIABILITY_WARNING,LOW,Magnetic forecasting model has low predictive reliability based on walk-forward evaluation.
1540,2026-06-08 00:06:40,2026-06-08 00:07:40,60,temperature,Persistence,45.5,45.5,0.0,NORMAL,NORMAL,NONE,HIGH,
1534,2026-06-08 00:06:40,2026-06-08 00:07:40,60,vib_x_rms,XGBoost,0.098664,0.1072210222482681,0.0085570222482681,WARNING,MEDIUM,ELEVATED_VIBRATION,MODERATE,Predicted vibration 0.107221 exceeds warning limit 0.10
1535,2026-06-08 00:06:40,2026-06-08 00:07:40,60,vib_y_rms,XGBoost,0.132671,0.1387138962745666,0.0060428962745666,WARNING,MEDIUM,ELEVATED_VIBRATION,MODERATE,Predicted vibration 0.138714 exceeds warning limit 0.10
1536,2026-06-08 00:06:40,2026-06-08 00:07:40,60,vib_z_rms,XGBoost,0.064253,0.0636982843279838,-0.0005547156720161,NORMAL,NORMAL,NONE,MODERATE,
1544,2026-06-08 00:06:41,2026-06-08 00:07:41,60,mag_x,Ridge,349.734,228.8738430164028,-120.86015698359716,LOW_CONFIDENCE,INFO,MODEL_RELIABILITY_WARNING,LOW,Magnetic forecasting model has low predictive reliability based on walk-forward evaluation.
1545,2026-06-08 00:06:41,2026-06-08 00:07:41,60,mag_y,Ridge,313.46,233.4410274322795,-80.01897256772048,LOW_CONFIDENCE,INFO,MODEL_RELIABILITY_WARNING,LOW,Magnetic forecasting model has low predictive reliability based on walk-forward evaluation.
1546,2026-06-08 00:06:41,2026-06-08 00:07:41,60,mag_z,Ridge,409.318,230.95609221712888,-178.3619077828711,LOW_CONFIDENCE,INFO,MODEL_RELIABILITY_WARNING,LOW,Magnetic forecasting model has low predictive reliability based on walk-forward evaluation.
1547,2026-06-08 00:06:41,2026-06-08 00:07:41,60,temperature,Persistence,45.5,45.5,0.0,NORMAL,NORMAL,NONE,HIGH,
1541,2026-06-08 00:06:41,2026-06-08 00:07:41,60,vib_x_rms,XGBoost,0.101118,0.1049532443284988,0.0038352443284988,WARNING,MEDIUM,ELEVATED_VIBRATION,MODERATE,Predicted vibration 0.104953 exceeds warning limit 0.10
1542,2026-06-08 00:06:41,2026-06-08 00:07:41,60,vib_y_rms,XGBoost,0.131009,0.1380523294210434,0.0070433294210434,WARNING,MEDIUM,ELEVATED_VIBRATION,MODERATE,Predicted vibration 0.138052 exceeds warning limit 0.10
1543,2026-06-08 00:06:41,2026-06-08 00:07:41,60,vib_z_rms,XGBoost,0.065611,0.0637105107307434,-0.0019004892692565,NORMAL,NORMAL,NONE,MODERATE,
1551,2026-06-08 00:06:43,2026-06-08 00:07:43,60,mag_x,Ridge,59.542,240.45008993998883,180.90808993998883,LOW_CONFIDENCE,INFO,MODEL_RELIABILITY_WARNING,LOW,Magnetic forecasting model has low predictive reliability based on walk-forward evaluation.
1552,2026-06-08 00:06:43,2026-06-08 00:07:43,60,mag_y,Ridge,170.884,223.32298320884237,52.43898320884236,LOW_CONFIDENCE,INFO,MODEL_RELIABILITY_WARNING,LOW,Magnetic forecasting model has low predictive reliability based on walk-forward evaluation.
1553,2026-06-08 00:06:43,2026-06-08 00:07:43,60,mag_z,Ridge,403.62,230.4106137343175,-173.2093862656825,LOW_CONFIDENCE,INFO,MODEL_RELIABILITY_WARNING,LOW,Magnetic forecasting model has low predictive reliability based on walk-forward evaluation.
1554,2026-06-08 00:06:43,2026-06-08 00:07:43,60,temperature,Persistence,45.5,45.5,0.0,NORMAL,NORMAL,NONE,HIGH,
1548,2026-06-08 00:06:43,2026-06-08 00:07:43,60,vib_x_rms,XGBoost,0.106298,0.1058840155601501,-0.0004139844398498,WARNING,MEDIUM,ELEVATED_VIBRATION,MODERATE,Predicted vibration 0.105884 exceeds warning limit 0.10
1549,2026-06-08 00:06:43,2026-06-08 00:07:43,60,vib_y_rms,XGBoost,0.150036,0.1364573389291763,-0.0135786610708236,WARNING,MEDIUM,ELEVATED_VIBRATION,MODERATE,Predicted vibration 0.136457 exceeds warning limit 0.10
1550,2026-06-08 00:06:43,2026-06-08 00:07:43,60,vib_z_rms,XGBoost,0.066892,0.0634367614984512,-0.0034552385015487,NORMAL,NORMAL,NONE,MODERATE,
1558,2026-06-08 00:06:44,2026-06-08 00:07:44,60,mag_x,Ridge,378.322,227.78056536162651,-150.54143463837346,LOW_CONFIDENCE,INFO,MODEL_RELIABILITY_WARNING,LOW,Magnetic forecasting model has low predictive reliability based on walk-forward evaluation.
1559,2026-06-08 00:06:44,2026-06-08 00:07:44,60,mag_y,Ridge,27.902,230.6254985540787,202.72349855407867,LOW_CONFIDENCE,INFO,MODEL_RELIABILITY_WARNING,LOW,Magnetic forecasting model has low predictive reliability based on walk-forward evaluation.
1560,2026-06-08 00:06:44,2026-06-08 00:07:44,60,mag_z,Ridge,338.674,232.4252232203076,-106.24877677969238,LOW_CONFIDENCE,INFO,MODEL_RELIABILITY_WARNING,LOW,Magnetic forecasting model has low predictive reliability based on walk-forward evaluation.
1561,2026-06-08 00:06:44,2026-06-08 00:07:44,60,temperature,Persistence,45.5,45.5,0.0,NORMAL,NORMAL,NONE,HIGH,
1555,2026-06-08 00:06:44,2026-06-08 00:07:44,60,vib_x_rms,XGBoost,0.106256,0.1091424524784088,0.0028864524784088,WARNING,MEDIUM,ELEVATED_VIBRATION,MODERATE,Predicted vibration 0.109142 exceeds warning limit 0.10
1556,2026-06-08 00:06:44,2026-06-08 00:07:44,60,vib_y_rms,XGBoost,0.144879,0.141010582447052,-0.003868417552948,WARNING,MEDIUM,ELEVATED_VIBRATION,MODERATE,Predicted vibration 0.141011 exceeds warning limit 0.10
1557,2026-06-08 00:06:44,2026-06-08 00:07:44,60,vib_z_rms,XGBoost,0.066852,0.064234510064125,-0.0026174899358749,NORMAL,NORMAL,NONE,MODERATE,
1565,2026-06-08 00:06:46,2026-06-08 00:07:46,60,mag_x,Ridge,243.908,230.72677916784423,-13.18122083215573,LOW_CONFIDENCE,INFO,MODEL_RELIABILITY_WARNING,LOW,Magnetic forecasting model has low predictive reliability based on walk-forward evaluation.
1566,2026-06-08 00:06:46,2026-06-08 00:07:46,60,mag_y,Ridge,354.9,235.0618914704073,-119.83810852959267,LOW_CONFIDENCE,INFO,MODEL_RELIABILITY_WARNING,LOW,Magnetic forecasting model has low predictive reliability based on walk-forward evaluation.
1567,2026-06-08 00:06:46,2026-06-08 00:07:46,60,mag_z,Ridge,419.398,229.45009975780172,-189.94790024219827,LOW_CONFIDENCE,INFO,MODEL_RELIABILITY_WARNING,LOW,Magnetic forecasting model has low predictive reliability based on walk-forward evaluation.
1568,2026-06-08 00:06:46,2026-06-08 00:07:46,60,temperature,Persistence,45.5,45.5,0.0,NORMAL,NORMAL,NONE,HIGH,
1562,2026-06-08 00:06:46,2026-06-08 00:07:46,60,vib_x_rms,XGBoost,0.100831,0.1106516271829605,0.0098206271829605,WARNING,MEDIUM,ELEVATED_VIBRATION,MODERATE,Predicted vibration 0.110652 exceeds warning limit 0.10
1563,2026-06-08 00:06:46,2026-06-08 00:07:46,60,vib_y_rms,XGBoost,0.159585,0.1432927846908569,-0.016292215309143,WARNING,MEDIUM,ELEVATED_VIBRATION,MODERATE,Predicted vibration 0.143293 exceeds warning limit 0.10
1564,2026-06-08 00:06:46,2026-06-08 00:07:46,60,vib_z_rms,XGBoost,0.069284,0.0641909316182136,-0.0050930683817863,NORMAL,NORMAL,NONE,MODERATE,
1572,2026-06-08 00:06:47,2026-06-08 00:07:47,60,mag_x,Ridge,98.084,230.2109133840723,132.1269133840723,LOW_CONFIDENCE,INFO,MODEL_RELIABILITY_WARNING,LOW,Magnetic forecasting model has low predictive reliability based on walk-forward evaluation.
1573,2026-06-08 00:06:47,2026-06-08 00:07:47,60,mag_y,Ridge,81.816,234.51858766444127,152.70258766444127,LOW_CONFIDENCE,INFO,MODEL_RELIABILITY_WARNING,LOW,Magnetic forecasting model has low predictive reliability based on walk-forward evaluation.
1574,2026-06-08 00:06:47,2026-06-08 00:07:47,60,mag_z,Ridge,283.906,228.4834832963961,-55.42251670360395,LOW_CONFIDENCE,INFO,MODEL_RELIABILITY_WARNING,LOW,Magnetic forecasting model has low predictive reliability based on walk-forward evaluation.
1575,2026-06-08 00:06:47,2026-06-08 00:07:47,60,temperature,Persistence,45.5,45.5,0.0,NORMAL,NORMAL,NONE,HIGH,
1569,2026-06-08 00:06:47,2026-06-08 00:07:47,60,vib_x_rms,XGBoost,0.096364,0.1103170439600944,0.0139530439600944,WARNING,MEDIUM,ELEVATED_VIBRATION,MODERATE,Predicted vibration 0.110317 exceeds warning limit 0.10
1570,2026-06-08 00:06:47,2026-06-08 00:07:47,60,vib_y_rms,XGBoost,0.142103,0.1420531570911407,-4.9842908859260016e-05,WARNING,MEDIUM,ELEVATED_VIBRATION,MODERATE,Predicted vibration 0.142053 exceeds warning limit 0.10
1571,2026-06-08 00:06:47,2026-06-08 00:07:47,60,vib_z_rms,XGBoost,0.064677,0.0639894753694534,-0.0006875246305465,NORMAL,NORMAL,NONE,MODERATE,
1579,2026-06-08 00:06:49,2026-06-08 00:07:49,60,mag_x,Ridge,401.954,228.94142457666567,-173.01257542333428,LOW_CONFIDENCE,INFO,MODEL_RELIABILITY_WARNING,LOW,Magnetic forecasting model has low predictive reliability based on walk-forward evaluation.
1580,2026-06-08 00:06:49,2026-06-08 00:07:49,60,mag_y,Ridge,300.972,240.63201348724616,-60.33998651275383,LOW_CONFIDENCE,INFO,MODEL_RELIABILITY_WARNING,LOW,Magnetic forecasting model has low predictive reliability based on walk-forward evaluation.
1581,2026-06-08 00:06:49,2026-06-08 00:07:49,60,mag_z,Ridge,314.622,236.08514195232203,-78.53685804767798,LOW_CONFIDENCE,INFO,MODEL_RELIABILITY_WARNING,LOW,Magnetic forecasting model has low predictive reliability based on walk-forward evaluation.
1582,2026-06-08 00:06:49,2026-06-08 00:07:49,60,temperature,Persistence,45.5,45.5,0.0,NORMAL,NORMAL,NONE,HIGH,
1576,2026-06-08 00:06:49,2026-06-08 00:07:49,60,vib_x_rms,XGBoost,0.094031,0.1098424270749092,0.0158114270749092,WARNING,MEDIUM,ELEVATED_VIBRATION,MODERATE,Predicted vibration 0.109842 exceeds warning limit 0.10
1577,2026-06-08 00:06:49,2026-06-08 00:07:49,60,vib_y_rms,XGBoost,0.127041,0.1441089212894439,0.0170679212894439,WARNING,MEDIUM,ELEVATED_VIBRATION,MODERATE,Predicted vibration 0.144109 exceeds warning limit 0.10
1578,2026-06-08 00:06:49,2026-06-08 00:07:49,60,vib_z_rms,XGBoost,0.060291,0.0643176436424255,0.0040266436424255,NORMAL,NORMAL,NONE,MODERATE,
1586,2026-06-08 00:06:50,2026-06-08 00:07:50,60,mag_x,Ridge,434.434,233.9907477507589,-200.4432522492411,LOW_CONFIDENCE,INFO,MODEL_RELIABILITY_WARNING,LOW,Magnetic forecasting model has low predictive reliability based on walk-forward evaluation.
1587,2026-06-08 00:06:50,2026-06-08 00:07:50,60,mag_y,Ridge,298.116,232.6175430650044,-65.49845693499563,LOW_CONFIDENCE,INFO,MODEL_RELIABILITY_WARNING,LOW,Magnetic forecasting model has low predictive reliability based on walk-forward evaluation.
1588,2026-06-08 00:06:50,2026-06-08 00:07:50,60,mag_z,Ridge,411.306,235.26184459132224,-176.04415540867777,LOW_CONFIDENCE,INFO,MODEL_RELIABILITY_WARNING,LOW,Magnetic forecasting model has low predictive reliability based on walk-forward evaluation.
1589,2026-06-08 00:06:50,2026-06-08 00:07:50,60,temperature,Persistence,45.5,45.5,0.0,NORMAL,NORMAL,NONE,HIGH,
1583,2026-06-08 00:06:50,2026-06-08 00:07:50,60,vib_x_rms,XGBoost,0.109463,0.1098480746150016,0.0003850746150016,WARNING,MEDIUM,ELEVATED_VIBRATION,MODERATE,Predicted vibration 0.109848 exceeds warning limit 0.10
1584,2026-06-08 00:06:50,2026-06-08 00:07:50,60,vib_y_rms,XGBoost,0.151044,0.1411790251731872,-0.0098649748268127,WARNING,MEDIUM,ELEVATED_VIBRATION,MODERATE,Predicted vibration 0.141179 exceeds warning limit 0.10
1585,2026-06-08 00:06:50,2026-06-08 00:07:50,60,vib_z_rms,XGBoost,0.064815,0.0645747557282447,-0.0002402442717552,NORMAL,NORMAL,NONE,MODERATE,
1593,2026-06-08 00:06:52,2026-06-08 00:07:52,60,mag_x,Ridge,416.444,235.3701680490024,-181.07383195099763,LOW_CONFIDENCE,INFO,MODEL_RELIABILITY_WARNING,LOW,Magnetic forecasting model has low predictive reliability based on walk-forward evaluation.
1594,2026-06-08 00:06:52,2026-06-08 00:07:52,60,mag_y,Ridge,400.106,222.25109733070727,-177.85490266929273,LOW_CONFIDENCE,INFO,MODEL_RELIABILITY_WARNING,LOW,Magnetic forecasting model has low predictive reliability based on walk-forward evaluation.
1595,2026-06-08 00:06:52,2026-06-08 00:07:52,60,mag_z,Ridge,157.71,226.01168263584847,68.30168263584846,LOW_CONFIDENCE,INFO,MODEL_RELIABILITY_WARNING,LOW,Magnetic forecasting model has low predictive reliability based on walk-forward evaluation.
1596,2026-06-08 00:06:52,2026-06-08 00:07:52,60,temperature,Persistence,45.5,45.5,0.0,NORMAL,NORMAL,NONE,HIGH,
1590,2026-06-08 00:06:52,2026-06-08 00:07:52,60,vib_x_rms,XGBoost,0.105082,0.1078704595565795,0.0027884595565795,WARNING,MEDIUM,ELEVATED_VIBRATION,MODERATE,Predicted vibration 0.107870 exceeds warning limit 0.10
1591,2026-06-08 00:06:52,2026-06-08 00:07:52,60,vib_y_rms,XGBoost,0.140682,0.1429216861724853,0.0022396861724853,WARNING,MEDIUM,ELEVATED_VIBRATION,MODERATE,Predicted vibration 0.142922 exceeds warning limit 0.10
1592,2026-06-08 00:06:52,2026-06-08 00:07:52,60,vib_z_rms,XGBoost,0.067967,0.0643492341041565,-0.0036177658958435,NORMAL,NORMAL,NONE,MODERATE,
1600,2026-06-08 00:06:53,2026-06-08 00:07:53,60,mag_x,Ridge,349.44,231.7184822865637,-117.7215177134363,LOW_CONFIDENCE,INFO,MODEL_RELIABILITY_WARNING,LOW,Magnetic forecasting model has low predictive reliability based on walk-forward evaluation.
1601,2026-06-08 00:06:53,2026-06-08 00:07:53,60,mag_y,Ridge,348.334,229.3135042664865,-119.02049573351348,LOW_CONFIDENCE,INFO,MODEL_RELIABILITY_WARNING,LOW,Magnetic forecasting model has low predictive reliability based on walk-forward evaluation.
1602,2026-06-08 00:06:53,2026-06-08 00:07:53,60,mag_z,Ridge,281.176,231.2403847339405,-49.93561526605947,LOW_CONFIDENCE,INFO,MODEL_RELIABILITY_WARNING,LOW,Magnetic forecasting model has low predictive reliability based on walk-forward evaluation.
1603,2026-06-08 00:06:53,2026-06-08 00:07:53,60,temperature,Persistence,45.5,45.5,0.0,NORMAL,NORMAL,NONE,HIGH,
1597,2026-06-08 00:06:53,2026-06-08 00:07:53,60,vib_x_rms,XGBoost,0.12812,0.1086441054940223,-0.0194758945059776,WARNING,MEDIUM,ELEVATED_VIBRATION,MODERATE,Predicted vibration 0.108644 exceeds warning limit 0.10
1598,2026-06-08 00:06:53,2026-06-08 00:07:53,60,vib_y_rms,XGBoost,0.132598,0.1408398300409317,0.0082418300409317,WARNING,MEDIUM,ELEVATED_VIBRATION,MODERATE,Predicted vibration 0.140840 exceeds warning limit 0.10
1599,2026-06-08 00:06:53,2026-06-08 00:07:53,60,vib_z_rms,XGBoost,0.065841,0.0639513432979583,-0.0018896567020416,NORMAL,NORMAL,NONE,MODERATE,
1607,2026-06-08 00:06:54,2026-06-08 00:07:54,60,mag_x,Ridge,24.108,224.81891689856715,200.71091689856715,LOW_CONFIDENCE,INFO,MODEL_RELIABILITY_WARNING,LOW,Magnetic forecasting model has low predictive reliability based on walk-forward evaluation.
1608,2026-06-08 00:06:54,2026-06-08 00:07:54,60,mag_y,Ridge,291.088,230.44291511660575,-60.64508488339425,LOW_CONFIDENCE,INFO,MODEL_RELIABILITY_WARNING,LOW,Magnetic forecasting model has low predictive reliability based on walk-forward evaluation.
1609,2026-06-08 00:06:54,2026-06-08 00:07:54,60,mag_z,Ridge,77.322,231.3119345480112,153.9899345480112,LOW_CONFIDENCE,INFO,MODEL_RELIABILITY_WARNING,LOW,Magnetic forecasting model has low predictive reliability based on walk-forward evaluation.
1610,2026-06-08 00:06:54,2026-06-08 00:07:54,60,temperature,Persistence,45.5,45.5,0.0,NORMAL,NORMAL,NONE,HIGH,
1604,2026-06-08 00:06:54,2026-06-08 00:07:54,60,vib_x_rms,XGBoost,0.116614,0.1084074154496193,-0.0082065845503807,WARNING,MEDIUM,ELEVATED_VIBRATION,MODERATE,Predicted vibration 0.108407 exceeds warning limit 0.10
1605,2026-06-08 00:06:54,2026-06-08 00:07:54,60,vib_y_rms,XGBoost,0.144354,0.1393168270587921,-0.0050371729412078,WARNING,MEDIUM,ELEVATED_VIBRATION,MODERATE,Predicted vibration 0.139317 exceeds warning limit 0.10
1606,2026-06-08 00:06:54,2026-06-08 00:07:54,60,vib_z_rms,XGBoost,0.061889,0.0637780576944351,0.0018890576944351,NORMAL,NORMAL,NONE,MODERATE,
1614,2026-06-08 00:06:56,2026-06-08 00:07:56,60,mag_x,Ridge,161.322,220.34251287040885,59.02051287040885,LOW_CONFIDENCE,INFO,MODEL_RELIABILITY_WARNING,LOW,Magnetic forecasting model has low predictive reliability based on walk-forward evaluation.
1615,2026-06-08 00:06:56,2026-06-08 00:07:56,60,mag_y,Ridge,450.24,239.84879926923335,-210.39120073076663,LOW_CONFIDENCE,INFO,MODEL_RELIABILITY_WARNING,LOW,Magnetic forecasting model has low predictive reliability based on walk-forward evaluation.
1616,2026-06-08 00:06:56,2026-06-08 00:07:56,60,mag_z,Ridge,16.366,228.94550409170267,212.5795040917027,LOW_CONFIDENCE,INFO,MODEL_RELIABILITY_WARNING,LOW,Magnetic forecasting model has low predictive reliability based on walk-forward evaluation.
1617,2026-06-08 00:06:56,2026-06-08 00:07:56,60,temperature,Persistence,45.5,45.5,0.0,NORMAL,NORMAL,NONE,HIGH,
1611,2026-06-08 00:06:56,2026-06-08 00:07:56,60,vib_x_rms,XGBoost,0.108074,0.1086113378405571,0.000537337840557,WARNING,MEDIUM,ELEVATED_VIBRATION,MODERATE,Predicted vibration 0.108611 exceeds warning limit 0.10
1612,2026-06-08 00:06:56,2026-06-08 00:07:56,60,vib_y_rms,XGBoost,0.135889,0.1447117179632187,0.0088227179632186,WARNING,MEDIUM,ELEVATED_VIBRATION,MODERATE,Predicted vibration 0.144712 exceeds warning limit 0.10
1613,2026-06-08 00:06:56,2026-06-08 00:07:56,60,vib_z_rms,XGBoost,0.064254,0.0638510659337043,-0.0004029340662956,NORMAL,NORMAL,NONE,MODERATE,
1621,2026-06-08 00:06:57,2026-06-08 00:07:57,60,mag_x,Ridge,171.136,220.8286383013997,49.69263830139971,LOW_CONFIDENCE,INFO,MODEL_RELIABILITY_WARNING,LOW,Magnetic forecasting model has low predictive reliability based on walk-forward evaluation.
1622,2026-06-08 00:06:57,2026-06-08 00:07:57,60,mag_y,Ridge,303.898,240.91509139872807,-62.98290860127196,LOW_CONFIDENCE,INFO,MODEL_RELIABILITY_WARNING,LOW,Magnetic forecasting model has low predictive reliability based on walk-forward evaluation.
1623,2026-06-08 00:06:57,2026-06-08 00:07:57,60,mag_z,Ridge,357.14,233.68465761111491,-123.45534238888504,LOW_CONFIDENCE,INFO,MODEL_RELIABILITY_WARNING,LOW,Magnetic forecasting model has low predictive reliability based on walk-forward evaluation.
1624,2026-06-08 00:06:57,2026-06-08 00:07:57,60,temperature,Persistence,45.5,45.5,0.0,NORMAL,NORMAL,NONE,HIGH,
1618,2026-06-08 00:06:57,2026-06-08 00:07:57,60,vib_x_rms,XGBoost,0.101912,0.1112759932875633,0.0093639932875633,WARNING,MEDIUM,ELEVATED_VIBRATION,MODERATE,Predicted vibration 0.111276 exceeds warning limit 0.10
1619,2026-06-08 00:06:57,2026-06-08 00:07:57,60,vib_y_rms,XGBoost,0.13987,0.1439419090747833,0.0040719090747833,WARNING,MEDIUM,ELEVATED_VIBRATION,MODERATE,Predicted vibration 0.143942 exceeds warning limit 0.10
1620,2026-06-08 00:06:57,2026-06-08 00:07:57,60,vib_z_rms,XGBoost,0.066483,0.0642272010445594,-0.0022557989554405,NORMAL,NORMAL,NONE,MODERATE,
1628,2026-06-08 00:06:59,2026-06-08 00:07:59,60,mag_x,Ridge,182.476,221.37053750250917,38.89453750250914,LOW_CONFIDENCE,INFO,MODEL_RELIABILITY_WARNING,LOW,Magnetic forecasting model has low predictive reliability based on walk-forward evaluation.
1629,2026-06-08 00:06:59,2026-06-08 00:07:59,60,mag_y,Ridge,192.64,230.6764914710973,38.03649147109732,LOW_CONFIDENCE,INFO,MODEL_RELIABILITY_WARNING,LOW,Magnetic forecasting model has low predictive reliability based on walk-forward evaluation.
1630,2026-06-08 00:06:59,2026-06-08 00:07:59,60,mag_z,Ridge,227.514,227.81177337973708,0.2977733797370661,LOW_CONFIDENCE,INFO,MODEL_RELIABILITY_WARNING,LOW,Magnetic forecasting model has low predictive reliability based on walk-forward evaluation.
1631,2026-06-08 00:06:59,2026-06-08 00:07:59,60,temperature,Persistence,45.5,45.5,0.0,NORMAL,NORMAL,NONE,HIGH,
1625,2026-06-08 00:06:59,2026-06-08 00:07:59,60,vib_x_rms,XGBoost,0.093096,0.1100610867142677,0.0169650867142677,WARNING,MEDIUM,ELEVATED_VIBRATION,MODERATE,Predicted vibration 0.110061 exceeds warning limit 0.10
1626,2026-06-08 00:06:59,2026-06-08 00:07:59,60,vib_y_rms,XGBoost,0.126701,0.142828494310379,0.016127494310379,WARNING,MEDIUM,ELEVATED_VIBRATION,MODERATE,Predicted vibration 0.142828 exceeds warning limit 0.10
1627,2026-06-08 00:06:59,2026-06-08 00:07:59,60,vib_z_rms,XGBoost,0.065236,0.0634698867797851,-0.0017661132202148,NORMAL,NORMAL,NONE,MODERATE,
1635,2026-06-08 00:07:00,2026-06-08 00:08:00,60,mag_x,Ridge,171.612,221.50954301584176,49.89754301584176,LOW_CONFIDENCE,INFO,MODEL_RELIABILITY_WARNING,LOW,Magnetic forecasting model has low predictive reliability based on walk-forward evaluation.
1636,2026-06-08 00:07:00,2026-06-08 00:08:00,60,mag_y,Ridge,70.336,230.95564667981645,160.61964667981647,LOW_CONFIDENCE,INFO,MODEL_RELIABILITY_WARNING,LOW,Magnetic forecasting model has low predictive reliability based on walk-forward evaluation.
1637,2026-06-08 00:07:00,2026-06-08 00:08:00,60,mag_z,Ridge,260.428,228.6447015805609,-31.78329841943909,LOW_CONFIDENCE,INFO,MODEL_RELIABILITY_WARNING,LOW,Magnetic forecasting model has low predictive reliability based on walk-forward evaluation.
1638,2026-06-08 00:07:00,2026-06-08 00:08:00,60,temperature,Persistence,45.5,45.5,0.0,NORMAL,NORMAL,NONE,HIGH,
1632,2026-06-08 00:07:00,2026-06-08 00:08:00,60,vib_x_rms,XGBoost,0.11539,0.1095974594354629,-0.005792540564537,WARNING,MEDIUM,ELEVATED_VIBRATION,MODERATE,Predicted vibration 0.109597 exceeds warning limit 0.10
1633,2026-06-08 00:07:00,2026-06-08 00:08:00,60,vib_y_rms,XGBoost,0.129796,0.1401711255311966,0.0103751255311966,WARNING,MEDIUM,ELEVATED_VIBRATION,MODERATE,Predicted vibration 0.140171 exceeds warning limit 0.10
1634,2026-06-08 00:07:00,2026-06-08 00:08:00,60,vib_z_rms,XGBoost,0.073567,0.0641761347651481,-0.0093908652348518,NORMAL,NORMAL,NONE,MODERATE,
1642,2026-06-08 00:07:02,2026-06-08 00:08:02,60,mag_x,Ridge,122.724,225.66395756693575,102.93995756693576,LOW_CONFIDENCE,INFO,MODEL_RELIABILITY_WARNING,LOW,Magnetic forecasting model has low predictive reliability based on walk-forward evaluation.
1643,2026-06-08 00:07:02,2026-06-08 00:08:02,60,mag_y,Ridge,268.912,224.45074046263687,-44.46125953736311,LOW_CONFIDENCE,INFO,MODEL_RELIABILITY_WARNING,LOW,Magnetic forecasting model has low predictive reliability based on walk-forward evaluation.
1644,2026-06-08 00:07:02,2026-06-08 00:08:02,60,mag_z,Ridge,156.03,226.32760719378405,70.29760719378405,LOW_CONFIDENCE,INFO,MODEL_RELIABILITY_WARNING,LOW,Magnetic forecasting model has low predictive reliability based on walk-forward evaluation.
1645,2026-06-08 00:07:02,2026-06-08 00:08:02,60,temperature,Persistence,45.5,45.5,0.0,NORMAL,NORMAL,NONE,HIGH,
1639,2026-06-08 00:07:02,2026-06-08 00:08:02,60,vib_x_rms,XGBoost,0.10689,0.1076276376843452,0.0007376376843452,WARNING,MEDIUM,ELEVATED_VIBRATION,MODERATE,Predicted vibration 0.107628 exceeds warning limit 0.10
1640,2026-06-08 00:07:02,2026-06-08 00:08:02,60,vib_y_rms,XGBoost,0.136502,0.1413372009992599,0.0048352009992599,WARNING,MEDIUM,ELEVATED_VIBRATION,MODERATE,Predicted vibration 0.141337 exceeds warning limit 0.10
1641,2026-06-08 00:07:02,2026-06-08 00:08:02,60,vib_z_rms,XGBoost,0.066598,0.0639395341277122,-0.0026584658722877,NORMAL,NORMAL,NONE,MODERATE,
1649,2026-06-08 00:07:03,2026-06-08 00:08:03,60,mag_x,Ridge,422.814,226.6869383460858,-196.1270616539142,LOW_CONFIDENCE,INFO,MODEL_RELIABILITY_WARNING,LOW,Magnetic forecasting model has low predictive reliability based on walk-forward evaluation.
1650,2026-06-08 00:07:03,2026-06-08 00:08:03,60,mag_y,Ridge,336.42,216.0745529766971,-120.34544702330292,LOW_CONFIDENCE,INFO,MODEL_RELIABILITY_WARNING,LOW,Magnetic forecasting model has low predictive reliability based on walk-forward evaluation.
1651,2026-06-08 00:07:03,2026-06-08 00:08:03,60,mag_z,Ridge,348.838,229.7389179977699,-119.09908200223012,LOW_CONFIDENCE,INFO,MODEL_RELIABILITY_WARNING,LOW,Magnetic forecasting model has low predictive reliability based on walk-forward evaluation.
1652,2026-06-08 00:07:03,2026-06-08 00:08:03,60,temperature,Persistence,45.5,45.5,0.0,NORMAL,NORMAL,NONE,HIGH,
1646,2026-06-08 00:07:03,2026-06-08 00:08:03,60,vib_x_rms,XGBoost,0.108215,0.1076143234968185,-0.0006006765031814,WARNING,MEDIUM,ELEVATED_VIBRATION,MODERATE,Predicted vibration 0.107614 exceeds warning limit 0.10
1647,2026-06-08 00:07:03,2026-06-08 00:08:03,60,vib_y_rms,XGBoost,0.117676,0.1389747411012649,0.0212987411012649,WARNING,MEDIUM,ELEVATED_VIBRATION,MODERATE,Predicted vibration 0.138975 exceeds warning limit 0.10
1648,2026-06-08 00:07:03,2026-06-08 00:08:03,60,vib_z_rms,XGBoost,0.065655,0.0636114850640297,-0.0020435149359703,NORMAL,NORMAL,NONE,MODERATE,
1656,2026-06-08 00:07:04,2026-06-08 00:08:04,60,mag_x,Ridge,225.526,231.14923384684923,5.623233846849217,LOW_CONFIDENCE,INFO,MODEL_RELIABILITY_WARNING,LOW,Magnetic forecasting model has low predictive reliability based on walk-forward evaluation.
1657,2026-06-08 00:07:04,2026-06-08 00:08:04,60,mag_y,Ridge,101.444,222.4230497109678,120.9790497109678,LOW_CONFIDENCE,INFO,MODEL_RELIABILITY_WARNING,LOW,Magnetic forecasting model has low predictive reliability based on walk-forward evaluation.
1658,2026-06-08 00:07:04,2026-06-08 00:08:04,60,mag_z,Ridge,263.368,232.389670372898,-30.978329627102028,LOW_CONFIDENCE,INFO,MODEL_RELIABILITY_WARNING,LOW,Magnetic forecasting model has low predictive reliability based on walk-forward evaluation.
1659,2026-06-08 00:07:04,2026-06-08 00:08:04,60,temperature,Persistence,45.5,45.5,0.0,NORMAL,NORMAL,NONE,HIGH,
1653,2026-06-08 00:07:04,2026-06-08 00:08:04,60,vib_x_rms,XGBoost,0.108324,0.110225148499012,0.0019011484990119,WARNING,MEDIUM,ELEVATED_VIBRATION,MODERATE,Predicted vibration 0.110225 exceeds warning limit 0.10
1654,2026-06-08 00:07:04,2026-06-08 00:08:04,60,vib_y_rms,XGBoost,0.147248,0.1411930322647094,-0.0060549677352905,WARNING,MEDIUM,ELEVATED_VIBRATION,MODERATE,Predicted vibration 0.141193 exceeds warning limit 0.10
1655,2026-06-08 00:07:04,2026-06-08 00:08:04,60,vib_z_rms,XGBoost,0.06651,0.0647702440619468,-0.0017397559380531,NORMAL,NORMAL,NONE,MODERATE,
1663,2026-06-08 00:07:06,2026-06-08 00:08:06,60,mag_x,Ridge,227.878,229.1581192209407,1.280119220940719,LOW_CONFIDENCE,INFO,MODEL_RELIABILITY_WARNING,LOW,Magnetic forecasting model has low predictive reliability based on walk-forward evaluation.
1664,2026-06-08 00:07:06,2026-06-08 00:08:06,60,mag_y,Ridge,280.504,221.2565854259769,-59.24741457402311,LOW_CONFIDENCE,INFO,MODEL_RELIABILITY_WARNING,LOW,Magnetic forecasting model has low predictive reliability based on walk-forward evaluation.
1665,2026-06-08 00:07:06,2026-06-08 00:08:06,60,mag_z,Ridge,316.442,228.15099662650223,-88.29100337349777,LOW_CONFIDENCE,INFO,MODEL_RELIABILITY_WARNING,LOW,Magnetic forecasting model has low predictive reliability based on walk-forward evaluation.
1666,2026-06-08 00:07:06,2026-06-08 00:08:06,60,temperature,Persistence,45.5,45.5,0.0,NORMAL,NORMAL,NONE,HIGH,
1660,2026-06-08 00:07:06,2026-06-08 00:08:06,60,vib_x_rms,XGBoost,0.104705,0.109757088124752,0.005052088124752,WARNING,MEDIUM,ELEVATED_VIBRATION,MODERATE,Predicted vibration 0.109757 exceeds warning limit 0.10
1661,2026-06-08 00:07:06,2026-06-08 00:08:06,60,vib_y_rms,XGBoost,0.140206,0.1440080106258392,0.0038020106258392,WARNING,MEDIUM,ELEVATED_VIBRATION,MODERATE,Predicted vibration 0.144008 exceeds warning limit 0.10
1662,2026-06-08 00:07:06,2026-06-08 00:08:06,60,vib_z_rms,XGBoost,0.056779,0.0650322660803794,0.0082532660803794,NORMAL,NORMAL,NONE,MODERATE,
1670,2026-06-08 00:07:07,2026-06-08 00:08:07,60,mag_x,Ridge,325.864,228.3214991172292,-97.54250088277078,LOW_CONFIDENCE,INFO,MODEL_RELIABILITY_WARNING,LOW,Magnetic forecasting model has low predictive reliability based on walk-forward evaluation.
1671,2026-06-08 00:07:07,2026-06-08 00:08:07,60,mag_y,Ridge,345.114,227.1152270332494,-117.99877296675058,LOW_CONFIDENCE,INFO,MODEL_RELIABILITY_WARNING,LOW,Magnetic forecasting model has low predictive reliability based on walk-forward evaluation.
1672,2026-06-08 00:07:07,2026-06-08 00:08:07,60,mag_z,Ridge,142.73,227.7377487797911,85.00774877979111,LOW_CONFIDENCE,INFO,MODEL_RELIABILITY_WARNING,LOW,Magnetic forecasting model has low predictive reliability based on walk-forward evaluation.
1673,2026-06-08 00:07:07,2026-06-08 00:08:07,60,temperature,Persistence,45.5,45.5,0.0,NORMAL,NORMAL,NONE,HIGH,
1667,2026-06-08 00:07:07,2026-06-08 00:08:07,60,vib_x_rms,XGBoost,0.111445,0.1118145659565925,0.0003695659565925,WARNING,MEDIUM,ELEVATED_VIBRATION,MODERATE,Predicted vibration 0.111815 exceeds warning limit 0.10
1668,2026-06-08 00:07:07,2026-06-08 00:08:07,60,vib_y_rms,XGBoost,0.148903,0.1431270092725753,-0.0057759907274246,WARNING,MEDIUM,ELEVATED_VIBRATION,MODERATE,Predicted vibration 0.143127 exceeds warning limit 0.10
1669,2026-06-08 00:07:07,2026-06-08 00:08:07,60,vib_z_rms,XGBoost,0.058929,0.0645267516374588,0.0055977516374587,NORMAL,NORMAL,NONE,MODERATE,
1677,2026-06-08 00:07:09,2026-06-08 00:08:09,60,mag_x,Ridge,120.274,234.3048465619717,114.03084656197169,LOW_CONFIDENCE,INFO,MODEL_RELIABILITY_WARNING,LOW,Magnetic forecasting model has low predictive reliability based on walk-forward evaluation.
1678,2026-06-08 00:07:09,2026-06-08 00:08:09,60,mag_y,Ridge,318.304,224.53426550199205,-93.76973449800792,LOW_CONFIDENCE,INFO,MODEL_RELIABILITY_WARNING,LOW,Magnetic forecasting model has low predictive reliability based on walk-forward evaluation.
1679,2026-06-08 00:07:09,2026-06-08 00:08:09,60,mag_z,Ridge,370.3,229.2488503849778,-141.0511496150222,LOW_CONFIDENCE,INFO,MODEL_RELIABILITY_WARNING,LOW,Magnetic forecasting model has low predictive reliability based on walk-forward evaluation.
1680,2026-06-08 00:07:09,2026-06-08 00:08:09,60,temperature,Persistence,45.5,45.5,0.0,NORMAL,NORMAL,NONE,HIGH,
1674,2026-06-08 00:07:09,2026-06-08 00:08:09,60,vib_x_rms,XGBoost,0.116879,0.1118291765451431,-0.0050498234548568,WARNING,MEDIUM,ELEVATED_VIBRATION,MODERATE,Predicted vibration 0.111829 exceeds warning limit 0.10
1675,2026-06-08 00:07:09,2026-06-08 00:08:09,60,vib_y_rms,XGBoost,0.14427,0.1433164179325103,-0.0009535820674896,WARNING,MEDIUM,ELEVATED_VIBRATION,MODERATE,Predicted vibration 0.143316 exceeds warning limit 0.10
1676,2026-06-08 00:07:09,2026-06-08 00:08:09,60,vib_z_rms,XGBoost,0.067198,0.0635293573141098,-0.0036686426858901,NORMAL,NORMAL,NONE,MODERATE,
1684,2026-06-08 00:07:10,2026-06-08 00:08:10,60,mag_x,Ridge,375.858,230.5067814137846,-145.3512185862154,LOW_CONFIDENCE,INFO,MODEL_RELIABILITY_WARNING,LOW,Magnetic forecasting model has low predictive reliability based on walk-forward evaluation.
1685,2026-06-08 00:07:10,2026-06-08 00:08:10,60,mag_y,Ridge,141.176,226.72300365447103,85.54700365447107,LOW_CONFIDENCE,INFO,MODEL_RELIABILITY_WARNING,LOW,Magnetic forecasting model has low predictive reliability based on walk-forward evaluation.
1686,2026-06-08 00:07:10,2026-06-08 00:08:10,60,mag_z,Ridge,399.126,228.6630549660765,-170.46294503392352,LOW_CONFIDENCE,INFO,MODEL_RELIABILITY_WARNING,LOW,Magnetic forecasting model has low predictive reliability based on walk-forward evaluation.
1687,2026-06-08 00:07:10,2026-06-08 00:08:10,60,temperature,Persistence,45.5,45.5,0.0,NORMAL,NORMAL,NONE,HIGH,
1681,2026-06-08 00:07:10,2026-06-08 00:08:10,60,vib_x_rms,XGBoost,0.101384,0.1109149158000946,0.0095309158000946,WARNING,MEDIUM,ELEVATED_VIBRATION,MODERATE,Predicted vibration 0.110915 exceeds warning limit 0.10
1682,2026-06-08 00:07:10,2026-06-08 00:08:10,60,vib_y_rms,XGBoost,0.130924,0.143375352025032,0.012451352025032,WARNING,MEDIUM,ELEVATED_VIBRATION,MODERATE,Predicted vibration 0.143375 exceeds warning limit 0.10
1683,2026-06-08 00:07:10,2026-06-08 00:08:10,60,vib_z_rms,XGBoost,0.065587,0.0637113153934478,-0.0018756846065521,NORMAL,NORMAL,NONE,MODERATE,
1691,2026-06-08 00:07:12,2026-06-08 00:08:12,60,mag_x,Ridge,104.972,233.89209571198936,128.9200957119894,LOW_CONFIDENCE,INFO,MODEL_RELIABILITY_WARNING,LOW,Magnetic forecasting model has low predictive reliability based on walk-forward evaluation.
1692,2026-06-08 00:07:12,2026-06-08 00:08:12,60,mag_y,Ridge,180.446,231.40687576980235,50.96087576980233,LOW_CONFIDENCE,INFO,MODEL_RELIABILITY_WARNING,LOW,Magnetic forecasting model has low predictive reliability based on walk-forward evaluation.
1693,2026-06-08 00:07:12,2026-06-08 00:08:12,60,mag_z,Ridge,107.492,228.479344247737,120.987344247737,LOW_CONFIDENCE,INFO,MODEL_RELIABILITY_WARNING,LOW,Magnetic forecasting model has low predictive reliability based on walk-forward evaluation.
1694,2026-06-08 00:07:12,2026-06-08 00:08:12,60,temperature,Persistence,45.5,45.5,0.0,NORMAL,NORMAL,NONE,HIGH,
1688,2026-06-08 00:07:12,2026-06-08 00:08:12,60,vib_x_rms,XGBoost,0.12199,0.1096860170364379,-0.012303982963562,WARNING,MEDIUM,ELEVATED_VIBRATION,MODERATE,Predicted vibration 0.109686 exceeds warning limit 0.10
1689,2026-06-08 00:07:12,2026-06-08 00:08:12,60,vib_y_rms,XGBoost,0.128597,0.1427379697561264,0.0141409697561264,WARNING,MEDIUM,ELEVATED_VIBRATION,MODERATE,Predicted vibration 0.142738 exceeds warning limit 0.10
1690,2026-06-08 00:07:12,2026-06-08 00:08:12,60,vib_z_rms,XGBoost,0.073059,0.0637564733624458,-0.0093025266375541,NORMAL,NORMAL,NONE,MODERATE,
1698,2026-06-08 00:07:13,2026-06-08 00:08:13,60,mag_x,Ridge,268.492,232.43457143012512,-36.0574285698749,LOW_CONFIDENCE,INFO,MODEL_RELIABILITY_WARNING,LOW,Magnetic forecasting model has low predictive reliability based on walk-forward evaluation.
1699,2026-06-08 00:07:13,2026-06-08 00:08:13,60,mag_y,Ridge,231.504,230.7206513877724,-0.7833486122275701,LOW_CONFIDENCE,INFO,MODEL_RELIABILITY_WARNING,LOW,Magnetic forecasting model has low predictive reliability based on walk-forward evaluation.
1700,2026-06-08 00:07:13,2026-06-08 00:08:13,60,mag_z,Ridge,274.568,231.95681035018293,-42.61118964981705,LOW_CONFIDENCE,INFO,MODEL_RELIABILITY_WARNING,LOW,Magnetic forecasting model has low predictive reliability based on walk-forward evaluation.
1701,2026-06-08 00:07:13,2026-06-08 00:08:13,60,temperature,Persistence,45.5,45.5,0.0,NORMAL,NORMAL,NONE,HIGH,
1695,2026-06-08 00:07:13,2026-06-08 00:08:13,60,vib_x_rms,XGBoost,0.108217,0.107258453965187,-0.0009585460348129,WARNING,MEDIUM,ELEVATED_VIBRATION,MODERATE,Predicted vibration 0.107258 exceeds warning limit 0.10
1696,2026-06-08 00:07:13,2026-06-08 00:08:13,60,vib_y_rms,XGBoost,0.136316,0.1406118869781494,0.0042958869781494,WARNING,MEDIUM,ELEVATED_VIBRATION,MODERATE,Predicted vibration 0.140612 exceeds warning limit 0.10
1697,2026-06-08 00:07:13,2026-06-08 00:08:13,60,vib_z_rms,XGBoost,0.061151,0.0637707486748695,0.0026197486748695,NORMAL,NORMAL,NONE,MODERATE,
1705,2026-06-08 00:07:14,2026-06-08 00:08:14,60,mag_x,Ridge,271.376,230.76220964038825,-40.61379035961173,LOW_CONFIDENCE,INFO,MODEL_RELIABILITY_WARNING,LOW,Magnetic forecasting model has low predictive reliability based on walk-forward evaluation.
1706,2026-06-08 00:07:14,2026-06-08 00:08:14,60,mag_y,Ridge,81.564,232.3139020890546,150.7499020890546,LOW_CONFIDENCE,INFO,MODEL_RELIABILITY_WARNING,LOW,Magnetic forecasting model has low predictive reliability based on walk-forward evaluation.
1707,2026-06-08 00:07:14,2026-06-08 00:08:14,60,mag_z,Ridge,403.074,230.69680446299293,-172.37719553700708,LOW_CONFIDENCE,INFO,MODEL_RELIABILITY_WARNING,LOW,Magnetic forecasting model has low predictive reliability based on walk-forward evaluation.
1708,2026-06-08 00:07:14,2026-06-08 00:08:14,60,temperature,Persistence,45.5,45.5,0.0,NORMAL,NORMAL,NONE,HIGH,
1702,2026-06-08 00:07:14,2026-06-08 00:08:14,60,vib_x_rms,XGBoost,0.113964,0.1078507304191589,-0.006113269580841,WARNING,MEDIUM,ELEVATED_VIBRATION,MODERATE,Predicted vibration 0.107851 exceeds warning limit 0.10
1703,2026-06-08 00:07:14,2026-06-08 00:08:14,60,vib_y_rms,XGBoost,0.13777,0.139575183391571,0.001805183391571,WARNING,MEDIUM,ELEVATED_VIBRATION,MODERATE,Predicted vibration 0.139575 exceeds warning limit 0.10
1704,2026-06-08 00:07:14,2026-06-08 00:08:14,60,vib_z_rms,XGBoost,0.059473,0.0634245052933693,0.0039515052933692,NORMAL,NORMAL,NONE,MODERATE,
1712,2026-06-08 00:07:16,2026-06-08 00:08:16,60,mag_x,Ridge,50.232,237.77969710637575,187.54769710637575,LOW_CONFIDENCE,INFO,MODEL_RELIABILITY_WARNING,LOW,Magnetic forecasting model has low predictive reliability based on walk-forward evaluation.
1713,2026-06-08 00:07:16,2026-06-08 00:08:16,60,mag_y,Ridge,233.968,229.71870408481624,-4.249295915183751,LOW_CONFIDENCE,INFO,MODEL_RELIABILITY_WARNING,LOW,Magnetic forecasting model has low predictive reliability based on walk-forward evaluation.
1714,2026-06-08 00:07:16,2026-06-08 00:08:16,60,mag_z,Ridge,347.704,226.534451916415,-121.169548083585,LOW_CONFIDENCE,INFO,MODEL_RELIABILITY_WARNING,LOW,Magnetic forecasting model has low predictive reliability based on walk-forward evaluation.
1715,2026-06-08 00:07:16,2026-06-08 00:08:16,60,temperature,Persistence,45.5,45.5,0.0,NORMAL,NORMAL,NONE,HIGH,
1709,2026-06-08 00:07:16,2026-06-08 00:08:16,60,vib_x_rms,XGBoost,0.115251,0.1087495014071464,-0.0065014985928535,WARNING,MEDIUM,ELEVATED_VIBRATION,MODERATE,Predicted vibration 0.108750 exceeds warning limit 0.10
1710,2026-06-08 00:07:16,2026-06-08 00:08:16,60,vib_y_rms,XGBoost,0.144176,0.1396928876638412,-0.0044831123361587,WARNING,MEDIUM,ELEVATED_VIBRATION,MODERATE,Predicted vibration 0.139693 exceeds warning limit 0.10
1711,2026-06-08 00:07:16,2026-06-08 00:08:16,60,vib_z_rms,XGBoost,0.075732,0.062716357409954,-0.0130156425900459,NORMAL,NORMAL,NONE,MODERATE,
1719,2026-06-08 00:07:17,2026-06-08 00:08:17,60,mag_x,Ridge,444.01,236.71700502770443,-207.2929949722956,LOW_CONFIDENCE,INFO,MODEL_RELIABILITY_WARNING,LOW,Magnetic forecasting model has low predictive reliability based on walk-forward evaluation.
1720,2026-06-08 00:07:17,2026-06-08 00:08:17,60,mag_y,Ridge,418.838,228.90960751943973,-189.9283924805603,LOW_CONFIDENCE,INFO,MODEL_RELIABILITY_WARNING,LOW,Magnetic forecasting model has low predictive reliability based on walk-forward evaluation.
1721,2026-06-08 00:07:17,2026-06-08 00:08:17,60,mag_z,Ridge,443.716,229.4300608115196,-214.28593918848043,LOW_CONFIDENCE,INFO,MODEL_RELIABILITY_WARNING,LOW,Magnetic forecasting model has low predictive reliability based on walk-forward evaluation.
1722,2026-06-08 00:07:17,2026-06-08 00:08:17,60,temperature,Persistence,45.5,45.5,0.0,NORMAL,NORMAL,NONE,HIGH,
1716,2026-06-08 00:07:17,2026-06-08 00:08:17,60,vib_x_rms,XGBoost,0.105063,0.1103768870234489,0.0053138870234489,WARNING,MEDIUM,ELEVATED_VIBRATION,MODERATE,Predicted vibration 0.110377 exceeds warning limit 0.10
1717,2026-06-08 00:07:17,2026-06-08 00:08:17,60,vib_y_rms,XGBoost,0.126914,0.1406688690185547,0.0137548690185546,WARNING,MEDIUM,ELEVATED_VIBRATION,MODERATE,Predicted vibration 0.140669 exceeds warning limit 0.10
1718,2026-06-08 00:07:17,2026-06-08 00:08:17,60,vib_z_rms,XGBoost,0.056115,0.0628695040941238,0.0067545040941238,NORMAL,NORMAL,NONE,MODERATE,
1726,2026-06-08 00:07:19,2026-06-08 00:08:19,60,mag_x,Ridge,434.014,237.31087776015696,-196.70312223984303,LOW_CONFIDENCE,INFO,MODEL_RELIABILITY_WARNING,LOW,Magnetic forecasting model has low predictive reliability based on walk-forward evaluation.
1727,2026-06-08 00:07:19,2026-06-08 00:08:19,60,mag_y,Ridge,208.32,225.4490810008972,17.1290810008972,LOW_CONFIDENCE,INFO,MODEL_RELIABILITY_WARNING,LOW,Magnetic forecasting model has low predictive reliability based on walk-forward evaluation.
1728,2026-06-08 00:07:19,2026-06-08 00:08:19,60,mag_z,Ridge,440.594,226.1648786230885,-214.4291213769115,LOW_CONFIDENCE,INFO,MODEL_RELIABILITY_WARNING,LOW,Magnetic forecasting model has low predictive reliability based on walk-forward evaluation.
1729,2026-06-08 00:07:19,2026-06-08 00:08:19,60,temperature,Persistence,45.5,45.5,0.0,NORMAL,NORMAL,NONE,HIGH,
1723,2026-06-08 00:07:19,2026-06-08 00:08:19,60,vib_x_rms,XGBoost,0.085885,0.1081160604953765,0.0222310604953765,WARNING,MEDIUM,ELEVATED_VIBRATION,MODERATE,Predicted vibration 0.108116 exceeds warning limit 0.10
1724,2026-06-08 00:07:19,2026-06-08 00:08:19,60,vib_y_rms,XGBoost,0.147757,0.138470247387886,-0.0092867526121139,WARNING,MEDIUM,ELEVATED_VIBRATION,MODERATE,Predicted vibration 0.138470 exceeds warning limit 0.10
1725,2026-06-08 00:07:19,2026-06-08 00:08:19,60,vib_z_rms,XGBoost,0.051376,0.0630382001399993,0.0116622001399993,NORMAL,NORMAL,NONE,MODERATE,
1733,2026-06-08 00:07:20,2026-06-08 00:08:20,60,mag_x,Ridge,437.01,233.7176433839799,-203.2923566160201,LOW_CONFIDENCE,INFO,MODEL_RELIABILITY_WARNING,LOW,Magnetic forecasting model has low predictive reliability based on walk-forward evaluation.
1734,2026-06-08 00:07:20,2026-06-08 00:08:20,60,mag_y,Ridge,293.384,228.96254505990197,-64.42145494009807,LOW_CONFIDENCE,INFO,MODEL_RELIABILITY_WARNING,LOW,Magnetic forecasting model has low predictive reliability based on walk-forward evaluation.
1735,2026-06-08 00:07:20,2026-06-08 00:08:20,60,mag_z,Ridge,60.606,227.28987404709403,166.68387404709404,LOW_CONFIDENCE,INFO,MODEL_RELIABILITY_WARNING,LOW,Magnetic forecasting model has low predictive reliability based on walk-forward evaluation.
1736,2026-06-08 00:07:20,2026-06-08 00:08:20,60,temperature,Persistence,45.5,45.5,0.0,NORMAL,NORMAL,NONE,HIGH,
1730,2026-06-08 00:07:20,2026-06-08 00:08:20,60,vib_x_rms,XGBoost,0.105786,0.1074444279074668,0.0016584279074668,WARNING,MEDIUM,ELEVATED_VIBRATION,MODERATE,Predicted vibration 0.107444 exceeds warning limit 0.10
1731,2026-06-08 00:07:20,2026-06-08 00:08:20,60,vib_y_rms,XGBoost,0.147823,0.1405408233404159,-0.007282176659584,WARNING,MEDIUM,ELEVATED_VIBRATION,MODERATE,Predicted vibration 0.140541 exceeds warning limit 0.10
1732,2026-06-08 00:07:20,2026-06-08 00:08:20,60,vib_z_rms,XGBoost,0.054641,0.0624240264296531,0.0077830264296531,NORMAL,NORMAL,NONE,MODERATE,
1740,2026-06-08 00:07:22,2026-06-08 00:08:22,60,mag_x,Ridge,376.796,236.3331817091804,-140.4628182908196,LOW_CONFIDENCE,INFO,MODEL_RELIABILITY_WARNING,LOW,Magnetic forecasting model has low predictive reliability based on walk-forward evaluation.
1741,2026-06-08 00:07:22,2026-06-08 00:08:22,60,mag_y,Ridge,423.01,232.3787080841676,-190.6312919158324,LOW_CONFIDENCE,INFO,MODEL_RELIABILITY_WARNING,LOW,Magnetic forecasting model has low predictive reliability based on walk-forward evaluation.
1742,2026-06-08 00:07:22,2026-06-08 00:08:22,60,mag_z,Ridge,140.126,223.77950474576645,83.65350474576644,LOW_CONFIDENCE,INFO,MODEL_RELIABILITY_WARNING,LOW,Magnetic forecasting model has low predictive reliability based on walk-forward evaluation.
1743,2026-06-08 00:07:22,2026-06-08 00:08:22,60,temperature,Persistence,45.5,45.5,0.0,NORMAL,NORMAL,NONE,HIGH,
1737,2026-06-08 00:07:22,2026-06-08 00:08:22,60,vib_x_rms,XGBoost,0.110074,0.1090126186609268,-0.0010613813390731,WARNING,MEDIUM,ELEVATED_VIBRATION,MODERATE,Predicted vibration 0.109013 exceeds warning limit 0.10
1738,2026-06-08 00:07:22,2026-06-08 00:08:22,60,vib_y_rms,XGBoost,0.13378,0.1404576301574707,0.0066776301574706,WARNING,MEDIUM,ELEVATED_VIBRATION,MODERATE,Predicted vibration 0.140458 exceeds warning limit 0.10
1739,2026-06-08 00:07:22,2026-06-08 00:08:22,60,vib_z_rms,XGBoost,0.06151,0.0622469820082187,0.0007369820082187,NORMAL,NORMAL,NONE,MODERATE,
1747,2026-06-08 00:07:23,2026-06-08 00:08:23,60,mag_x,Ridge,176.4,231.6007518626336,55.20075186263358,LOW_CONFIDENCE,INFO,MODEL_RELIABILITY_WARNING,LOW,Magnetic forecasting model has low predictive reliability based on walk-forward evaluation.
1748,2026-06-08 00:07:23,2026-06-08 00:08:23,60,mag_y,Ridge,68.096,233.7250362852603,165.6290362852603,LOW_CONFIDENCE,INFO,MODEL_RELIABILITY_WARNING,LOW,Magnetic forecasting model has low predictive reliability based on walk-forward evaluation.
1749,2026-06-08 00:07:23,2026-06-08 00:08:23,60,mag_z,Ridge,96.71201,229.73214824465023,133.02013824465024,LOW_CONFIDENCE,INFO,MODEL_RELIABILITY_WARNING,LOW,Magnetic forecasting model has low predictive reliability based on walk-forward evaluation.
1750,2026-06-08 00:07:23,2026-06-08 00:08:23,60,temperature,Persistence,45.5,45.5,0.0,NORMAL,NORMAL,NONE,HIGH,
1744,2026-06-08 00:07:23,2026-06-08 00:08:23,60,vib_x_rms,XGBoost,0.111609,0.1083511486649513,-0.0032578513350486,WARNING,MEDIUM,ELEVATED_VIBRATION,MODERATE,Predicted vibration 0.108351 exceeds warning limit 0.10
1745,2026-06-08 00:07:23,2026-06-08 00:08:23,60,vib_y_rms,XGBoost,0.142293,0.1386329680681228,-0.0036600319318771,WARNING,MEDIUM,ELEVATED_VIBRATION,MODERATE,Predicted vibration 0.138633 exceeds warning limit 0.10
1746,2026-06-08 00:07:23,2026-06-08 00:08:23,60,vib_z_rms,XGBoost,0.06775,0.0627317503094673,-0.0050182496905326,NORMAL,NORMAL,NONE,MODERATE,
1754,2026-06-08 00:07:24,2026-06-08 00:08:24,60,mag_x,Ridge,367.094,225.5838947120635,-141.51010528793648,LOW_CONFIDENCE,INFO,MODEL_RELIABILITY_WARNING,LOW,Magnetic forecasting model has low predictive reliability based on walk-forward evaluation.
1755,2026-06-08 00:07:24,2026-06-08 00:08:24,60,mag_y,Ridge,168.546,232.95170596533632,64.40570596533632,LOW_CONFIDENCE,INFO,MODEL_RELIABILITY_WARNING,LOW,Magnetic forecasting model has low predictive reliability based on walk-forward evaluation.
1756,2026-06-08 00:07:24,2026-06-08 00:08:24,60,mag_z,Ridge,180.502,228.77689598992603,48.27489598992602,LOW_CONFIDENCE,INFO,MODEL_RELIABILITY_WARNING,LOW,Magnetic forecasting model has low predictive reliability based on walk-forward evaluation.
1757,2026-06-08 00:07:24,2026-06-08 00:08:24,60,temperature,Persistence,45.5,45.5,0.0,NORMAL,NORMAL,NONE,HIGH,
1751,2026-06-08 00:07:24,2026-06-08 00:08:24,60,vib_x_rms,XGBoost,0.105574,0.1079514175653457,0.0023774175653457,WARNING,MEDIUM,ELEVATED_VIBRATION,MODERATE,Predicted vibration 0.107951 exceeds warning limit 0.10
1752,2026-06-08 00:07:24,2026-06-08 00:08:24,60,vib_y_rms,XGBoost,0.13414,0.1381423771381378,0.0040023771381378,WARNING,MEDIUM,ELEVATED_VIBRATION,MODERATE,Predicted vibration 0.138142 exceeds warning limit 0.10
1753,2026-06-08 00:07:24,2026-06-08 00:08:24,60,vib_z_rms,XGBoost,0.0609,0.0607783980667591,-0.0001216019332408,NORMAL,NORMAL,NONE,MODERATE,
1761,2026-06-08 00:07:26,2026-06-08 00:08:26,60,mag_x,Ridge,107.016,235.34473516001407,128.32873516001405,LOW_CONFIDENCE,INFO,MODEL_RELIABILITY_WARNING,LOW,Magnetic forecasting model has low predictive reliability based on walk-forward evaluation.
1762,2026-06-08 00:07:26,2026-06-08 00:08:26,60,mag_y,Ridge,281.96,230.0644595930017,-51.89554040699829,LOW_CONFIDENCE,INFO,MODEL_RELIABILITY_WARNING,LOW,Magnetic forecasting model has low predictive reliability based on walk-forward evaluation.
1763,2026-06-08 00:07:26,2026-06-08 00:08:26,60,mag_z,Ridge,245.868,223.39486814754284,-22.47313185245716,LOW_CONFIDENCE,INFO,MODEL_RELIABILITY_WARNING,LOW,Magnetic forecasting model has low predictive reliability based on walk-forward evaluation.
1764,2026-06-08 00:07:26,2026-06-08 00:08:26,60,temperature,Persistence,45.5,45.5,0.0,NORMAL,NORMAL,NONE,HIGH,
1758,2026-06-08 00:07:26,2026-06-08 00:08:26,60,vib_x_rms,XGBoost,0.104519,0.1077346056699752,0.0032156056699752,WARNING,MEDIUM,ELEVATED_VIBRATION,MODERATE,Predicted vibration 0.107735 exceeds warning limit 0.10
1759,2026-06-08 00:07:26,2026-06-08 00:08:26,60,vib_y_rms,XGBoost,0.14108,0.1397369652986526,-0.0013430347013473,WARNING,MEDIUM,ELEVATED_VIBRATION,MODERATE,Predicted vibration 0.139737 exceeds warning limit 0.10
1760,2026-06-08 00:07:26,2026-06-08 00:08:26,60,vib_z_rms,XGBoost,0.053681,0.0627303421497345,0.0090493421497344,NORMAL,NORMAL,NONE,MODERATE,
1768,2026-06-08 00:07:27,2026-06-08 00:08:27,60,mag_x,Ridge,305.886,220.77741347492147,-85.10858652507855,LOW_CONFIDENCE,INFO,MODEL_RELIABILITY_WARNING,LOW,Magnetic forecasting model has low predictive reliability based on walk-forward evaluation.
1769,2026-06-08 00:07:27,2026-06-08 00:08:27,60,mag_y,Ridge,227.808,228.4521446836792,0.6441446836792011,LOW_CONFIDENCE,INFO,MODEL_RELIABILITY_WARNING,LOW,Magnetic forecasting model has low predictive reliability based on walk-forward evaluation.
1770,2026-06-08 00:07:27,2026-06-08 00:08:27,60,mag_z,Ridge,237.538,226.6864038175654,-10.851596182434603,LOW_CONFIDENCE,INFO,MODEL_RELIABILITY_WARNING,LOW,Magnetic forecasting model has low predictive reliability based on walk-forward evaluation.
1771,2026-06-08 00:07:27,2026-06-08 00:08:27,60,temperature,Persistence,45.5,45.5,0.0,NORMAL,NORMAL,NONE,HIGH,
1765,2026-06-08 00:07:27,2026-06-08 00:08:27,60,vib_x_rms,XGBoost,0.087883,0.1079881340265274,0.0201051340265274,WARNING,MEDIUM,ELEVATED_VIBRATION,MODERATE,Predicted vibration 0.107988 exceeds warning limit 0.10
1766,2026-06-08 00:07:27,2026-06-08 00:08:27,60,vib_y_rms,XGBoost,0.142141,0.1399077624082565,-0.0022332375917434,WARNING,MEDIUM,ELEVATED_VIBRATION,MODERATE,Predicted vibration 0.139908 exceeds warning limit 0.10
1767,2026-06-08 00:07:27,2026-06-08 00:08:27,60,vib_z_rms,XGBoost,0.054963,0.0622432231903076,0.0072802231903076,NORMAL,NORMAL,NONE,MODERATE,
1775,2026-06-08 00:07:29,2026-06-08 00:08:29,60,mag_x,Ridge,195.846,224.41308891230452,28.56708891230454,LOW_CONFIDENCE,INFO,MODEL_RELIABILITY_WARNING,LOW,Magnetic forecasting model has low predictive reliability based on walk-forward evaluation.
1776,2026-06-08 00:07:29,2026-06-08 00:08:29,60,mag_y,Ridge,124.796,228.70347425872413,103.90747425872412,LOW_CONFIDENCE,INFO,MODEL_RELIABILITY_WARNING,LOW,Magnetic forecasting model has low predictive reliability based on walk-forward evaluation.
1777,2026-06-08 00:07:29,2026-06-08 00:08:29,60,mag_z,Ridge,376.6,233.54886945534165,-143.05113054465838,LOW_CONFIDENCE,INFO,MODEL_RELIABILITY_WARNING,LOW,Magnetic forecasting model has low predictive reliability based on walk-forward evaluation.
1778,2026-06-08 00:07:29,2026-06-08 00:08:29,60,temperature,Persistence,45.5,45.5,0.0,NORMAL,NORMAL,NONE,HIGH,
1772,2026-06-08 00:07:29,2026-06-08 00:08:29,60,vib_x_rms,XGBoost,0.103722,0.1093648970127105,0.0056428970127105,WARNING,MEDIUM,ELEVATED_VIBRATION,MODERATE,Predicted vibration 0.109365 exceeds warning limit 0.10
1773,2026-06-08 00:07:29,2026-06-08 00:08:29,60,vib_y_rms,XGBoost,0.143651,0.1402253210544586,-0.0034256789455413,WARNING,MEDIUM,ELEVATED_VIBRATION,MODERATE,Predicted vibration 0.140225 exceeds warning limit 0.10
1774,2026-06-08 00:07:29,2026-06-08 00:08:29,60,vib_z_rms,XGBoost,0.064825,0.0620440617203712,-0.0027809382796287,NORMAL,NORMAL,NONE,MODERATE,
1782,2026-06-08 00:07:30,2026-06-08 00:08:30,60,mag_x,Ridge,40.6,232.8817629241275,192.2817629241275,LOW_CONFIDENCE,INFO,MODEL_RELIABILITY_WARNING,LOW,Magnetic forecasting model has low predictive reliability based on walk-forward evaluation.
1783,2026-06-08 00:07:30,2026-06-08 00:08:30,60,mag_y,Ridge,326.41,228.6156545644575,-97.79434543554254,LOW_CONFIDENCE,INFO,MODEL_RELIABILITY_WARNING,LOW,Magnetic forecasting model has low predictive reliability based on walk-forward evaluation.
1784,2026-06-08 00:07:30,2026-06-08 00:08:30,60,mag_z,Ridge,254.618,225.06734783076013,-29.550652169239868,LOW_CONFIDENCE,INFO,MODEL_RELIABILITY_WARNING,LOW,Magnetic forecasting model has low predictive reliability based on walk-forward evaluation.
1785,2026-06-08 00:07:30,2026-06-08 00:08:30,60,temperature,Persistence,45.5,45.5,0.0,NORMAL,NORMAL,NONE,HIGH,
1779,2026-06-08 00:07:30,2026-06-08 00:08:30,60,vib_x_rms,XGBoost,0.111438,0.1111611947417259,-0.000276805258274,WARNING,MEDIUM,ELEVATED_VIBRATION,MODERATE,Predicted vibration 0.111161 exceeds warning limit 0.10
1780,2026-06-08 00:07:30,2026-06-08 00:08:30,60,vib_y_rms,XGBoost,0.146351,0.1397556364536285,-0.0065953635463714,WARNING,MEDIUM,ELEVATED_VIBRATION,MODERATE,Predicted vibration 0.139756 exceeds warning limit 0.10
1781,2026-06-08 00:07:30,2026-06-08 00:08:30,60,vib_z_rms,XGBoost,0.058741,0.062749445438385,0.004008445438385,NORMAL,NORMAL,NONE,MODERATE,
1789,2026-06-08 00:07:32,2026-06-08 00:08:32,60,mag_x,Ridge,285.88,229.47256163199808,-56.40743836800192,LOW_CONFIDENCE,INFO,MODEL_RELIABILITY_WARNING,LOW,Magnetic forecasting model has low predictive reliability based on walk-forward evaluation.
1790,2026-06-08 00:07:32,2026-06-08 00:08:32,60,mag_y,Ridge,109.592,227.5481505329966,117.9561505329966,LOW_CONFIDENCE,INFO,MODEL_RELIABILITY_WARNING,LOW,Magnetic forecasting model has low predictive reliability based on walk-forward evaluation.
1791,2026-06-08 00:07:32,2026-06-08 00:08:32,60,mag_z,Ridge,348.446,235.62228515564453,-112.8237148443555,LOW_CONFIDENCE,INFO,MODEL_RELIABILITY_WARNING,LOW,Magnetic forecasting model has low predictive reliability based on walk-forward evaluation.
1792,2026-06-08 00:07:32,2026-06-08 00:08:32,60,temperature,Persistence,45.5,45.5,0.0,NORMAL,NORMAL,NONE,HIGH,
1786,2026-06-08 00:07:32,2026-06-08 00:08:32,60,vib_x_rms,XGBoost,0.112381,0.1089553758502006,-0.0034256241497993,WARNING,MEDIUM,ELEVATED_VIBRATION,MODERATE,Predicted vibration 0.108955 exceeds warning limit 0.10
1787,2026-06-08 00:07:32,2026-06-08 00:08:32,60,vib_y_rms,XGBoost,0.135983,0.1375970393419265,0.0016140393419265,WARNING,MEDIUM,ELEVATED_VIBRATION,MODERATE,Predicted vibration 0.137597 exceeds warning limit 0.10
1788,2026-06-08 00:07:32,2026-06-08 00:08:32,60,vib_z_rms,XGBoost,0.058434,0.0621722154319286,0.0037382154319286,NORMAL,NORMAL,NONE,MODERATE,
1796,2026-06-08 00:07:33,2026-06-08 00:08:33,60,mag_x,Ridge,346.094,226.89008345574825,-119.20391654425175,LOW_CONFIDENCE,INFO,MODEL_RELIABILITY_WARNING,LOW,Magnetic forecasting model has low predictive reliability based on walk-forward evaluation.
1797,2026-06-08 00:07:33,2026-06-08 00:08:33,60,mag_y,Ridge,396.634,237.23465633187195,-159.39934366812807,LOW_CONFIDENCE,INFO,MODEL_RELIABILITY_WARNING,LOW,Magnetic forecasting model has low predictive reliability based on walk-forward evaluation.
1798,2026-06-08 00:07:33,2026-06-08 00:08:33,60,mag_z,Ridge,109.466,237.096099349748,127.630099349748,LOW_CONFIDENCE,INFO,MODEL_RELIABILITY_WARNING,LOW,Magnetic forecasting model has low predictive reliability based on walk-forward evaluation.
1799,2026-06-08 00:07:33,2026-06-08 00:08:33,60,temperature,Persistence,45.5,45.5,0.0,NORMAL,NORMAL,NONE,HIGH,
1793,2026-06-08 00:07:33,2026-06-08 00:08:33,60,vib_x_rms,XGBoost,0.094663,0.1074780896306037,0.0128150896306037,WARNING,MEDIUM,ELEVATED_VIBRATION,MODERATE,Predicted vibration 0.107478 exceeds warning limit 0.10
1794,2026-06-08 00:07:33,2026-06-08 00:08:33,60,vib_y_rms,XGBoost,0.143251,0.1365344226360321,-0.0067165773639678,WARNING,MEDIUM,ELEVATED_VIBRATION,MODERATE,Predicted vibration 0.136534 exceeds warning limit 0.10
1795,2026-06-08 00:07:33,2026-06-08 00:08:33,60,vib_z_rms,XGBoost,0.055805,0.0608690828084945,0.0050640828084945,NORMAL,NORMAL,NONE,MODERATE,
1803,2026-06-08 00:07:34,2026-06-08 00:08:34,60,mag_x,Ridge,305.06,234.4082941638444,-70.65170583615563,LOW_CONFIDENCE,INFO,MODEL_RELIABILITY_WARNING,LOW,Magnetic forecasting model has low predictive reliability based on walk-forward evaluation.
1804,2026-06-08 00:07:34,2026-06-08 00:08:34,60,mag_y,Ridge,19.418,222.72421534315131,203.3062153431513,LOW_CONFIDENCE,INFO,MODEL_RELIABILITY_WARNING,LOW,Magnetic forecasting model has low predictive reliability based on walk-forward evaluation.
1805,2026-06-08 00:07:34,2026-06-08 00:08:34,60,mag_z,Ridge,177.212,232.71239039977385,55.50039039977384,LOW_CONFIDENCE,INFO,MODEL_RELIABILITY_WARNING,LOW,Magnetic forecasting model has low predictive reliability based on walk-forward evaluation.
1806,2026-06-08 00:07:34,2026-06-08 00:08:34,60,temperature,Persistence,45.5,45.5,0.0,NORMAL,NORMAL,NONE,HIGH,
1800,2026-06-08 00:07:34,2026-06-08 00:08:34,60,vib_x_rms,XGBoost,0.12327,0.1103377938270568,-0.0129322061729431,WARNING,MEDIUM,ELEVATED_VIBRATION,MODERATE,Predicted vibration 0.110338 exceeds warning limit 0.10
1801,2026-06-08 00:07:34,2026-06-08 00:08:34,60,vib_y_rms,XGBoost,0.144794,0.138676106929779,-0.0061178930702209,WARNING,MEDIUM,ELEVATED_VIBRATION,MODERATE,Predicted vibration 0.138676 exceeds warning limit 0.10
1802,2026-06-08 00:07:34,2026-06-08 00:08:34,60,vib_z_rms,XGBoost,0.065974,0.0622052997350692,-0.0037687002649307,NORMAL,NORMAL,NONE,MODERATE,
1810,2026-06-08 00:07:36,2026-06-08 00:08:36,60,mag_x,Ridge,160.958,234.2216649409473,73.26366494094734,LOW_CONFIDENCE,INFO,MODEL_RELIABILITY_WARNING,LOW,Magnetic forecasting model has low predictive reliability based on walk-forward evaluation.
1811,2026-06-08 00:07:36,2026-06-08 00:08:36,60,mag_y,Ridge,361.074,227.60717009918991,-133.4668299008101,LOW_CONFIDENCE,INFO,MODEL_RELIABILITY_WARNING,LOW,Magnetic forecasting model has low predictive reliability based on walk-forward evaluation.
1812,2026-06-08 00:07:36,2026-06-08 00:08:36,60,mag_z,Ridge,323.204,228.63076798845708,-94.57323201154291,LOW_CONFIDENCE,INFO,MODEL_RELIABILITY_WARNING,LOW,Magnetic forecasting model has low predictive reliability based on walk-forward evaluation.
1813,2026-06-08 00:07:36,2026-06-08 00:08:36,60,temperature,Persistence,45.5,45.5,0.0,NORMAL,NORMAL,NONE,HIGH,
1807,2026-06-08 00:07:36,2026-06-08 00:08:36,60,vib_x_rms,XGBoost,0.106807,0.1093391999602317,0.0025321999602317,WARNING,MEDIUM,ELEVATED_VIBRATION,MODERATE,Predicted vibration 0.109339 exceeds warning limit 0.10
1808,2026-06-08 00:07:36,2026-06-08 00:08:36,60,vib_y_rms,XGBoost,0.121098,0.1385597586631775,0.0174617586631774,WARNING,MEDIUM,ELEVATED_VIBRATION,MODERATE,Predicted vibration 0.138560 exceeds warning limit 0.10
1809,2026-06-08 00:07:36,2026-06-08 00:08:36,60,vib_z_rms,XGBoost,0.065433,0.0625453442335128,-0.0028876557664871,NORMAL,NORMAL,NONE,MODERATE,
1817,2026-06-08 00:07:37,2026-06-08 00:08:37,60,mag_x,Ridge,26.852,235.1976621404306,208.3456621404306,LOW_CONFIDENCE,INFO,MODEL_RELIABILITY_WARNING,LOW,Magnetic forecasting model has low predictive reliability based on walk-forward evaluation.
1818,2026-06-08 00:07:37,2026-06-08 00:08:37,60,mag_y,Ridge,256.186,225.83714779826252,-30.34885220173743,LOW_CONFIDENCE,INFO,MODEL_RELIABILITY_WARNING,LOW,Magnetic forecasting model has low predictive reliability based on walk-forward evaluation.
1819,2026-06-08 00:07:37,2026-06-08 00:08:37,60,mag_z,Ridge,264.418,227.3000179980904,-37.11798200190958,LOW_CONFIDENCE,INFO,MODEL_RELIABILITY_WARNING,LOW,Magnetic forecasting model has low predictive reliability based on walk-forward evaluation.
1820,2026-06-08 00:07:37,2026-06-08 00:08:37,60,temperature,Persistence,45.5,45.5,0.0,NORMAL,NORMAL,NONE,HIGH,
1814,2026-06-08 00:07:37,2026-06-08 00:08:37,60,vib_x_rms,XGBoost,0.099558,0.1080719605088234,0.0085139605088234,WARNING,MEDIUM,ELEVATED_VIBRATION,MODERATE,Predicted vibration 0.108072 exceeds warning limit 0.10
1815,2026-06-08 00:07:37,2026-06-08 00:08:37,60,vib_y_rms,XGBoost,0.129872,0.138250395655632,0.008378395655632,WARNING,MEDIUM,ELEVATED_VIBRATION,MODERATE,Predicted vibration 0.138250 exceeds warning limit 0.10
1816,2026-06-08 00:07:37,2026-06-08 00:08:37,60,vib_z_rms,XGBoost,0.065093,0.0626371800899505,-0.0024558199100494,NORMAL,NORMAL,NONE,MODERATE,
1824,2026-06-08 00:07:39,2026-06-08 00:08:39,60,mag_x,Ridge,424.13,229.7979240327564,-194.33207596724364,LOW_CONFIDENCE,INFO,MODEL_RELIABILITY_WARNING,LOW,Magnetic forecasting model has low predictive reliability based on walk-forward evaluation.
1825,2026-06-08 00:07:39,2026-06-08 00:08:39,60,mag_y,Ridge,180.488,228.0447982845618,47.55679828456181,LOW_CONFIDENCE,INFO,MODEL_RELIABILITY_WARNING,LOW,Magnetic forecasting model has low predictive reliability based on walk-forward evaluation.
1826,2026-06-08 00:07:39,2026-06-08 00:08:39,60,mag_z,Ridge,1.064,231.42011272189987,230.35611272189988,LOW_CONFIDENCE,INFO,MODEL_RELIABILITY_WARNING,LOW,Magnetic forecasting model has low predictive reliability based on walk-forward evaluation.
1827,2026-06-08 00:07:39,2026-06-08 00:08:39,60,temperature,Persistence,45.5,45.5,0.0,NORMAL,NORMAL,NONE,HIGH,
1821,2026-06-08 00:07:39,2026-06-08 00:08:39,60,vib_x_rms,XGBoost,0.11377,0.1070204377174377,-0.0067495622825622,WARNING,MEDIUM,ELEVATED_VIBRATION,MODERATE,Predicted vibration 0.107020 exceeds warning limit 0.10
1822,2026-06-08 00:07:39,2026-06-08 00:08:39,60,vib_y_rms,XGBoost,0.138848,0.1390149444341659,0.0001669444341659,WARNING,MEDIUM,ELEVATED_VIBRATION,MODERATE,Predicted vibration 0.139015 exceeds warning limit 0.10
1823,2026-06-08 00:07:39,2026-06-08 00:08:39,60,vib_z_rms,XGBoost,0.066854,0.0628457739949226,-0.0040082260050773,NORMAL,NORMAL,NONE,MODERATE,
1831,2026-06-08 00:07:40,2026-06-08 00:08:40,60,mag_x,Ridge,300.748,231.740224310882,-69.00777568911798,LOW_CONFIDENCE,INFO,MODEL_RELIABILITY_WARNING,LOW,Magnetic forecasting model has low predictive reliability based on walk-forward evaluation.
1832,2026-06-08 00:07:40,2026-06-08 00:08:40,60,mag_y,Ridge,123.298,225.207042034679,101.909042034679,LOW_CONFIDENCE,INFO,MODEL_RELIABILITY_WARNING,LOW,Magnetic forecasting model has low predictive reliability based on walk-forward evaluation.
1833,2026-06-08 00:07:40,2026-06-08 00:08:40,60,mag_z,Ridge,342.762,230.27363239055472,-112.48836760944528,LOW_CONFIDENCE,INFO,MODEL_RELIABILITY_WARNING,LOW,Magnetic forecasting model has low predictive reliability based on walk-forward evaluation.
1834,2026-06-08 00:07:40,2026-06-08 00:08:40,60,temperature,Persistence,45.5,45.5,0.0,NORMAL,NORMAL,NONE,HIGH,
1828,2026-06-08 00:07:40,2026-06-08 00:08:40,60,vib_x_rms,XGBoost,0.109385,0.1069531738758087,-0.0024318261241912,WARNING,MEDIUM,ELEVATED_VIBRATION,MODERATE,Predicted vibration 0.106953 exceeds warning limit 0.10
1829,2026-06-08 00:07:40,2026-06-08 00:08:40,60,vib_y_rms,XGBoost,0.148457,0.1399038434028625,-0.0085531565971374,WARNING,MEDIUM,ELEVATED_VIBRATION,MODERATE,Predicted vibration 0.139904 exceeds warning limit 0.10
1830,2026-06-08 00:07:40,2026-06-08 00:08:40,60,vib_z_rms,XGBoost,0.064529,0.062535136938095,-0.0019938630619049,NORMAL,NORMAL,NONE,MODERATE,
1838,2026-06-08 00:07:42,2026-06-08 00:08:42,60,mag_x,Ridge,314.818,236.63554027432392,-78.18245972567607,LOW_CONFIDENCE,INFO,MODEL_RELIABILITY_WARNING,LOW,Magnetic forecasting model has low predictive reliability based on walk-forward evaluation.
1839,2026-06-08 00:07:42,2026-06-08 00:08:42,60,mag_y,Ridge,263.522,227.7147154349284,-35.80728456507157,LOW_CONFIDENCE,INFO,MODEL_RELIABILITY_WARNING,LOW,Magnetic forecasting model has low predictive reliability based on walk-forward evaluation.
1840,2026-06-08 00:07:42,2026-06-08 00:08:42,60,mag_z,Ridge,66.08,226.4788266757745,160.39882667577456,LOW_CONFIDENCE,INFO,MODEL_RELIABILITY_WARNING,LOW,Magnetic forecasting model has low predictive reliability based on walk-forward evaluation.
1841,2026-06-08 00:07:42,2026-06-08 00:08:42,60,temperature,Persistence,45.5,45.5,0.0,NORMAL,NORMAL,NONE,HIGH,
1835,2026-06-08 00:07:42,2026-06-08 00:08:42,60,vib_x_rms,XGBoost,0.107521,0.1101437807083129,0.0026227807083129,WARNING,MEDIUM,ELEVATED_VIBRATION,MODERATE,Predicted vibration 0.110144 exceeds warning limit 0.10
1836,2026-06-08 00:07:42,2026-06-08 00:08:42,60,vib_y_rms,XGBoost,0.146453,0.1414547115564346,-0.0049982884435653,WARNING,MEDIUM,ELEVATED_VIBRATION,MODERATE,Predicted vibration 0.141455 exceeds warning limit 0.10
1837,2026-06-08 00:07:42,2026-06-08 00:08:42,60,vib_z_rms,XGBoost,0.056044,0.0629048720002174,0.0068608720002174,NORMAL,NORMAL,NONE,MODERATE,
1845,2026-06-08 00:07:43,2026-06-08 00:08:43,60,mag_x,Ridge,8.232,235.7497198586714,227.5177198586714,LOW_CONFIDENCE,INFO,MODEL_RELIABILITY_WARNING,LOW,Magnetic forecasting model has low predictive reliability based on walk-forward evaluation.
1846,2026-06-08 00:07:43,2026-06-08 00:08:43,60,mag_y,Ridge,418.81,234.8103457929311,-183.9996542070689,LOW_CONFIDENCE,INFO,MODEL_RELIABILITY_WARNING,LOW,Magnetic forecasting model has low predictive reliability based on walk-forward evaluation.
1847,2026-06-08 00:07:43,2026-06-08 00:08:43,60,mag_z,Ridge,396.354,226.35148907476903,-170.00251092523092,LOW_CONFIDENCE,INFO,MODEL_RELIABILITY_WARNING,LOW,Magnetic forecasting model has low predictive reliability based on walk-forward evaluation.
1848,2026-06-08 00:07:43,2026-06-08 00:08:43,60,temperature,Persistence,45.5,45.5,0.0,NORMAL,NORMAL,NONE,HIGH,
1842,2026-06-08 00:07:43,2026-06-08 00:08:43,60,vib_x_rms,XGBoost,0.123103,0.1107152923941612,-0.0123877076058387,WARNING,MEDIUM,ELEVATED_VIBRATION,MODERATE,Predicted vibration 0.110715 exceeds warning limit 0.10
1843,2026-06-08 00:07:43,2026-06-08 00:08:43,60,vib_y_rms,XGBoost,0.134775,0.1411380618810653,0.0063630618810653,WARNING,MEDIUM,ELEVATED_VIBRATION,MODERATE,Predicted vibration 0.141138 exceeds warning limit 0.10
1844,2026-06-08 00:07:43,2026-06-08 00:08:43,60,vib_z_rms,XGBoost,0.075034,0.0636854246258735,-0.0113485753741264,NORMAL,NORMAL,NONE,MODERATE,
1852,2026-06-08 00:07:45,2026-06-08 00:08:45,60,mag_x,Ridge,403.088,236.67611691211397,-166.41188308788608,LOW_CONFIDENCE,INFO,MODEL_RELIABILITY_WARNING,LOW,Magnetic forecasting model has low predictive reliability based on walk-forward evaluation.
1853,2026-06-08 00:07:45,2026-06-08 00:08:45,60,mag_y,Ridge,63.756,225.1647991922176,161.4087991922176,LOW_CONFIDENCE,INFO,MODEL_RELIABILITY_WARNING,LOW,Magnetic forecasting model has low predictive reliability based on walk-forward evaluation.
1854,2026-06-08 00:07:45,2026-06-08 00:08:45,60,mag_z,Ridge,148.484,227.50085200077075,79.01685200077074,LOW_CONFIDENCE,INFO,MODEL_RELIABILITY_WARNING,LOW,Magnetic forecasting model has low predictive reliability based on walk-forward evaluation.
1855,2026-06-08 00:07:45,2026-06-08 00:08:45,60,temperature,Persistence,45.5,45.5,0.0,NORMAL,NORMAL,NONE,HIGH,
1849,2026-06-08 00:07:45,2026-06-08 00:08:45,60,vib_x_rms,XGBoost,0.11765,0.1064971610903739,-0.011152838909626,WARNING,MEDIUM,ELEVATED_VIBRATION,MODERATE,Predicted vibration 0.106497 exceeds warning limit 0.10
1850,2026-06-08 00:07:45,2026-06-08 00:08:45,60,vib_y_rms,XGBoost,0.137182,0.1396106928586959,0.0024286928586959,WARNING,MEDIUM,ELEVATED_VIBRATION,MODERATE,Predicted vibration 0.139611 exceeds warning limit 0.10
1851,2026-06-08 00:07:45,2026-06-08 00:08:45,60,vib_z_rms,XGBoost,0.064561,0.0627825558185577,-0.0017784441814422,NORMAL,NORMAL,NONE,MODERATE,
1859,2026-06-08 00:07:46,2026-06-08 00:08:46,60,mag_x,Ridge,47.628,230.9505470856491,183.3225470856491,LOW_CONFIDENCE,INFO,MODEL_RELIABILITY_WARNING,LOW,Magnetic forecasting model has low predictive reliability based on walk-forward evaluation.
1860,2026-06-08 00:07:46,2026-06-08 00:08:46,60,mag_y,Ridge,40.376,223.7703973390936,183.3943973390936,LOW_CONFIDENCE,INFO,MODEL_RELIABILITY_WARNING,LOW,Magnetic forecasting model has low predictive reliability based on walk-forward evaluation.
1861,2026-06-08 00:07:46,2026-06-08 00:08:46,60,mag_z,Ridge,150.5,224.5246855550127,74.0246855550127,LOW_CONFIDENCE,INFO,MODEL_RELIABILITY_WARNING,LOW,Magnetic forecasting model has low predictive reliability based on walk-forward evaluation.
1862,2026-06-08 00:07:46,2026-06-08 00:08:46,60,temperature,Persistence,45.5,45.5,0.0,NORMAL,NORMAL,NONE,HIGH,
1856,2026-06-08 00:07:46,2026-06-08 00:08:46,60,vib_x_rms,XGBoost,0.119341,0.1050329878926277,-0.0143080121073722,WARNING,MEDIUM,ELEVATED_VIBRATION,MODERATE,Predicted vibration 0.105033 exceeds warning limit 0.10
1857,2026-06-08 00:07:46,2026-06-08 00:08:46,60,vib_y_rms,XGBoost,0.152506,0.1397969871759414,-0.0127090128240585,WARNING,MEDIUM,ELEVATED_VIBRATION,MODERATE,Predicted vibration 0.139797 exceeds warning limit 0.10
1858,2026-06-08 00:07:46,2026-06-08 00:08:46,60,vib_z_rms,XGBoost,0.064531,0.0630465224385261,-0.0014844775614738,NORMAL,NORMAL,NONE,MODERATE,
1866,2026-06-08 00:07:47,2026-06-08 00:08:47,60,mag_x,Ridge,88.662,229.4722447973534,140.8102447973534,LOW_CONFIDENCE,INFO,MODEL_RELIABILITY_WARNING,LOW,Magnetic forecasting model has low predictive reliability based on walk-forward evaluation.
1867,2026-06-08 00:07:47,2026-06-08 00:08:47,60,mag_y,Ridge,231.112,235.06375165429665,3.951751654296629,LOW_CONFIDENCE,INFO,MODEL_RELIABILITY_WARNING,LOW,Magnetic forecasting model has low predictive reliability based on walk-forward evaluation.
1868,2026-06-08 00:07:47,2026-06-08 00:08:47,60,mag_z,Ridge,79.702,224.4665887134473,144.76458871344727,LOW_CONFIDENCE,INFO,MODEL_RELIABILITY_WARNING,LOW,Magnetic forecasting model has low predictive reliability based on walk-forward evaluation.
1869,2026-06-08 00:07:47,2026-06-08 00:08:47,60,temperature,Persistence,45.5,45.5,0.0,NORMAL,NORMAL,NONE,HIGH,
1863,2026-06-08 00:07:47,2026-06-08 00:08:47,60,vib_x_rms,XGBoost,0.125125,0.1092593967914581,-0.0158656032085418,WARNING,MEDIUM,ELEVATED_VIBRATION,MODERATE,Predicted vibration 0.109259 exceeds warning limit 0.10
1864,2026-06-08 00:07:47,2026-06-08 00:08:47,60,vib_y_rms,XGBoost,0.149406,0.141350045800209,-0.0080559541997909,WARNING,MEDIUM,ELEVATED_VIBRATION,MODERATE,Predicted vibration 0.141350 exceeds warning limit 0.10
1865,2026-06-08 00:07:47,2026-06-08 00:08:47,60,vib_z_rms,XGBoost,0.075589,0.0623521842062473,-0.0132368157937526,NORMAL,NORMAL,NONE,MODERATE,
1873,2026-06-08 00:07:49,2026-06-08 00:08:49,60,mag_x,Ridge,253.134,231.97590828935725,-21.158091710642736,LOW_CONFIDENCE,INFO,MODEL_RELIABILITY_WARNING,LOW,Magnetic forecasting model has low predictive reliability based on walk-forward evaluation.
1874,2026-06-08 00:07:49,2026-06-08 00:08:49,60,mag_y,Ridge,282.884,226.2780779066744,-56.60592209332563,LOW_CONFIDENCE,INFO,MODEL_RELIABILITY_WARNING,LOW,Magnetic forecasting model has low predictive reliability based on walk-forward evaluation.
1875,2026-06-08 00:07:49,2026-06-08 00:08:49,60,mag_z,Ridge,288.33,223.99143747022737,-64.33856252977262,LOW_CONFIDENCE,INFO,MODEL_RELIABILITY_WARNING,LOW,Magnetic forecasting model has low predictive reliability based on walk-forward evaluation.
1876,2026-06-08 00:07:49,2026-06-08 00:08:49,60,temperature,Persistence,45.5,45.5,0.0,NORMAL,NORMAL,NONE,HIGH,
1870,2026-06-08 00:07:49,2026-06-08 00:08:49,60,vib_x_rms,XGBoost,0.105562,0.109462633728981,0.003900633728981,WARNING,MEDIUM,ELEVATED_VIBRATION,MODERATE,Predicted vibration 0.109463 exceeds warning limit 0.10
1871,2026-06-08 00:07:49,2026-06-08 00:08:49,60,vib_y_rms,XGBoost,0.151059,0.1423239111900329,-0.008735088809967,WARNING,MEDIUM,ELEVATED_VIBRATION,MODERATE,Predicted vibration 0.142324 exceeds warning limit 0.10
1872,2026-06-08 00:07:49,2026-06-08 00:08:49,60,vib_z_rms,XGBoost,0.060536,0.0629382357001304,0.0024022357001304,NORMAL,NORMAL,NONE,MODERATE,
1880,2026-06-08 00:07:50,2026-06-08 00:08:50,60,mag_x,Ridge,378.14,234.1600007444379,-143.9799992555621,LOW_CONFIDENCE,INFO,MODEL_RELIABILITY_WARNING,LOW,Magnetic forecasting model has low predictive reliability based on walk-forward evaluation.
1881,2026-06-08 00:07:50,2026-06-08 00:08:50,60,mag_y,Ridge,190.456,227.2845118950746,36.8285118950746,LOW_CONFIDENCE,INFO,MODEL_RELIABILITY_WARNING,LOW,Magnetic forecasting model has low predictive reliability based on walk-forward evaluation.
1882,2026-06-08 00:07:50,2026-06-08 00:08:50,60,mag_z,Ridge,316.232,231.5693561670108,-84.66264383298926,LOW_CONFIDENCE,INFO,MODEL_RELIABILITY_WARNING,LOW,Magnetic forecasting model has low predictive reliability based on walk-forward evaluation.
1883,2026-06-08 00:07:50,2026-06-08 00:08:50,60,temperature,Persistence,45.5,45.5,0.0,NORMAL,NORMAL,NONE,HIGH,
1877,2026-06-08 00:07:50,2026-06-08 00:08:50,60,vib_x_rms,XGBoost,0.10667,0.1062824726104736,-0.0003875273895263,WARNING,MEDIUM,ELEVATED_VIBRATION,MODERATE,Predicted vibration 0.106282 exceeds warning limit 0.10
1878,2026-06-08 00:07:50,2026-06-08 00:08:50,60,vib_y_rms,XGBoost,0.144824,0.1401752531528473,-0.0046487468471527,WARNING,MEDIUM,ELEVATED_VIBRATION,MODERATE,Predicted vibration 0.140175 exceeds warning limit 0.10
1879,2026-06-08 00:07:50,2026-06-08 00:08:50,60,vib_z_rms,XGBoost,0.053983,0.0633472353219986,0.0093642353219985,NORMAL,NORMAL,NONE,MODERATE,
1887,2026-06-08 00:07:52,2026-06-08 00:08:52,60,mag_x,Ridge,118.062,234.59849882008965,116.53649882008963,LOW_CONFIDENCE,INFO,MODEL_RELIABILITY_WARNING,LOW,Magnetic forecasting model has low predictive reliability based on walk-forward evaluation.
1888,2026-06-08 00:07:52,2026-06-08 00:08:52,60,mag_y,Ridge,246.652,224.4071635257295,-22.2448364742705,LOW_CONFIDENCE,INFO,MODEL_RELIABILITY_WARNING,LOW,Magnetic forecasting model has low predictive reliability based on walk-forward evaluation.
1889,2026-06-08 00:07:52,2026-06-08 00:08:52,60,mag_z,Ridge,92.386,225.44531780404608,133.05931780404606,LOW_CONFIDENCE,INFO,MODEL_RELIABILITY_WARNING,LOW,Magnetic forecasting model has low predictive reliability based on walk-forward evaluation.
1890,2026-06-08 00:07:52,2026-06-08 00:08:52,60,temperature,Persistence,45.5,45.5,0.0,NORMAL,NORMAL,NONE,HIGH,
1884,2026-06-08 00:07:52,2026-06-08 00:08:52,60,vib_x_rms,XGBoost,0.098407,0.1055793091654777,0.0071723091654777,WARNING,MEDIUM,ELEVATED_VIBRATION,MODERATE,Predicted vibration 0.105579 exceeds warning limit 0.10
1885,2026-06-08 00:07:52,2026-06-08 00:08:52,60,vib_y_rms,XGBoost,0.137442,0.1391018778085708,0.0016598778085708,WARNING,MEDIUM,ELEVATED_VIBRATION,MODERATE,Predicted vibration 0.139102 exceeds warning limit 0.10
1886,2026-06-08 00:07:52,2026-06-08 00:08:52,60,vib_z_rms,XGBoost,0.060009,0.062137771397829,0.002128771397829,NORMAL,NORMAL,NONE,MODERATE,
1894,2026-06-08 00:07:53,2026-06-08 00:08:53,60,mag_x,Ridge,13.104,230.0023980836184,216.8983980836184,LOW_CONFIDENCE,INFO,MODEL_RELIABILITY_WARNING,LOW,Magnetic forecasting model has low predictive reliability based on walk-forward evaluation.
1895,2026-06-08 00:07:53,2026-06-08 00:08:53,60,mag_y,Ridge,312.2,225.5878415457649,-86.61215845423507,LOW_CONFIDENCE,INFO,MODEL_RELIABILITY_WARNING,LOW,Magnetic forecasting model has low predictive reliability based on walk-forward evaluation.
1896,2026-06-08 00:07:53,2026-06-08 00:08:53,60,mag_z,Ridge,315.154,226.5984703155578,-88.5555296844422,LOW_CONFIDENCE,INFO,MODEL_RELIABILITY_WARNING,LOW,Magnetic forecasting model has low predictive reliability based on walk-forward evaluation.
1897,2026-06-08 00:07:53,2026-06-08 00:08:53,60,temperature,Persistence,45.5,45.5,0.0,NORMAL,NORMAL,NONE,HIGH,
1891,2026-06-08 00:07:53,2026-06-08 00:08:53,60,vib_x_rms,XGBoost,0.10314,0.1046614795923233,0.0015214795923233,WARNING,MEDIUM,ELEVATED_VIBRATION,MODERATE,Predicted vibration 0.104661 exceeds warning limit 0.10
1892,2026-06-08 00:07:53,2026-06-08 00:08:53,60,vib_y_rms,XGBoost,0.1496,0.140195831656456,-0.009404168343544,WARNING,MEDIUM,ELEVATED_VIBRATION,MODERATE,Predicted vibration 0.140196 exceeds warning limit 0.10
1893,2026-06-08 00:07:53,2026-06-08 00:08:53,60,vib_z_rms,XGBoost,0.063345,0.0616127252578735,-0.0017322747421264,NORMAL,NORMAL,NONE,MODERATE,
1901,2026-06-08 00:07:54,2026-06-08 00:08:54,60,mag_x,Ridge,442.834,236.0295544660178,-206.8044455339822,LOW_CONFIDENCE,INFO,MODEL_RELIABILITY_WARNING,LOW,Magnetic forecasting model has low predictive reliability based on walk-forward evaluation.
1902,2026-06-08 00:07:54,2026-06-08 00:08:54,60,mag_y,Ridge,181.356,224.34296013680716,42.98696013680714,LOW_CONFIDENCE,INFO,MODEL_RELIABILITY_WARNING,LOW,Magnetic forecasting model has low predictive reliability based on walk-forward evaluation.
1903,2026-06-08 00:07:54,2026-06-08 00:08:54,60,mag_z,Ridge,337.568,230.06746874173933,-107.50053125826064,LOW_CONFIDENCE,INFO,MODEL_RELIABILITY_WARNING,LOW,Magnetic forecasting model has low predictive reliability based on walk-forward evaluation.
1904,2026-06-08 00:07:54,2026-06-08 00:08:54,60,temperature,Persistence,45.5,45.5,0.0,NORMAL,NORMAL,NONE,HIGH,
1898,2026-06-08 00:07:54,2026-06-08 00:08:54,60,vib_x_rms,XGBoost,0.11519,0.107391282916069,-0.0077987170839309,WARNING,MEDIUM,ELEVATED_VIBRATION,MODERATE,Predicted vibration 0.107391 exceeds warning limit 0.10
1899,2026-06-08 00:07:54,2026-06-08 00:08:54,60,vib_y_rms,XGBoost,0.139624,0.1390794515609741,-0.0005445484390258,WARNING,MEDIUM,ELEVATED_VIBRATION,MODERATE,Predicted vibration 0.139079 exceeds warning limit 0.10
1900,2026-06-08 00:07:54,2026-06-08 00:08:54,60,vib_z_rms,XGBoost,0.058347,0.0628839135169982,0.0045369135169982,NORMAL,NORMAL,NONE,MODERATE,
1908,2026-06-08 00:07:56,2026-06-08 00:08:56,60,mag_x,Ridge,420.056,237.44273040934905,-182.61326959065096,LOW_CONFIDENCE,INFO,MODEL_RELIABILITY_WARNING,LOW,Magnetic forecasting model has low predictive reliability based on walk-forward evaluation.
1909,2026-06-08 00:07:56,2026-06-08 00:08:56,60,mag_y,Ridge,412.356,228.482097021577,-183.873902978423,LOW_CONFIDENCE,INFO,MODEL_RELIABILITY_WARNING,LOW,Magnetic forecasting model has low predictive reliability based on walk-forward evaluation.
1910,2026-06-08 00:07:56,2026-06-08 00:08:56,60,mag_z,Ridge,175.462,225.25057995085405,49.78857995085406,LOW_CONFIDENCE,INFO,MODEL_RELIABILITY_WARNING,LOW,Magnetic forecasting model has low predictive reliability based on walk-forward evaluation.
1911,2026-06-08 00:07:56,2026-06-08 00:08:56,60,temperature,Persistence,45.5,45.5,0.0,NORMAL,NORMAL,NONE,HIGH,
1905,2026-06-08 00:07:56,2026-06-08 00:08:56,60,vib_x_rms,XGBoost,0.116144,0.1070650517940521,-0.0090789482059478,WARNING,MEDIUM,ELEVATED_VIBRATION,MODERATE,Predicted vibration 0.107065 exceeds warning limit 0.10
1906,2026-06-08 00:07:56,2026-06-08 00:08:56,60,vib_y_rms,XGBoost,0.154231,0.1377480030059814,-0.0164829969940185,WARNING,MEDIUM,ELEVATED_VIBRATION,MODERATE,Predicted vibration 0.137748 exceeds warning limit 0.10
1907,2026-06-08 00:07:56,2026-06-08 00:08:56,60,vib_z_rms,XGBoost,0.059437,0.0621020905673503,0.0026650905673503,NORMAL,NORMAL,NONE,MODERATE,
1915,2026-06-08 00:07:57,2026-06-08 00:08:57,60,mag_x,Ridge,442.4,232.15223707200477,-210.24776292799524,LOW_CONFIDENCE,INFO,MODEL_RELIABILITY_WARNING,LOW,Magnetic forecasting model has low predictive reliability based on walk-forward evaluation.
1916,2026-06-08 00:07:57,2026-06-08 00:08:57,60,mag_y,Ridge,112.49,229.55507175342092,117.06507175342097,LOW_CONFIDENCE,INFO,MODEL_RELIABILITY_WARNING,LOW,Magnetic forecasting model has low predictive reliability based on walk-forward evaluation.
1917,2026-06-08 00:07:57,2026-06-08 00:08:57,60,mag_z,Ridge,171.78,226.0783722728793,54.29837227287933,LOW_CONFIDENCE,INFO,MODEL_RELIABILITY_WARNING,LOW,Magnetic forecasting model has low predictive reliability based on walk-forward evaluation.
1918,2026-06-08 00:07:57,2026-06-08 00:08:57,60,temperature,Persistence,45.5,45.5,0.0,NORMAL,NORMAL,NONE,HIGH,
1912,2026-06-08 00:07:57,2026-06-08 00:08:57,60,vib_x_rms,XGBoost,0.102713,0.1054793447256088,0.0027663447256088,WARNING,MEDIUM,ELEVATED_VIBRATION,MODERATE,Predicted vibration 0.105479 exceeds warning limit 0.10
1913,2026-06-08 00:07:57,2026-06-08 00:08:57,60,vib_y_rms,XGBoost,0.1299,0.1357885897159576,0.0058885897159576,WARNING,MEDIUM,ELEVATED_VIBRATION,MODERATE,Predicted vibration 0.135789 exceeds warning limit 0.10
1914,2026-06-08 00:07:57,2026-06-08 00:08:57,60,vib_z_rms,XGBoost,0.058122,0.0624125525355339,0.0042905525355339,NORMAL,NORMAL,NONE,MODERATE,
1922,2026-06-08 00:07:59,2026-06-08 00:08:59,60,mag_x,Ridge,16.982,234.6736153386276,217.6916153386276,LOW_CONFIDENCE,INFO,MODEL_RELIABILITY_WARNING,LOW,Magnetic forecasting model has low predictive reliability based on walk-forward evaluation.
1923,2026-06-08 00:07:59,2026-06-08 00:08:59,60,mag_y,Ridge,447.958,225.3395192431541,-222.618480756846,LOW_CONFIDENCE,INFO,MODEL_RELIABILITY_WARNING,LOW,Magnetic forecasting model has low predictive reliability based on walk-forward evaluation.
1924,2026-06-08 00:07:59,2026-06-08 00:08:59,60,mag_z,Ridge,447.244,219.9753771432609,-227.2686228567391,LOW_CONFIDENCE,INFO,MODEL_RELIABILITY_WARNING,LOW,Magnetic forecasting model has low predictive reliability based on walk-forward evaluation.
1925,2026-06-08 00:07:59,2026-06-08 00:08:59,60,temperature,Persistence,45.5,45.5,0.0,NORMAL,NORMAL,NONE,HIGH,
1919,2026-06-08 00:07:59,2026-06-08 00:08:59,60,vib_x_rms,XGBoost,0.106083,0.1067154631018638,0.0006324631018638,WARNING,MEDIUM,ELEVATED_VIBRATION,MODERATE,Predicted vibration 0.106715 exceeds warning limit 0.10
1920,2026-06-08 00:07:59,2026-06-08 00:08:59,60,vib_y_rms,XGBoost,0.143127,0.1391842663288116,-0.0039427336711883,WARNING,MEDIUM,ELEVATED_VIBRATION,MODERATE,Predicted vibration 0.139184 exceeds warning limit 0.10
1921,2026-06-08 00:07:59,2026-06-08 00:08:59,60,vib_z_rms,XGBoost,0.062711,0.0637811124324798,0.0010701124324798,NORMAL,NORMAL,NONE,MODERATE,
1929,2026-06-08 00:08:00,2026-06-08 00:09:00,60,mag_x,Ridge,314.328,227.58552948220657,-86.74247051779341,LOW_CONFIDENCE,INFO,MODEL_RELIABILITY_WARNING,LOW,Magnetic forecasting model has low predictive reliability based on walk-forward evaluation.
1930,2026-06-08 00:08:00,2026-06-08 00:09:00,60,mag_y,Ridge,89.488,233.30012389592196,143.81212389592193,LOW_CONFIDENCE,INFO,MODEL_RELIABILITY_WARNING,LOW,Magnetic forecasting model has low predictive reliability based on walk-forward evaluation.
1931,2026-06-08 00:08:00,2026-06-08 00:09:00,60,mag_z,Ridge,17.92,232.8664326913416,214.9464326913416,LOW_CONFIDENCE,INFO,MODEL_RELIABILITY_WARNING,LOW,Magnetic forecasting model has low predictive reliability based on walk-forward evaluation.
1932,2026-06-08 00:08:00,2026-06-08 00:09:00,60,temperature,Persistence,45.5,45.5,0.0,NORMAL,NORMAL,NONE,HIGH,
1926,2026-06-08 00:08:00,2026-06-08 00:09:00,60,vib_x_rms,XGBoost,0.101585,0.1075608134269714,0.0059758134269714,WARNING,MEDIUM,ELEVATED_VIBRATION,MODERATE,Predicted vibration 0.107561 exceeds warning limit 0.10
1927,2026-06-08 00:08:00,2026-06-08 00:09:00,60,vib_y_rms,XGBoost,0.161311,0.1393393725156784,-0.0219716274843216,WARNING,MEDIUM,ELEVATED_VIBRATION,MODERATE,Predicted vibration 0.139339 exceeds warning limit 0.10
1928,2026-06-08 00:08:00,2026-06-08 00:09:00,60,vib_z_rms,XGBoost,0.070299,0.0641732066869735,-0.0061257933130264,NORMAL,NORMAL,NONE,MODERATE,
1936,2026-06-08 00:08:02,2026-06-08 00:09:02,60,mag_x,Ridge,20.608,228.8177993781035,208.2097993781035,LOW_CONFIDENCE,INFO,MODEL_RELIABILITY_WARNING,LOW,Magnetic forecasting model has low predictive reliability based on walk-forward evaluation.
1937,2026-06-08 00:08:02,2026-06-08 00:09:02,60,mag_y,Ridge,377.608,238.79347984720297,-138.81452015279703,LOW_CONFIDENCE,INFO,MODEL_RELIABILITY_WARNING,LOW,Magnetic forecasting model has low predictive reliability based on walk-forward evaluation.
1938,2026-06-08 00:08:02,2026-06-08 00:09:02,60,mag_z,Ridge,200.032,223.9121412673283,23.8801412673283,LOW_CONFIDENCE,INFO,MODEL_RELIABILITY_WARNING,LOW,Magnetic forecasting model has low predictive reliability based on walk-forward evaluation.
1939,2026-06-08 00:08:02,2026-06-08 00:09:02,60,temperature,Persistence,45.5,45.5,0.0,NORMAL,NORMAL,NONE,HIGH,
1933,2026-06-08 00:08:02,2026-06-08 00:09:02,60,vib_x_rms,XGBoost,0.110023,0.1082633286714553,-0.0017596713285446,WARNING,MEDIUM,ELEVATED_VIBRATION,MODERATE,Predicted vibration 0.108263 exceeds warning limit 0.10
1934,2026-06-08 00:08:02,2026-06-08 00:09:02,60,vib_y_rms,XGBoost,0.152336,0.1395120471715927,-0.0128239528284072,WARNING,MEDIUM,ELEVATED_VIBRATION,MODERATE,Predicted vibration 0.139512 exceeds warning limit 0.10
1935,2026-06-08 00:08:02,2026-06-08 00:09:02,60,vib_z_rms,XGBoost,0.064656,0.0636983290314674,-0.0009576709685325,NORMAL,NORMAL,NONE,MODERATE,
1943,2026-06-08 00:08:03,2026-06-08 00:09:03,60,mag_x,Ridge,261.856,229.4201896586085,-32.43581034139149,LOW_CONFIDENCE,INFO,MODEL_RELIABILITY_WARNING,LOW,Magnetic forecasting model has low predictive reliability based on walk-forward evaluation.
1944,2026-06-08 00:08:03,2026-06-08 00:09:03,60,mag_y,Ridge,140.896,231.8398790929369,90.94387909293692,LOW_CONFIDENCE,INFO,MODEL_RELIABILITY_WARNING,LOW,Magnetic forecasting model has low predictive reliability based on walk-forward evaluation.
1945,2026-06-08 00:08:03,2026-06-08 00:09:03,60,mag_z,Ridge,55.874,229.7968026804552,173.9228026804552,LOW_CONFIDENCE,INFO,MODEL_RELIABILITY_WARNING,LOW,Magnetic forecasting model has low predictive reliability based on walk-forward evaluation.
1946,2026-06-08 00:08:03,2026-06-08 00:09:03,60,temperature,Persistence,45.5,45.5,0.0,NORMAL,NORMAL,NONE,HIGH,
1940,2026-06-08 00:08:03,2026-06-08 00:09:03,60,vib_x_rms,XGBoost,0.101009,0.1074483916163444,0.0064393916163444,WARNING,MEDIUM,ELEVATED_VIBRATION,MODERATE,Predicted vibration 0.107448 exceeds warning limit 0.10
1941,2026-06-08 00:08:03,2026-06-08 00:09:03,60,vib_y_rms,XGBoost,0.144395,0.1386568546295166,-0.0057381453704833,WARNING,MEDIUM,ELEVATED_VIBRATION,MODERATE,Predicted vibration 0.138657 exceeds warning limit 0.10
1942,2026-06-08 00:08:03,2026-06-08 00:09:03,60,vib_z_rms,XGBoost,0.052154,0.0638950988650322,0.0117410988650321,NORMAL,NORMAL,NONE,MODERATE,
1950,2026-06-08 00:08:05,2026-06-08 00:09:05,60,mag_x,Ridge,52.388,230.60146615384227,178.21346615384226,LOW_CONFIDENCE,INFO,MODEL_RELIABILITY_WARNING,LOW,Magnetic forecasting model has low predictive reliability based on walk-forward evaluation.
1951,2026-06-08 00:08:05,2026-06-08 00:09:05,60,mag_y,Ridge,451.444,234.0220660407955,-217.42193395920452,LOW_CONFIDENCE,INFO,MODEL_RELIABILITY_WARNING,LOW,Magnetic forecasting model has low predictive reliability based on walk-forward evaluation.
1952,2026-06-08 00:08:05,2026-06-08 00:09:05,60,mag_z,Ridge,366.772,228.559870848186,-138.212129151814,LOW_CONFIDENCE,INFO,MODEL_RELIABILITY_WARNING,LOW,Magnetic forecasting model has low predictive reliability based on walk-forward evaluation.
1953,2026-06-08 00:08:05,2026-06-08 00:09:05,60,temperature,Persistence,45.5,45.5,0.0,NORMAL,NORMAL,NONE,HIGH,
1947,2026-06-08 00:08:05,2026-06-08 00:09:05,60,vib_x_rms,XGBoost,0.104568,0.1076482981443405,0.0030802981443405,WARNING,MEDIUM,ELEVATED_VIBRATION,MODERATE,Predicted vibration 0.107648 exceeds warning limit 0.10
1948,2026-06-08 00:08:05,2026-06-08 00:09:05,60,vib_y_rms,XGBoost,0.160342,0.1399660110473632,-0.0203759889526367,WARNING,MEDIUM,ELEVATED_VIBRATION,MODERATE,Predicted vibration 0.139966 exceeds warning limit 0.10
1949,2026-06-08 00:08:05,2026-06-08 00:09:05,60,vib_z_rms,XGBoost,0.055316,0.0631624832749366,0.0078464832749366,NORMAL,NORMAL,NONE,MODERATE,
1957,2026-06-08 00:08:06,2026-06-08 00:09:06,60,mag_x,Ridge,167.818,234.22499629752272,66.40699629752271,LOW_CONFIDENCE,INFO,MODEL_RELIABILITY_WARNING,LOW,Magnetic forecasting model has low predictive reliability based on walk-forward evaluation.
1958,2026-06-08 00:08:06,2026-06-08 00:09:06,60,mag_y,Ridge,281.078,231.85933425203677,-49.21866574796323,LOW_CONFIDENCE,INFO,MODEL_RELIABILITY_WARNING,LOW,Magnetic forecasting model has low predictive reliability based on walk-forward evaluation.
1959,2026-06-08 00:08:06,2026-06-08 00:09:06,60,mag_z,Ridge,41.482,224.51557728290965,183.03357728290965,LOW_CONFIDENCE,INFO,MODEL_RELIABILITY_WARNING,LOW,Magnetic forecasting model has low predictive reliability based on walk-forward evaluation.
1960,2026-06-08 00:08:06,2026-06-08 00:09:06,60,temperature,Persistence,45.5,45.5,0.0,NORMAL,NORMAL,NONE,HIGH,
1954,2026-06-08 00:08:06,2026-06-08 00:09:06,60,vib_x_rms,XGBoost,0.108293,0.1057140529155731,-0.0025789470844268,WARNING,MEDIUM,ELEVATED_VIBRATION,MODERATE,Predicted vibration 0.105714 exceeds warning limit 0.10
1955,2026-06-08 00:08:06,2026-06-08 00:09:06,60,vib_y_rms,XGBoost,0.139299,0.1393171697854995,1.8169785499566604e-05,WARNING,MEDIUM,ELEVATED_VIBRATION,MODERATE,Predicted vibration 0.139317 exceeds warning limit 0.10
1956,2026-06-08 00:08:06,2026-06-08 00:09:06,60,vib_z_rms,XGBoost,0.063158,0.063378095626831,0.000220095626831,NORMAL,NORMAL,NONE,MODERATE,
1964,2026-06-08 00:08:07,2026-06-08 00:09:07,60,mag_x,Ridge,214.76,230.63405240506495,15.874052405064988,LOW_CONFIDENCE,INFO,MODEL_RELIABILITY_WARNING,LOW,Magnetic forecasting model has low predictive reliability based on walk-forward evaluation.
1965,2026-06-08 00:08:07,2026-06-08 00:09:07,60,mag_y,Ridge,14.49,223.5189348841085,209.02893488410845,LOW_CONFIDENCE,INFO,MODEL_RELIABILITY_WARNING,LOW,Magnetic forecasting model has low predictive reliability based on walk-forward evaluation.
1966,2026-06-08 00:08:07,2026-06-08 00:09:07,60,mag_z,Ridge,310.352,233.4361471361911,-76.91585286380888,LOW_CONFIDENCE,INFO,MODEL_RELIABILITY_WARNING,LOW,Magnetic forecasting model has low predictive reliability based on walk-forward evaluation.
1967,2026-06-08 00:08:07,2026-06-08 00:09:07,60,temperature,Persistence,45.5,45.5,0.0,NORMAL,NORMAL,NONE,HIGH,
1961,2026-06-08 00:08:07,2026-06-08 00:09:07,60,vib_x_rms,XGBoost,0.106524,0.1068053990602493,0.0002813990602493,WARNING,MEDIUM,ELEVATED_VIBRATION,MODERATE,Predicted vibration 0.106805 exceeds warning limit 0.10
1962,2026-06-08 00:08:07,2026-06-08 00:09:07,60,vib_y_rms,XGBoost,0.169358,0.1389376670122146,-0.0304203329877853,WARNING,MEDIUM,ELEVATED_VIBRATION,MODERATE,Predicted vibration 0.138938 exceeds warning limit 0.10
1963,2026-06-08 00:08:07,2026-06-08 00:09:07,60,vib_z_rms,XGBoost,0.062705,0.0637292116880416,0.0010242116880416,NORMAL,NORMAL,NONE,MODERATE,
1971,2026-06-08 00:08:09,2026-06-08 00:09:09,60,mag_x,Ridge,1.344,231.1797893855062,229.83578938550625,LOW_CONFIDENCE,INFO,MODEL_RELIABILITY_WARNING,LOW,Magnetic forecasting model has low predictive reliability based on walk-forward evaluation.
1972,2026-06-08 00:08:09,2026-06-08 00:09:09,60,mag_y,Ridge,373.73,229.9971854292654,-143.73281457073463,LOW_CONFIDENCE,INFO,MODEL_RELIABILITY_WARNING,LOW,Magnetic forecasting model has low predictive reliability based on walk-forward evaluation.
1973,2026-06-08 00:08:09,2026-06-08 00:09:09,60,mag_z,Ridge,186.69,227.90136272260617,41.21136272260617,LOW_CONFIDENCE,INFO,MODEL_RELIABILITY_WARNING,LOW,Magnetic forecasting model has low predictive reliability based on walk-forward evaluation.
1974,2026-06-08 00:08:09,2026-06-08 00:09:09,60,temperature,Persistence,45.5,45.5,0.0,NORMAL,NORMAL,NONE,HIGH,
1968,2026-06-08 00:08:09,2026-06-08 00:09:09,60,vib_x_rms,XGBoost,0.11368,0.1088826656341552,-0.0047973343658447,WARNING,MEDIUM,ELEVATED_VIBRATION,MODERATE,Predicted vibration 0.108883 exceeds warning limit 0.10
1969,2026-06-08 00:08:09,2026-06-08 00:09:09,60,vib_y_rms,XGBoost,0.159079,0.1409300863742828,-0.0181489136257171,WARNING,MEDIUM,ELEVATED_VIBRATION,MODERATE,Predicted vibration 0.140930 exceeds warning limit 0.10
1970,2026-06-08 00:08:09,2026-06-08 00:09:09,60,vib_z_rms,XGBoost,0.070577,0.0636592060327529,-0.006917793967247,NORMAL,NORMAL,NONE,MODERATE,
1978,2026-06-08 00:08:10,2026-06-08 00:09:10,60,mag_x,Ridge,292.222,231.33250419182403,-60.88949580817595,LOW_CONFIDENCE,INFO,MODEL_RELIABILITY_WARNING,LOW,Magnetic forecasting model has low predictive reliability based on walk-forward evaluation.
1979,2026-06-08 00:08:10,2026-06-08 00:09:10,60,mag_y,Ridge,54.11,222.40789287562535,168.2978928756254,LOW_CONFIDENCE,INFO,MODEL_RELIABILITY_WARNING,LOW,Magnetic forecasting model has low predictive reliability based on walk-forward evaluation.
1980,2026-06-08 00:08:10,2026-06-08 00:09:10,60,mag_z,Ridge,212.142,226.23148430092837,14.089484300928348,LOW_CONFIDENCE,INFO,MODEL_RELIABILITY_WARNING,LOW,Magnetic forecasting model has low predictive reliability based on walk-forward evaluation.
1981,2026-06-08 00:08:10,2026-06-08 00:09:10,60,temperature,Persistence,45.5,45.5,0.0,NORMAL,NORMAL,NONE,HIGH,
1975,2026-06-08 00:08:10,2026-06-08 00:09:10,60,vib_x_rms,XGBoost,0.098163,0.1082771122455596,0.0101141122455596,WARNING,MEDIUM,ELEVATED_VIBRATION,MODERATE,Predicted vibration 0.108277 exceeds warning limit 0.10
1976,2026-06-08 00:08:10,2026-06-08 00:09:10,60,vib_y_rms,XGBoost,0.131985,0.1399198919534683,0.0079348919534683,WARNING,MEDIUM,ELEVATED_VIBRATION,MODERATE,Predicted vibration 0.139920 exceeds warning limit 0.10
1977,2026-06-08 00:08:10,2026-06-08 00:09:10,60,vib_z_rms,XGBoost,0.071102,0.0635173097252845,-0.0075846902747154,NORMAL,NORMAL,NONE,MODERATE,
1985,2026-06-08 00:08:12,2026-06-08 00:09:12,60,mag_x,Ridge,95.382,224.17913303433787,128.79713303433786,LOW_CONFIDENCE,INFO,MODEL_RELIABILITY_WARNING,LOW,Magnetic forecasting model has low predictive reliability based on walk-forward evaluation.
1986,2026-06-08 00:08:12,2026-06-08 00:09:12,60,mag_y,Ridge,144.676,234.1430539789868,89.4670539789868,LOW_CONFIDENCE,INFO,MODEL_RELIABILITY_WARNING,LOW,Magnetic forecasting model has low predictive reliability based on walk-forward evaluation.
1987,2026-06-08 00:08:12,2026-06-08 00:09:12,60,mag_z,Ridge,7.77,230.91258239283823,223.14258239283825,LOW_CONFIDENCE,INFO,MODEL_RELIABILITY_WARNING,LOW,Magnetic forecasting model has low predictive reliability based on walk-forward evaluation.
1988,2026-06-08 00:08:12,2026-06-08 00:09:12,60,temperature,Persistence,45.5,45.5,0.0,NORMAL,NORMAL,NONE,HIGH,
1982,2026-06-08 00:08:12,2026-06-08 00:09:12,60,vib_x_rms,XGBoost,0.095457,0.1070349365472793,0.0115779365472793,WARNING,MEDIUM,ELEVATED_VIBRATION,MODERATE,Predicted vibration 0.107035 exceeds warning limit 0.10
1983,2026-06-08 00:08:12,2026-06-08 00:09:12,60,vib_y_rms,XGBoost,0.130914,0.1413265466690063,0.0104125466690063,WARNING,MEDIUM,ELEVATED_VIBRATION,MODERATE,Predicted vibration 0.141327 exceeds warning limit 0.10
1984,2026-06-08 00:08:12,2026-06-08 00:09:12,60,vib_z_rms,XGBoost,0.063603,0.0639028921723365,0.0002998921723365,NORMAL,NORMAL,NONE,MODERATE,
1992,2026-06-08 00:08:13,2026-06-08 00:09:13,60,mag_x,Ridge,191.646,230.11291119198248,38.46691119198249,LOW_CONFIDENCE,INFO,MODEL_RELIABILITY_WARNING,LOW,Magnetic forecasting model has low predictive reliability based on walk-forward evaluation.
1993,2026-06-08 00:08:13,2026-06-08 00:09:13,60,mag_y,Ridge,250.236,228.19578399729684,-22.040216002703147,LOW_CONFIDENCE,INFO,MODEL_RELIABILITY_WARNING,LOW,Magnetic forecasting model has low predictive reliability based on walk-forward evaluation.
1994,2026-06-08 00:08:13,2026-06-08 00:09:13,60,mag_z,Ridge,248.402,233.88423249198,-14.517767508020029,LOW_CONFIDENCE,INFO,MODEL_RELIABILITY_WARNING,LOW,Magnetic forecasting model has low predictive reliability based on walk-forward evaluation.
1995,2026-06-08 00:08:13,2026-06-08 00:09:13,60,temperature,Persistence,45.5,45.5,0.0,NORMAL,NORMAL,NONE,HIGH,
1989,2026-06-08 00:08:13,2026-06-08 00:09:13,60,vib_x_rms,XGBoost,0.120613,0.1068929284811019,-0.013720071518898,WARNING,MEDIUM,ELEVATED_VIBRATION,MODERATE,Predicted vibration 0.106893 exceeds warning limit 0.10
1990,2026-06-08 00:08:13,2026-06-08 00:09:13,60,vib_y_rms,XGBoost,0.12783,0.1411799639463424,0.0133499639463424,WARNING,MEDIUM,ELEVATED_VIBRATION,MODERATE,Predicted vibration 0.141180 exceeds warning limit 0.10
1991,2026-06-08 00:08:13,2026-06-08 00:09:13,60,vib_z_rms,XGBoost,0.070632,0.0639662593603134,-0.0066657406396865,NORMAL,NORMAL,NONE,MODERATE,
1999,2026-06-08 00:08:15,2026-06-08 00:09:15,60,mag_x,Ridge,341.488,227.49263686956357,-113.99536313043646,LOW_CONFIDENCE,INFO,MODEL_RELIABILITY_WARNING,LOW,Magnetic forecasting model has low predictive reliability based on walk-forward evaluation.
2000,2026-06-08 00:08:15,2026-06-08 00:09:15,60,mag_y,Ridge,142.296,229.0466981860405,86.75069818604052,LOW_CONFIDENCE,INFO,MODEL_RELIABILITY_WARNING,LOW,Magnetic forecasting model has low predictive reliability based on walk-forward evaluation.
2001,2026-06-08 00:08:15,2026-06-08 00:09:15,60,mag_z,Ridge,22.708,231.2969050733348,208.5889050733348,LOW_CONFIDENCE,INFO,MODEL_RELIABILITY_WARNING,LOW,Magnetic forecasting model has low predictive reliability based on walk-forward evaluation.
2002,2026-06-08 00:08:15,2026-06-08 00:09:15,60,temperature,Persistence,45.5,45.5,0.0,NORMAL,NORMAL,NONE,HIGH,
1996,2026-06-08 00:08:15,2026-06-08 00:09:15,60,vib_x_rms,XGBoost,0.10875,0.1069269254803657,-0.0018230745196342,WARNING,MEDIUM,ELEVATED_VIBRATION,MODERATE,Predicted vibration 0.106927 exceeds warning limit 0.10
1997,2026-06-08 00:08:15,2026-06-08 00:09:15,60,vib_y_rms,XGBoost,0.133481,0.1416463404893875,0.0081653404893875,WARNING,MEDIUM,ELEVATED_VIBRATION,MODERATE,Predicted vibration 0.141646 exceeds warning limit 0.10
1998,2026-06-08 00:08:15,2026-06-08 00:09:15,60,vib_z_rms,XGBoost,0.070194,0.0635652020573616,-0.0066287979426384,NORMAL,NORMAL,NONE,MODERATE,
2006,2026-06-08 00:08:16,2026-06-08 00:09:16,60,mag_x,Ridge,153.454,228.19642056774208,74.74242056774207,LOW_CONFIDENCE,INFO,MODEL_RELIABILITY_WARNING,LOW,Magnetic forecasting model has low predictive reliability based on walk-forward evaluation.
2007,2026-06-08 00:08:16,2026-06-08 00:09:16,60,mag_y,Ridge,375.466,230.70121218944595,-144.76478781055405,LOW_CONFIDENCE,INFO,MODEL_RELIABILITY_WARNING,LOW,Magnetic forecasting model has low predictive reliability based on walk-forward evaluation.
2008,2026-06-08 00:08:16,2026-06-08 00:09:16,60,mag_z,Ridge,46.046,236.3139278993488,190.2679278993488,LOW_CONFIDENCE,INFO,MODEL_RELIABILITY_WARNING,LOW,Magnetic forecasting model has low predictive reliability based on walk-forward evaluation.
2009,2026-06-08 00:08:16,2026-06-08 00:09:16,60,temperature,Persistence,45.5,45.5,0.0,NORMAL,NORMAL,NONE,HIGH,
2003,2026-06-08 00:08:16,2026-06-08 00:09:16,60,vib_x_rms,XGBoost,0.106646,0.1067630425095558,0.0001170425095558,WARNING,MEDIUM,ELEVATED_VIBRATION,MODERATE,Predicted vibration 0.106763 exceeds warning limit 0.10
2004,2026-06-08 00:08:16,2026-06-08 00:09:16,60,vib_y_rms,XGBoost,0.131678,0.1416664272546768,0.0099884272546768,WARNING,MEDIUM,ELEVATED_VIBRATION,MODERATE,Predicted vibration 0.141666 exceeds warning limit 0.10
2005,2026-06-08 00:08:16,2026-06-08 00:09:16,60,vib_z_rms,XGBoost,0.071818,0.0637509003281593,-0.0080670996718406,NORMAL,NORMAL,NONE,MODERATE,
2013,2026-06-08 00:08:17,2026-06-08 00:09:17,60,mag_x,Ridge,368.704,228.73207536261705,-139.97192463738295,LOW_CONFIDENCE,INFO,MODEL_RELIABILITY_WARNING,LOW,Magnetic forecasting model has low predictive reliability based on walk-forward evaluation.
2014,2026-06-08 00:08:17,2026-06-08 00:09:17,60,mag_y,Ridge,170.73,222.00595785555612,51.27595785555616,LOW_CONFIDENCE,INFO,MODEL_RELIABILITY_WARNING,LOW,Magnetic forecasting model has low predictive reliability based on walk-forward evaluation.
2015,2026-06-08 00:08:17,2026-06-08 00:09:17,60,mag_z,Ridge,199.752,233.7660907874511,34.014090787451096,LOW_CONFIDENCE,INFO,MODEL_RELIABILITY_WARNING,LOW,Magnetic forecasting model has low predictive reliability based on walk-forward evaluation.
2016,2026-06-08 00:08:17,2026-06-08 00:09:17,60,temperature,Persistence,45.5,45.5,0.0,NORMAL,NORMAL,NONE,HIGH,
2010,2026-06-08 00:08:17,2026-06-08 00:09:17,60,vib_x_rms,XGBoost,0.096805,0.105539821088314,0.008734821088314,WARNING,MEDIUM,ELEVATED_VIBRATION,MODERATE,Predicted vibration 0.105540 exceeds warning limit 0.10
2011,2026-06-08 00:08:17,2026-06-08 00:09:17,60,vib_y_rms,XGBoost,0.137705,0.1417163908481598,0.0040113908481597,WARNING,MEDIUM,ELEVATED_VIBRATION,MODERATE,Predicted vibration 0.141716 exceeds warning limit 0.10
2012,2026-06-08 00:08:17,2026-06-08 00:09:17,60,vib_z_rms,XGBoost,0.055247,0.0643171221017837,0.0090701221017837,NORMAL,NORMAL,NONE,MODERATE,
2020,2026-06-08 00:08:19,2026-06-08 00:09:19,60,mag_x,Ridge,5.068,235.19258218525536,230.12458218525532,LOW_CONFIDENCE,INFO,MODEL_RELIABILITY_WARNING,LOW,Magnetic forecasting model has low predictive reliability based on walk-forward evaluation.
2021,2026-06-08 00:08:19,2026-06-08 00:09:19,60,mag_y,Ridge,366.324,225.12347513476436,-141.20052486523568,LOW_CONFIDENCE,INFO,MODEL_RELIABILITY_WARNING,LOW,Magnetic forecasting model has low predictive reliability based on walk-forward evaluation.
2022,2026-06-08 00:08:19,2026-06-08 00:09:19,60,mag_z,Ridge,296.016,234.53964165786584,-61.476358342134176,LOW_CONFIDENCE,INFO,MODEL_RELIABILITY_WARNING,LOW,Magnetic forecasting model has low predictive reliability based on walk-forward evaluation.
2023,2026-06-08 00:08:19,2026-06-08 00:09:19,60,temperature,Persistence,45.5,45.5,0.0,NORMAL,NORMAL,NONE,HIGH,
2017,2026-06-08 00:08:19,2026-06-08 00:09:19,60,vib_x_rms,XGBoost,0.10855,0.1053566858172416,-0.0031933141827583,WARNING,MEDIUM,ELEVATED_VIBRATION,MODERATE,Predicted vibration 0.105357 exceeds warning limit 0.10
2018,2026-06-08 00:08:19,2026-06-08 00:09:19,60,vib_y_rms,XGBoost,0.140592,0.1401664167642593,-0.0004255832357406,WARNING,MEDIUM,ELEVATED_VIBRATION,MODERATE,Predicted vibration 0.140166 exceeds warning limit 0.10
2019,2026-06-08 00:08:19,2026-06-08 00:09:19,60,vib_z_rms,XGBoost,0.060518,0.064408965408802,0.003890965408802,NORMAL,NORMAL,NONE,MODERATE,
2027,2026-06-08 00:08:20,2026-06-08 00:09:20,60,mag_x,Ridge,398.552,234.06781312833235,-164.48418687166767,LOW_CONFIDENCE,INFO,MODEL_RELIABILITY_WARNING,LOW,Magnetic forecasting model has low predictive reliability based on walk-forward evaluation.
2028,2026-06-08 00:08:20,2026-06-08 00:09:20,60,mag_y,Ridge,232.862,222.12872233673903,-10.733277663260935,LOW_CONFIDENCE,INFO,MODEL_RELIABILITY_WARNING,LOW,Magnetic forecasting model has low predictive reliability based on walk-forward evaluation.
2029,2026-06-08 00:08:20,2026-06-08 00:09:20,60,mag_z,Ridge,365.918,232.75214934249885,-133.16585065750115,LOW_CONFIDENCE,INFO,MODEL_RELIABILITY_WARNING,LOW,Magnetic forecasting model has low predictive reliability based on walk-forward evaluation.
2030,2026-06-08 00:08:20,2026-06-08 00:09:20,60,temperature,Persistence,45.5,45.5,0.0,NORMAL,NORMAL,NONE,HIGH,
2024,2026-06-08 00:08:20,2026-06-08 00:09:20,60,vib_x_rms,XGBoost,0.106351,0.1079185679554939,0.0015675679554939,WARNING,MEDIUM,ELEVATED_VIBRATION,MODERATE,Predicted vibration 0.107919 exceeds warning limit 0.10
2025,2026-06-08 00:08:20,2026-06-08 00:09:20,60,vib_y_rms,XGBoost,0.153598,0.141052633523941,-0.0125453664760589,WARNING,MEDIUM,ELEVATED_VIBRATION,MODERATE,Predicted vibration 0.141053 exceeds warning limit 0.10
2026,2026-06-08 00:08:20,2026-06-08 00:09:20,60,vib_z_rms,XGBoost,0.073336,0.0642729178071022,-0.0090630821928977,NORMAL,NORMAL,NONE,MODERATE,
2034,2026-06-08 00:08:22,2026-06-08 00:09:22,60,mag_x,Ridge,185.024,237.5644924617666,52.54049246176661,LOW_CONFIDENCE,INFO,MODEL_RELIABILITY_WARNING,LOW,Magnetic forecasting model has low predictive reliability based on walk-forward evaluation.
2035,2026-06-08 00:08:22,2026-06-08 00:09:22,60,mag_y,Ridge,270.158,229.1116733139316,-41.0463266860684,LOW_CONFIDENCE,INFO,MODEL_RELIABILITY_WARNING,LOW,Magnetic forecasting model has low predictive reliability based on walk-forward evaluation.
2036,2026-06-08 00:08:22,2026-06-08 00:09:22,60,mag_z,Ridge,28.378,227.80993113628625,199.43193113628627,LOW_CONFIDENCE,INFO,MODEL_RELIABILITY_WARNING,LOW,Magnetic forecasting model has low predictive reliability based on walk-forward evaluation.
2037,2026-06-08 00:08:22,2026-06-08 00:09:22,60,temperature,Persistence,45.5,45.5,0.0,NORMAL,NORMAL,NONE,HIGH,
2031,2026-06-08 00:08:22,2026-06-08 00:09:22,60,vib_x_rms,XGBoost,0.092556,0.108329139649868,0.015773139649868,WARNING,MEDIUM,ELEVATED_VIBRATION,MODERATE,Predicted vibration 0.108329 exceeds warning limit 0.10
2032,2026-06-08 00:08:22,2026-06-08 00:09:22,60,vib_y_rms,XGBoost,0.133953,0.140248641371727,0.006295641371727,WARNING,MEDIUM,ELEVATED_VIBRATION,MODERATE,Predicted vibration 0.140249 exceeds warning limit 0.10
2033,2026-06-08 00:08:22,2026-06-08 00:09:22,60,vib_z_rms,XGBoost,0.07253,0.0641530305147171,-0.0083769694852828,NORMAL,NORMAL,NONE,MODERATE,
2041,2026-06-08 00:08:23,2026-06-08 00:09:23,60,mag_x,Ridge,133.182,231.44614184054697,98.26414184054698,LOW_CONFIDENCE,INFO,MODEL_RELIABILITY_WARNING,LOW,Magnetic forecasting model has low predictive reliability based on walk-forward evaluation.
2042,2026-06-08 00:08:23,2026-06-08 00:09:23,60,mag_y,Ridge,278.698,233.67998993255523,-45.01801006744475,LOW_CONFIDENCE,INFO,MODEL_RELIABILITY_WARNING,LOW,Magnetic forecasting model has low predictive reliability based on walk-forward evaluation.
2043,2026-06-08 00:08:23,2026-06-08 00:09:23,60,mag_z,Ridge,396.088,231.3635343371016,-164.7244656628984,LOW_CONFIDENCE,INFO,MODEL_RELIABILITY_WARNING,LOW,Magnetic forecasting model has low predictive reliability based on walk-forward evaluation.
2044,2026-06-08 00:08:23,2026-06-08 00:09:23,60,temperature,Persistence,45.5,45.5,0.0,NORMAL,NORMAL,NONE,HIGH,
2038,2026-06-08 00:08:23,2026-06-08 00:09:23,60,vib_x_rms,XGBoost,0.085448,0.1077616289258003,0.0223136289258003,WARNING,MEDIUM,ELEVATED_VIBRATION,MODERATE,Predicted vibration 0.107762 exceeds warning limit 0.10
2039,2026-06-08 00:08:23,2026-06-08 00:09:23,60,vib_y_rms,XGBoost,0.127246,0.1392008960247039,0.0119548960247039,WARNING,MEDIUM,ELEVATED_VIBRATION,MODERATE,Predicted vibration 0.139201 exceeds warning limit 0.10
2040,2026-06-08 00:08:23,2026-06-08 00:09:23,60,vib_z_rms,XGBoost,0.062615,0.0648676380515098,0.0022526380515098,NORMAL,NORMAL,NONE,MODERATE,
2048,2026-06-08 00:08:25,2026-06-08 00:09:25,60,mag_x,Ridge,450.912,234.79413304387643,-216.11786695612355,LOW_CONFIDENCE,INFO,MODEL_RELIABILITY_WARNING,LOW,Magnetic forecasting model has low predictive reliability based on walk-forward evaluation.
2049,2026-06-08 00:08:25,2026-06-08 00:09:25,60,mag_y,Ridge,119.518,232.77139101992412,113.25339101992417,LOW_CONFIDENCE,INFO,MODEL_RELIABILITY_WARNING,LOW,Magnetic forecasting model has low predictive reliability based on walk-forward evaluation.
2050,2026-06-08 00:08:25,2026-06-08 00:09:25,60,mag_z,Ridge,425.852,232.05951883997344,-193.7924811600265,LOW_CONFIDENCE,INFO,MODEL_RELIABILITY_WARNING,LOW,Magnetic forecasting model has low predictive reliability based on walk-forward evaluation.
2051,2026-06-08 00:08:25,2026-06-08 00:09:25,60,temperature,Persistence,45.5,45.5,0.0,NORMAL,NORMAL,NONE,HIGH,
2045,2026-06-08 00:08:25,2026-06-08 00:09:25,60,vib_x_rms,XGBoost,0.107555,0.1063693016767501,-0.0011856983232498,WARNING,MEDIUM,ELEVATED_VIBRATION,MODERATE,Predicted vibration 0.106369 exceeds warning limit 0.10
2046,2026-06-08 00:08:25,2026-06-08 00:09:25,60,vib_y_rms,XGBoost,0.124875,0.1400423645973205,0.0151673645973205,WARNING,MEDIUM,ELEVATED_VIBRATION,MODERATE,Predicted vibration 0.140042 exceeds warning limit 0.10
2047,2026-06-08 00:08:25,2026-06-08 00:09:25,60,vib_z_rms,XGBoost,0.06073,0.064541682600975,0.003811682600975,NORMAL,NORMAL,NONE,MODERATE,
2055,2026-06-08 00:08:26,2026-06-08 00:09:26,60,mag_x,Ridge,58.086,236.30619497945307,178.22019497945308,LOW_CONFIDENCE,INFO,MODEL_RELIABILITY_WARNING,LOW,Magnetic forecasting model has low predictive reliability based on walk-forward evaluation.
2056,2026-06-08 00:08:26,2026-06-08 00:09:26,60,mag_y,Ridge,128.702,229.0755900497014,100.3735900497014,LOW_CONFIDENCE,INFO,MODEL_RELIABILITY_WARNING,LOW,Magnetic forecasting model has low predictive reliability based on walk-forward evaluation.
2057,2026-06-08 00:08:26,2026-06-08 00:09:26,60,mag_z,Ridge,302.33,227.44147552868736,-74.88852447131262,LOW_CONFIDENCE,INFO,MODEL_RELIABILITY_WARNING,LOW,Magnetic forecasting model has low predictive reliability based on walk-forward evaluation.
2058,2026-06-08 00:08:26,2026-06-08 00:09:26,60,temperature,Persistence,45.5,45.5,0.0,NORMAL,NORMAL,NONE,HIGH,
2052,2026-06-08 00:08:26,2026-06-08 00:09:26,60,vib_x_rms,XGBoost,0.114078,0.1059854850172996,-0.0080925149827003,WARNING,MEDIUM,ELEVATED_VIBRATION,MODERATE,Predicted vibration 0.105985 exceeds warning limit 0.10
2053,2026-06-08 00:08:26,2026-06-08 00:09:26,60,vib_y_rms,XGBoost,0.1396,0.1377633363008499,-0.00183666369915,WARNING,MEDIUM,ELEVATED_VIBRATION,MODERATE,Predicted vibration 0.137763 exceeds warning limit 0.10
2054,2026-06-08 00:08:26,2026-06-08 00:09:26,60,vib_z_rms,XGBoost,0.076696,0.0632586702704429,-0.013437329729557,NORMAL,NORMAL,NONE,MODERATE,
2062,2026-06-08 00:08:27,2026-06-08 00:09:27,60,mag_x,Ridge,449.176,233.9249986152793,-215.2510013847207,LOW_CONFIDENCE,INFO,MODEL_RELIABILITY_WARNING,LOW,Magnetic forecasting model has low predictive reliability based on walk-forward evaluation.
2063,2026-06-08 00:08:27,2026-06-08 00:09:27,60,mag_y,Ridge,244.594,235.5604569542403,-9.033543045759728,LOW_CONFIDENCE,INFO,MODEL_RELIABILITY_WARNING,LOW,Magnetic forecasting model has low predictive reliability based on walk-forward evaluation.
2064,2026-06-08 00:08:27,2026-06-08 00:09:27,60,mag_z,Ridge,293.23,227.74568261490373,-65.48431738509629,LOW_CONFIDENCE,INFO,MODEL_RELIABILITY_WARNING,LOW,Magnetic forecasting model has low predictive reliability based on walk-forward evaluation.
2065,2026-06-08 00:08:27,2026-06-08 00:09:27,60,temperature,Persistence,45.5,45.5,0.0,NORMAL,NORMAL,NONE,HIGH,
2059,2026-06-08 00:08:27,2026-06-08 00:09:27,60,vib_x_rms,XGBoost,0.137785,0.1068150475621223,-0.0309699524378776,WARNING,MEDIUM,ELEVATED_VIBRATION,MODERATE,Predicted vibration 0.106815 exceeds warning limit 0.10
2060,2026-06-08 00:08:27,2026-06-08 00:09:27,60,vib_y_rms,XGBoost,0.127555,0.1405945718288421,0.0130395718288421,WARNING,MEDIUM,ELEVATED_VIBRATION,MODERATE,Predicted vibration 0.140595 exceeds warning limit 0.10
2061,2026-06-08 00:08:27,2026-06-08 00:09:27,60,vib_z_rms,XGBoost,0.06466,0.0639286190271377,-0.0007313809728622,NORMAL,NORMAL,NONE,MODERATE,
2069,2026-06-08 00:08:29,2026-06-08 00:09:29,60,mag_x,Ridge,234.038,232.53606372456832,-1.5019362754316887,LOW_CONFIDENCE,INFO,MODEL_RELIABILITY_WARNING,LOW,Magnetic forecasting model has low predictive reliability based on walk-forward evaluation.
2070,2026-06-08 00:08:29,2026-06-08 00:09:29,60,mag_y,Ridge,439.39,231.61781575099585,-207.7721842490041,LOW_CONFIDENCE,INFO,MODEL_RELIABILITY_WARNING,LOW,Magnetic forecasting model has low predictive reliability based on walk-forward evaluation.
2071,2026-06-08 00:08:29,2026-06-08 00:09:29,60,mag_z,Ridge,134.414,219.1968165820452,84.7828165820452,LOW_CONFIDENCE,INFO,MODEL_RELIABILITY_WARNING,LOW,Magnetic forecasting model has low predictive reliability based on walk-forward evaluation.
2072,2026-06-08 00:08:29,2026-06-08 00:09:29,60,temperature,Persistence,45.5,45.5,0.0,NORMAL,NORMAL,NONE,HIGH,
2066,2026-06-08 00:08:29,2026-06-08 00:09:29,60,vib_x_rms,XGBoost,0.13205,0.1036296859383583,-0.0284203140616416,WARNING,MEDIUM,ELEVATED_VIBRATION,MODERATE,Predicted vibration 0.103630 exceeds warning limit 0.10
2067,2026-06-08 00:08:29,2026-06-08 00:09:29,60,vib_y_rms,XGBoost,0.135064,0.1387327313423156,0.0036687313423156,WARNING,MEDIUM,ELEVATED_VIBRATION,MODERATE,Predicted vibration 0.138733 exceeds warning limit 0.10
2068,2026-06-08 00:08:29,2026-06-08 00:09:29,60,vib_z_rms,XGBoost,0.055447,0.0655598938465118,0.0101128938465118,NORMAL,NORMAL,NONE,MODERATE,
2076,2026-06-08 00:08:30,2026-06-08 00:09:30,60,mag_x,Ridge,153.244,234.8285226455189,81.58452264551892,LOW_CONFIDENCE,INFO,MODEL_RELIABILITY_WARNING,LOW,Magnetic forecasting model has low predictive reliability based on walk-forward evaluation.
2077,2026-06-08 00:08:30,2026-06-08 00:09:30,60,mag_y,Ridge,201.026,231.3145879647537,30.288587964753702,LOW_CONFIDENCE,INFO,MODEL_RELIABILITY_WARNING,LOW,Magnetic forecasting model has low predictive reliability based on walk-forward evaluation.
2078,2026-06-08 00:08:30,2026-06-08 00:09:30,60,mag_z,Ridge,308.378,228.5704432844155,-79.8075567155845,LOW_CONFIDENCE,INFO,MODEL_RELIABILITY_WARNING,LOW,Magnetic forecasting model has low predictive reliability based on walk-forward evaluation.
2079,2026-06-08 00:08:30,2026-06-08 00:09:30,60,temperature,Persistence,45.5,45.5,0.0,NORMAL,NORMAL,NONE,HIGH,
2073,2026-06-08 00:08:30,2026-06-08 00:09:30,60,vib_x_rms,XGBoost,0.098736,0.1022083908319473,0.0034723908319473,WARNING,MEDIUM,ELEVATED_VIBRATION,MODERATE,Predicted vibration 0.102208 exceeds warning limit 0.10
2074,2026-06-08 00:08:30,2026-06-08 00:09:30,60,vib_y_rms,XGBoost,0.140401,0.1444189101457595,0.0040179101457595,WARNING,MEDIUM,ELEVATED_VIBRATION,MODERATE,Predicted vibration 0.144419 exceeds warning limit 0.10
2075,2026-06-08 00:08:30,2026-06-08 00:09:30,60,vib_z_rms,XGBoost,0.058597,0.0623451471328735,0.0037481471328735,NORMAL,NORMAL,NONE,MODERATE,
2083,2026-06-08 00:08:32,2026-06-08 00:09:32,60,mag_x,Ridge,189.084,227.236359583427,38.152359583427,LOW_CONFIDENCE,INFO,MODEL_RELIABILITY_WARNING,LOW,Magnetic forecasting model has low predictive reliability based on walk-forward evaluation.
2084,2026-06-08 00:08:32,2026-06-08 00:09:32,60,mag_y,Ridge,322.112,241.74254783758545,-80.3694521624146,LOW_CONFIDENCE,INFO,MODEL_RELIABILITY_WARNING,LOW,Magnetic forecasting model has low predictive reliability based on walk-forward evaluation.
2085,2026-06-08 00:08:32,2026-06-08 00:09:32,60,mag_z,Ridge,297.542,228.37408974093236,-69.16791025906764,LOW_CONFIDENCE,INFO,MODEL_RELIABILITY_WARNING,LOW,Magnetic forecasting model has low predictive reliability based on walk-forward evaluation.
2086,2026-06-08 00:08:32,2026-06-08 00:09:32,60,temperature,Persistence,45.5,45.5,0.0,NORMAL,NORMAL,NONE,HIGH,
2080,2026-06-08 00:08:32,2026-06-08 00:09:32,60,vib_x_rms,XGBoost,0.094045,0.1038179621100425,0.0097729621100425,WARNING,MEDIUM,ELEVATED_VIBRATION,MODERATE,Predicted vibration 0.103818 exceeds warning limit 0.10
2081,2026-06-08 00:08:32,2026-06-08 00:09:32,60,vib_y_rms,XGBoost,0.139753,0.1378829777240753,-0.0018700222759246,WARNING,MEDIUM,ELEVATED_VIBRATION,MODERATE,Predicted vibration 0.137883 exceeds warning limit 0.10
2082,2026-06-08 00:08:32,2026-06-08 00:09:32,60,vib_z_rms,XGBoost,0.06022,0.0629398673772811,0.0027198673772811,NORMAL,NORMAL,NONE,MODERATE,
2090,2026-06-08 00:08:33,2026-06-08 00:09:33,60,mag_x,Ridge,255.99,231.5504365477698,-24.439563452230203,LOW_CONFIDENCE,INFO,MODEL_RELIABILITY_WARNING,LOW,Magnetic forecasting model has low predictive reliability based on walk-forward evaluation.
2091,2026-06-08 00:08:33,2026-06-08 00:09:33,60,mag_y,Ridge,169.428,232.88748874844472,63.45948874844473,LOW_CONFIDENCE,INFO,MODEL_RELIABILITY_WARNING,LOW,Magnetic forecasting model has low predictive reliability based on walk-forward evaluation.
2092,2026-06-08 00:08:33,2026-06-08 00:09:33,60,mag_z,Ridge,318.836,234.5201541306024,-84.3158458693976,LOW_CONFIDENCE,INFO,MODEL_RELIABILITY_WARNING,LOW,Magnetic forecasting model has low predictive reliability based on walk-forward evaluation.
2093,2026-06-08 00:08:33,2026-06-08 00:09:33,60,temperature,Persistence,45.5,45.5,0.0,NORMAL,NORMAL,NONE,HIGH,
2087,2026-06-08 00:08:33,2026-06-08 00:09:33,60,vib_x_rms,XGBoost,0.094046,0.1043896004557609,0.0103436004557609,WARNING,MEDIUM,ELEVATED_VIBRATION,MODERATE,Predicted vibration 0.104390 exceeds warning limit 0.10
2088,2026-06-08 00:08:33,2026-06-08 00:09:33,60,vib_y_rms,XGBoost,0.139164,0.1399378627538681,0.000773862753868,WARNING,MEDIUM,ELEVATED_VIBRATION,MODERATE,Predicted vibration 0.139938 exceeds warning limit 0.10
2089,2026-06-08 00:08:33,2026-06-08 00:09:33,60,vib_z_rms,XGBoost,0.055691,0.0629720687866211,0.007281068786621,NORMAL,NORMAL,NONE,MODERATE,
2097,2026-06-08 00:08:35,2026-06-08 00:09:35,60,mag_x,Ridge,455.322,227.3076242215882,-228.0143757784118,LOW_CONFIDENCE,INFO,MODEL_RELIABILITY_WARNING,LOW,Magnetic forecasting model has low predictive reliability based on walk-forward evaluation.
2098,2026-06-08 00:08:35,2026-06-08 00:09:35,60,mag_y,Ridge,290.038,237.63831309219685,-52.39968690780316,LOW_CONFIDENCE,INFO,MODEL_RELIABILITY_WARNING,LOW,Magnetic forecasting model has low predictive reliability based on walk-forward evaluation.
2099,2026-06-08 00:08:35,2026-06-08 00:09:35,60,mag_z,Ridge,12.74,226.7253452266089,213.9853452266089,LOW_CONFIDENCE,INFO,MODEL_RELIABILITY_WARNING,LOW,Magnetic forecasting model has low predictive reliability based on walk-forward evaluation.
2100,2026-06-08 00:08:35,2026-06-08 00:09:35,60,temperature,Persistence,45.5,45.5,0.0,NORMAL,NORMAL,NONE,HIGH,
2094,2026-06-08 00:08:35,2026-06-08 00:09:35,60,vib_x_rms,XGBoost,0.110686,0.1057568490505218,-0.0049291509494781,WARNING,MEDIUM,ELEVATED_VIBRATION,MODERATE,Predicted vibration 0.105757 exceeds warning limit 0.10
2095,2026-06-08 00:08:35,2026-06-08 00:09:35,60,vib_y_rms,XGBoost,0.148567,0.1372337639331817,-0.0113332360668182,WARNING,MEDIUM,ELEVATED_VIBRATION,MODERATE,Predicted vibration 0.137234 exceeds warning limit 0.10
2096,2026-06-08 00:08:35,2026-06-08 00:09:35,60,vib_z_rms,XGBoost,0.061215,0.0628985092043876,0.0016835092043876,NORMAL,NORMAL,NONE,MODERATE,
2104,2026-06-08 00:08:36,2026-06-08 00:09:36,60,mag_x,Ridge,172.676,225.735478183369,53.05947818336901,LOW_CONFIDENCE,INFO,MODEL_RELIABILITY_WARNING,LOW,Magnetic forecasting model has low predictive reliability based on walk-forward evaluation.
2105,2026-06-08 00:08:36,2026-06-08 00:09:36,60,mag_y,Ridge,66.626,228.85570038468867,162.22970038468867,LOW_CONFIDENCE,INFO,MODEL_RELIABILITY_WARNING,LOW,Magnetic forecasting model has low predictive reliability based on walk-forward evaluation.
2106,2026-06-08 00:08:36,2026-06-08 00:09:36,60,mag_z,Ridge,68.124,223.5939886053671,155.4699886053671,LOW_CONFIDENCE,INFO,MODEL_RELIABILITY_WARNING,LOW,Magnetic forecasting model has low predictive reliability based on walk-forward evaluation.
2107,2026-06-08 00:08:36,2026-06-08 00:09:36,60,temperature,Persistence,45.5,45.5,0.0,NORMAL,NORMAL,NONE,HIGH,
2101,2026-06-08 00:08:36,2026-06-08 00:09:36,60,vib_x_rms,XGBoost,0.096189,0.1044849529862403,0.0082959529862403,WARNING,MEDIUM,ELEVATED_VIBRATION,MODERATE,Predicted vibration 0.104485 exceeds warning limit 0.10
2102,2026-06-08 00:08:36,2026-06-08 00:09:36,60,vib_y_rms,XGBoost,0.134703,0.1371495723724365,0.0024465723724365,WARNING,MEDIUM,ELEVATED_VIBRATION,MODERATE,Predicted vibration 0.137150 exceeds warning limit 0.10
2103,2026-06-08 00:08:36,2026-06-08 00:09:36,60,vib_z_rms,XGBoost,0.065032,0.0618635900318622,-0.0031684099681377,NORMAL,NORMAL,NONE,MODERATE,
2111,2026-06-08 00:08:37,2026-06-08 00:09:37,60,mag_x,Ridge,173.054,225.27780476516435,52.223804765164346,LOW_CONFIDENCE,INFO,MODEL_RELIABILITY_WARNING,LOW,Magnetic forecasting model has low predictive reliability based on walk-forward evaluation.
2112,2026-06-08 00:08:37,2026-06-08 00:09:37,60,mag_y,Ridge,134.946,238.45246362688803,103.50646362688803,LOW_CONFIDENCE,INFO,MODEL_RELIABILITY_WARNING,LOW,Magnetic forecasting model has low predictive reliability based on walk-forward evaluation.
2113,2026-06-08 00:08:37,2026-06-08 00:09:37,60,mag_z,Ridge,3.822,232.76345446565372,228.94145446565372,LOW_CONFIDENCE,INFO,MODEL_RELIABILITY_WARNING,LOW,Magnetic forecasting model has low predictive reliability based on walk-forward evaluation.
2114,2026-06-08 00:08:37,2026-06-08 00:09:37,60,temperature,Persistence,45.5,45.5,0.0,NORMAL,NORMAL,NONE,HIGH,
2108,2026-06-08 00:08:37,2026-06-08 00:09:37,60,vib_x_rms,XGBoost,0.097145,0.1031234413385391,0.0059784413385391,WARNING,MEDIUM,ELEVATED_VIBRATION,MODERATE,Predicted vibration 0.103123 exceeds warning limit 0.10
2109,2026-06-08 00:08:37,2026-06-08 00:09:37,60,vib_y_rms,XGBoost,0.127246,0.1348453760147094,0.0075993760147094,WARNING,MEDIUM,ELEVATED_VIBRATION,MODERATE,Predicted vibration 0.134845 exceeds warning limit 0.10
2110,2026-06-08 00:08:37,2026-06-08 00:09:37,60,vib_z_rms,XGBoost,0.057837,0.0647128298878669,0.0068758298878669,NORMAL,NORMAL,NONE,MODERATE,
2118,2026-06-08 00:08:39,2026-06-08 00:09:39,60,mag_x,Ridge,432.208,224.47371093116888,-207.73428906883117,LOW_CONFIDENCE,INFO,MODEL_RELIABILITY_WARNING,LOW,Magnetic forecasting model has low predictive reliability based on walk-forward evaluation.
2119,2026-06-08 00:08:39,2026-06-08 00:09:39,60,mag_y,Ridge,402.556,235.26792091188744,-167.28807908811254,LOW_CONFIDENCE,INFO,MODEL_RELIABILITY_WARNING,LOW,Magnetic forecasting model has low predictive reliability based on walk-forward evaluation.
2120,2026-06-08 00:08:39,2026-06-08 00:09:39,60,mag_z,Ridge,325.542,232.2427250244617,-93.29927497553832,LOW_CONFIDENCE,INFO,MODEL_RELIABILITY_WARNING,LOW,Magnetic forecasting model has low predictive reliability based on walk-forward evaluation.
2121,2026-06-08 00:08:39,2026-06-08 00:09:39,60,temperature,Persistence,45.5,45.5,0.0,NORMAL,NORMAL,NONE,HIGH,
2115,2026-06-08 00:08:39,2026-06-08 00:09:39,60,vib_x_rms,XGBoost,0.113477,0.1051322147250175,-0.0083447852749824,WARNING,MEDIUM,ELEVATED_VIBRATION,MODERATE,Predicted vibration 0.105132 exceeds warning limit 0.10
2116,2026-06-08 00:08:39,2026-06-08 00:09:39,60,vib_y_rms,XGBoost,0.137934,0.1354569345712661,-0.0024770654287338,WARNING,MEDIUM,ELEVATED_VIBRATION,MODERATE,Predicted vibration 0.135457 exceeds warning limit 0.10
2117,2026-06-08 00:08:39,2026-06-08 00:09:39,60,vib_z_rms,XGBoost,0.0632,0.0628752410411834,-0.0003247589588165,NORMAL,NORMAL,NONE,MODERATE,
2125,2026-06-08 00:08:40,2026-06-08 00:09:40,60,mag_x,Ridge,399.112,227.18243650883576,-171.92956349116426,LOW_CONFIDENCE,INFO,MODEL_RELIABILITY_WARNING,LOW,Magnetic forecasting model has low predictive reliability based on walk-forward evaluation.
2126,2026-06-08 00:08:40,2026-06-08 00:09:40,60,mag_y,Ridge,131.838,231.07525927346805,99.23725927346806,LOW_CONFIDENCE,INFO,MODEL_RELIABILITY_WARNING,LOW,Magnetic forecasting model has low predictive reliability based on walk-forward evaluation.
2127,2026-06-08 00:08:40,2026-06-08 00:09:40,60,mag_z,Ridge,307.398,228.5280030455484,-78.86999695445166,LOW_CONFIDENCE,INFO,MODEL_RELIABILITY_WARNING,LOW,Magnetic forecasting model has low predictive reliability based on walk-forward evaluation.
2128,2026-06-08 00:08:40,2026-06-08 00:09:40,60,temperature,Persistence,45.5,45.5,0.0,NORMAL,NORMAL,NONE,HIGH,
2122,2026-06-08 00:08:40,2026-06-08 00:09:40,60,vib_x_rms,XGBoost,0.115439,0.103571817278862,-0.011867182721138,WARNING,MEDIUM,ELEVATED_VIBRATION,MODERATE,Predicted vibration 0.103572 exceeds warning limit 0.10
2123,2026-06-08 00:08:40,2026-06-08 00:09:40,60,vib_y_rms,XGBoost,0.128254,0.1355364918708801,0.0072824918708801,WARNING,MEDIUM,ELEVATED_VIBRATION,MODERATE,Predicted vibration 0.135536 exceeds warning limit 0.10
2124,2026-06-08 00:08:40,2026-06-08 00:09:40,60,vib_z_rms,XGBoost,0.055566,0.0652201250195503,0.0096541250195503,NORMAL,NORMAL,NONE,MODERATE,
2132,2026-06-08 00:08:42,2026-06-08 00:09:42,60,mag_x,Ridge,354.046,222.48448744836085,-131.56151255163914,LOW_CONFIDENCE,INFO,MODEL_RELIABILITY_WARNING,LOW,Magnetic forecasting model has low predictive reliability based on walk-forward evaluation.
2133,2026-06-08 00:08:42,2026-06-08 00:09:42,60,mag_y,Ridge,25.606,221.0387425907239,195.4327425907239,LOW_CONFIDENCE,INFO,MODEL_RELIABILITY_WARNING,LOW,Magnetic forecasting model has low predictive reliability based on walk-forward evaluation.
2134,2026-06-08 00:08:42,2026-06-08 00:09:42,60,mag_z,Ridge,115.542,222.6127474715352,107.0707474715352,LOW_CONFIDENCE,INFO,MODEL_RELIABILITY_WARNING,LOW,Magnetic forecasting model has low predictive reliability based on walk-forward evaluation.
2135,2026-06-08 00:08:42,2026-06-08 00:09:42,60,temperature,Persistence,45.5,45.5,0.0,NORMAL,NORMAL,NONE,HIGH,
2129,2026-06-08 00:08:42,2026-06-08 00:09:42,60,vib_x_rms,XGBoost,0.113677,0.1039681732654571,-0.0097088267345428,WARNING,MEDIUM,ELEVATED_VIBRATION,MODERATE,Predicted vibration 0.103968 exceeds warning limit 0.10
2130,2026-06-08 00:08:42,2026-06-08 00:09:42,60,vib_y_rms,XGBoost,0.155736,0.1390088945627212,-0.0167271054372787,WARNING,MEDIUM,ELEVATED_VIBRATION,MODERATE,Predicted vibration 0.139009 exceeds warning limit 0.10
2131,2026-06-08 00:08:42,2026-06-08 00:09:42,60,vib_z_rms,XGBoost,0.06147,0.0652386024594307,0.0037686024594306,NORMAL,NORMAL,NONE,MODERATE,
2139,2026-06-08 00:08:43,2026-06-08 00:09:43,60,mag_x,Ridge,308.322,224.3735387097425,-83.94846129025754,LOW_CONFIDENCE,INFO,MODEL_RELIABILITY_WARNING,LOW,Magnetic forecasting model has low predictive reliability based on walk-forward evaluation.
2140,2026-06-08 00:08:43,2026-06-08 00:09:43,60,mag_y,Ridge,284.732,226.98245229239575,-57.74954770760425,LOW_CONFIDENCE,INFO,MODEL_RELIABILITY_WARNING,LOW,Magnetic forecasting model has low predictive reliability based on walk-forward evaluation.
2141,2026-06-08 00:08:43,2026-06-08 00:09:43,60,mag_z,Ridge,169.008,222.8099925117836,53.8019925117836,LOW_CONFIDENCE,INFO,MODEL_RELIABILITY_WARNING,LOW,Magnetic forecasting model has low predictive reliability based on walk-forward evaluation.
2142,2026-06-08 00:08:43,2026-06-08 00:09:43,60,temperature,Persistence,45.5,45.5,0.0,NORMAL,NORMAL,NONE,HIGH,
2136,2026-06-08 00:08:43,2026-06-08 00:09:43,60,vib_x_rms,XGBoost,0.129836,0.106684885919094,-0.0231511140809059,WARNING,MEDIUM,ELEVATED_VIBRATION,MODERATE,Predicted vibration 0.106685 exceeds warning limit 0.10
2137,2026-06-08 00:08:43,2026-06-08 00:09:43,60,vib_y_rms,XGBoost,0.129373,0.1404569745063781,0.0110839745063781,WARNING,MEDIUM,ELEVATED_VIBRATION,MODERATE,Predicted vibration 0.140457 exceeds warning limit 0.10
2138,2026-06-08 00:08:43,2026-06-08 00:09:43,60,vib_z_rms,XGBoost,0.067927,0.0644518807530403,-0.0034751192469596,NORMAL,NORMAL,NONE,MODERATE,
2146,2026-06-08 00:08:45,2026-06-08 00:09:45,60,mag_x,Ridge,312.368,227.79587950869453,-84.57212049130547,LOW_CONFIDENCE,INFO,MODEL_RELIABILITY_WARNING,LOW,Magnetic forecasting model has low predictive reliability based on walk-forward evaluation.
2147,2026-06-08 00:08:45,2026-06-08 00:09:45,60,mag_y,Ridge,419.216,225.3624009005085,-193.8535990994915,LOW_CONFIDENCE,INFO,MODEL_RELIABILITY_WARNING,LOW,Magnetic forecasting model has low predictive reliability based on walk-forward evaluation.
2148,2026-06-08 00:08:45,2026-06-08 00:09:45,60,mag_z,Ridge,284.592,228.0660929603908,-56.5259070396092,LOW_CONFIDENCE,INFO,MODEL_RELIABILITY_WARNING,LOW,Magnetic forecasting model has low predictive reliability based on walk-forward evaluation.
2149,2026-06-08 00:08:45,2026-06-08 00:09:45,60,temperature,Persistence,45.5,45.5,0.0,NORMAL,NORMAL,NONE,HIGH,
2143,2026-06-08 00:08:45,2026-06-08 00:09:45,60,vib_x_rms,XGBoost,0.104929,0.1039610728621482,-0.0009679271378517,WARNING,MEDIUM,ELEVATED_VIBRATION,MODERATE,Predicted vibration 0.103961 exceeds warning limit 0.10
2144,2026-06-08 00:08:45,2026-06-08 00:09:45,60,vib_y_rms,XGBoost,0.143861,0.1390218436717987,-0.0048391563282012,WARNING,MEDIUM,ELEVATED_VIBRATION,MODERATE,Predicted vibration 0.139022 exceeds warning limit 0.10
2145,2026-06-08 00:08:45,2026-06-08 00:09:45,60,vib_z_rms,XGBoost,0.058201,0.0625254362821579,0.0043244362821578,NORMAL,NORMAL,NONE,MODERATE,
2153,2026-06-08 00:08:46,2026-06-08 00:09:46,60,mag_x,Ridge,107.128,231.4979918417787,124.36999184177871,LOW_CONFIDENCE,INFO,MODEL_RELIABILITY_WARNING,LOW,Magnetic forecasting model has low predictive reliability based on walk-forward evaluation.
2154,2026-06-08 00:08:46,2026-06-08 00:09:46,60,mag_y,Ridge,309.064,225.1454678269693,-83.91853217303068,LOW_CONFIDENCE,INFO,MODEL_RELIABILITY_WARNING,LOW,Magnetic forecasting model has low predictive reliability based on walk-forward evaluation.
2155,2026-06-08 00:08:46,2026-06-08 00:09:46,60,mag_z,Ridge,184.982,229.0746025371412,44.092602537141175,LOW_CONFIDENCE,INFO,MODEL_RELIABILITY_WARNING,LOW,Magnetic forecasting model has low predictive reliability based on walk-forward evaluation.
2156,2026-06-08 00:08:46,2026-06-08 00:09:46,60,temperature,Persistence,45.5,45.5,0.0,NORMAL,NORMAL,NONE,HIGH,
2150,2026-06-08 00:08:46,2026-06-08 00:09:46,60,vib_x_rms,XGBoost,0.089433,0.1078801825642585,0.0184471825642585,WARNING,MEDIUM,ELEVATED_VIBRATION,MODERATE,Predicted vibration 0.107880 exceeds warning limit 0.10
2151,2026-06-08 00:08:46,2026-06-08 00:09:46,60,vib_y_rms,XGBoost,0.147042,0.1409421116113662,-0.0060998883886337,WARNING,MEDIUM,ELEVATED_VIBRATION,MODERATE,Predicted vibration 0.140942 exceeds warning limit 0.10
2152,2026-06-08 00:08:46,2026-06-08 00:09:46,60,vib_z_rms,XGBoost,0.055761,0.0633577480912208,0.0075967480912208,NORMAL,NORMAL,NONE,MODERATE,
2160,2026-06-08 00:08:47,2026-06-08 00:09:47,60,mag_x,Ridge,144.55,226.9385275116836,82.38852751168358,LOW_CONFIDENCE,INFO,MODEL_RELIABILITY_WARNING,LOW,Magnetic forecasting model has low predictive reliability based on walk-forward evaluation.
2161,2026-06-08 00:08:47,2026-06-08 00:09:47,60,mag_y,Ridge,320.81,229.5839097572667,-91.2260902427333,LOW_CONFIDENCE,INFO,MODEL_RELIABILITY_WARNING,LOW,Magnetic forecasting model has low predictive reliability based on walk-forward evaluation.
2162,2026-06-08 00:08:47,2026-06-08 00:09:47,60,mag_z,Ridge,357.42,232.31856976034263,-125.10143023965736,LOW_CONFIDENCE,INFO,MODEL_RELIABILITY_WARNING,LOW,Magnetic forecasting model has low predictive reliability based on walk-forward evaluation.
2163,2026-06-08 00:08:47,2026-06-08 00:09:47,60,temperature,Persistence,45.5,45.5,0.0,NORMAL,NORMAL,NONE,HIGH,
2157,2026-06-08 00:08:47,2026-06-08 00:09:47,60,vib_x_rms,XGBoost,0.109063,0.1103814467787742,0.0013184467787742,WARNING,MEDIUM,ELEVATED_VIBRATION,MODERATE,Predicted vibration 0.110381 exceeds warning limit 0.10
2158,2026-06-08 00:08:47,2026-06-08 00:09:47,60,vib_y_rms,XGBoost,0.151231,0.1420959681272506,-0.0091350318727493,WARNING,MEDIUM,ELEVATED_VIBRATION,MODERATE,Predicted vibration 0.142096 exceeds warning limit 0.10
2159,2026-06-08 00:08:47,2026-06-08 00:09:47,60,vib_z_rms,XGBoost,0.058498,0.0636598914861679,0.0051618914861679,NORMAL,NORMAL,NONE,MODERATE,
2167,2026-06-08 00:08:49,2026-06-08 00:09:49,60,mag_x,Ridge,398.272,234.8229071601461,-163.44909283985388,LOW_CONFIDENCE,INFO,MODEL_RELIABILITY_WARNING,LOW,Magnetic forecasting model has low predictive reliability based on walk-forward evaluation.
2168,2026-06-08 00:08:49,2026-06-08 00:09:49,60,mag_y,Ridge,251.02,223.71483758968824,-27.30516241031177,LOW_CONFIDENCE,INFO,MODEL_RELIABILITY_WARNING,LOW,Magnetic forecasting model has low predictive reliability based on walk-forward evaluation.
2169,2026-06-08 00:08:49,2026-06-08 00:09:49,60,mag_z,Ridge,55.678,227.6916774631873,172.01367746318732,LOW_CONFIDENCE,INFO,MODEL_RELIABILITY_WARNING,LOW,Magnetic forecasting model has low predictive reliability based on walk-forward evaluation.
2170,2026-06-08 00:08:49,2026-06-08 00:09:49,60,temperature,Persistence,45.5,45.5,0.0,NORMAL,NORMAL,NONE,HIGH,
2164,2026-06-08 00:08:49,2026-06-08 00:09:49,60,vib_x_rms,XGBoost,0.092618,0.1094971001148223,0.0168791001148223,WARNING,MEDIUM,ELEVATED_VIBRATION,MODERATE,Predicted vibration 0.109497 exceeds warning limit 0.10
2165,2026-06-08 00:08:49,2026-06-08 00:09:49,60,vib_y_rms,XGBoost,0.159925,0.1408364623785019,-0.0190885376214981,WARNING,MEDIUM,ELEVATED_VIBRATION,MODERATE,Predicted vibration 0.140836 exceeds warning limit 0.10
2166,2026-06-08 00:08:49,2026-06-08 00:09:49,60,vib_z_rms,XGBoost,0.06563,0.063418723642826,-0.0022112763571739,NORMAL,NORMAL,NONE,MODERATE,
2174,2026-06-08 00:08:50,2026-06-08 00:09:50,60,mag_x,Ridge,125.216,227.63295591099885,102.41695591099884,LOW_CONFIDENCE,INFO,MODEL_RELIABILITY_WARNING,LOW,Magnetic forecasting model has low predictive reliability based on walk-forward evaluation.
2175,2026-06-08 00:08:50,2026-06-08 00:09:50,60,mag_y,Ridge,345.842,232.26137071494267,-113.58062928505731,LOW_CONFIDENCE,INFO,MODEL_RELIABILITY_WARNING,LOW,Magnetic forecasting model has low predictive reliability based on walk-forward evaluation.
2176,2026-06-08 00:08:50,2026-06-08 00:09:50,60,mag_z,Ridge,216.244,227.55368825302213,11.30968825302213,LOW_CONFIDENCE,INFO,MODEL_RELIABILITY_WARNING,LOW,Magnetic forecasting model has low predictive reliability based on walk-forward evaluation.
2177,2026-06-08 00:08:50,2026-06-08 00:09:50,60,temperature,Persistence,45.5,45.5,0.0,NORMAL,NORMAL,NONE,HIGH,
2171,2026-06-08 00:08:50,2026-06-08 00:09:50,60,vib_x_rms,XGBoost,0.106039,0.1096220090985298,0.0035830090985298,WARNING,MEDIUM,ELEVATED_VIBRATION,MODERATE,Predicted vibration 0.109622 exceeds warning limit 0.10
2172,2026-06-08 00:08:50,2026-06-08 00:09:50,60,vib_y_rms,XGBoost,0.139741,0.1429037153720855,0.0031627153720855,WARNING,MEDIUM,ELEVATED_VIBRATION,MODERATE,Predicted vibration 0.142904 exceeds warning limit 0.10
2173,2026-06-08 00:08:50,2026-06-08 00:09:50,60,vib_z_rms,XGBoost,0.066154,0.0633675083518028,-0.0027864916481971,NORMAL,NORMAL,NONE,MODERATE,
2181,2026-06-08 00:08:52,2026-06-08 00:09:52,60,mag_x,Ridge,386.638,231.13502929949237,-155.50297070050763,LOW_CONFIDENCE,INFO,MODEL_RELIABILITY_WARNING,LOW,Magnetic forecasting model has low predictive reliability based on walk-forward evaluation.
2182,2026-06-08 00:08:52,2026-06-08 00:09:52,60,mag_y,Ridge,307.594,229.14500985342477,-78.44899014657526,LOW_CONFIDENCE,INFO,MODEL_RELIABILITY_WARNING,LOW,Magnetic forecasting model has low predictive reliability based on walk-forward evaluation.
2183,2026-06-08 00:08:52,2026-06-08 00:09:52,60,mag_z,Ridge,272.146,233.43678115418749,-38.70921884581253,LOW_CONFIDENCE,INFO,MODEL_RELIABILITY_WARNING,LOW,Magnetic forecasting model has low predictive reliability based on walk-forward evaluation.
2184,2026-06-08 00:08:52,2026-06-08 00:09:52,60,temperature,Persistence,45.5,45.5,0.0,NORMAL,NORMAL,NONE,HIGH,
2178,2026-06-08 00:08:52,2026-06-08 00:09:52,60,vib_x_rms,XGBoost,0.098874,0.1082402393221855,0.0093662393221855,WARNING,MEDIUM,ELEVATED_VIBRATION,MODERATE,Predicted vibration 0.108240 exceeds warning limit 0.10
2179,2026-06-08 00:08:52,2026-06-08 00:09:52,60,vib_y_rms,XGBoost,0.139948,0.1408482193946838,0.0009002193946838,WARNING,MEDIUM,ELEVATED_VIBRATION,MODERATE,Predicted vibration 0.140848 exceeds warning limit 0.10
2180,2026-06-08 00:08:52,2026-06-08 00:09:52,60,vib_z_rms,XGBoost,0.066699,0.0638300329446792,-0.0028689670553207,NORMAL,NORMAL,NONE,MODERATE,
2188,2026-06-08 00:08:53,2026-06-08 00:09:53,60,mag_x,Ridge,68.39,233.02741927238665,164.63741927238664,LOW_CONFIDENCE,INFO,MODEL_RELIABILITY_WARNING,LOW,Magnetic forecasting model has low predictive reliability based on walk-forward evaluation.
2189,2026-06-08 00:08:53,2026-06-08 00:09:53,60,mag_y,Ridge,29.008,228.84335110254605,199.83535110254604,LOW_CONFIDENCE,INFO,MODEL_RELIABILITY_WARNING,LOW,Magnetic forecasting model has low predictive reliability based on walk-forward evaluation.
2190,2026-06-08 00:08:53,2026-06-08 00:09:53,60,mag_z,Ridge,273.728,235.18292706569972,-38.545072934300265,LOW_CONFIDENCE,INFO,MODEL_RELIABILITY_WARNING,LOW,Magnetic forecasting model has low predictive reliability based on walk-forward evaluation.
2191,2026-06-08 00:08:53,2026-06-08 00:09:53,60,temperature,Persistence,45.5,45.5,0.0,NORMAL,NORMAL,NONE,HIGH,
2185,2026-06-08 00:08:53,2026-06-08 00:09:53,60,vib_x_rms,XGBoost,0.107669,0.1066326946020126,-0.0010363053979873,WARNING,MEDIUM,ELEVATED_VIBRATION,MODERATE,Predicted vibration 0.106633 exceeds warning limit 0.10
2186,2026-06-08 00:08:53,2026-06-08 00:09:53,60,vib_y_rms,XGBoost,0.132527,0.140468955039978,0.007941955039978,WARNING,MEDIUM,ELEVATED_VIBRATION,MODERATE,Predicted vibration 0.140469 exceeds warning limit 0.10
2187,2026-06-08 00:08:53,2026-06-08 00:09:53,60,vib_z_rms,XGBoost,0.062151,0.0636097341775894,0.0014587341775894,NORMAL,NORMAL,NONE,MODERATE,
2195,2026-06-08 00:08:55,2026-06-08 00:09:55,60,mag_x,Ridge,382.97,227.39928227182895,-155.57071772817105,LOW_CONFIDENCE,INFO,MODEL_RELIABILITY_WARNING,LOW,Magnetic forecasting model has low predictive reliability based on walk-forward evaluation.
2196,2026-06-08 00:08:55,2026-06-08 00:09:55,60,mag_y,Ridge,276.15,235.0339646883243,-41.11603531167569,LOW_CONFIDENCE,INFO,MODEL_RELIABILITY_WARNING,LOW,Magnetic forecasting model has low predictive reliability based on walk-forward evaluation.
2197,2026-06-08 00:08:55,2026-06-08 00:09:55,60,mag_z,Ridge,45.738,232.78876002243695,187.05076002243695,LOW_CONFIDENCE,INFO,MODEL_RELIABILITY_WARNING,LOW,Magnetic forecasting model has low predictive reliability based on walk-forward evaluation.
2198,2026-06-08 00:08:55,2026-06-08 00:09:55,60,temperature,Persistence,45.5,45.5,0.0,NORMAL,NORMAL,NONE,HIGH,
2192,2026-06-08 00:08:55,2026-06-08 00:09:55,60,vib_x_rms,XGBoost,0.107283,0.1083077639341354,0.0010247639341354,WARNING,MEDIUM,ELEVATED_VIBRATION,MODERATE,Predicted vibration 0.108308 exceeds warning limit 0.10
2193,2026-06-08 00:08:55,2026-06-08 00:09:55,60,vib_y_rms,XGBoost,0.136253,0.1391137242317199,0.0028607242317199,WARNING,MEDIUM,ELEVATED_VIBRATION,MODERATE,Predicted vibration 0.139114 exceeds warning limit 0.10
2194,2026-06-08 00:08:55,2026-06-08 00:09:55,60,vib_z_rms,XGBoost,0.055216,0.0639343038201332,0.0087183038201332,NORMAL,NORMAL,NONE,MODERATE,
2202,2026-06-08 00:08:56,2026-06-08 00:09:56,60,mag_x,Ridge,159.138,235.178106067998,76.04010606799801,LOW_CONFIDENCE,INFO,MODEL_RELIABILITY_WARNING,LOW,Magnetic forecasting model has low predictive reliability based on walk-forward evaluation.
2203,2026-06-08 00:08:56,2026-06-08 00:09:56,60,mag_y,Ridge,120.148,226.77713369277043,106.62913369277044,LOW_CONFIDENCE,INFO,MODEL_RELIABILITY_WARNING,LOW,Magnetic forecasting model has low predictive reliability based on walk-forward evaluation.
2204,2026-06-08 00:08:56,2026-06-08 00:09:56,60,mag_z,Ridge,428.554,236.3072645440389,-192.24673545596107,LOW_CONFIDENCE,INFO,MODEL_RELIABILITY_WARNING,LOW,Magnetic forecasting model has low predictive reliability based on walk-forward evaluation.
2205,2026-06-08 00:08:56,2026-06-08 00:09:56,60,temperature,Persistence,45.5,45.5,0.0,NORMAL,NORMAL,NONE,HIGH,
2199,2026-06-08 00:08:56,2026-06-08 00:09:56,60,vib_x_rms,XGBoost,0.10948,0.1060669422149658,-0.0034130577850341,WARNING,MEDIUM,ELEVATED_VIBRATION,MODERATE,Predicted vibration 0.106067 exceeds warning limit 0.10
2200,2026-06-08 00:08:56,2026-06-08 00:09:56,60,vib_y_rms,XGBoost,0.165786,0.138426199555397,-0.0273598004446029,WARNING,MEDIUM,ELEVATED_VIBRATION,MODERATE,Predicted vibration 0.138426 exceeds warning limit 0.10
2201,2026-06-08 00:08:56,2026-06-08 00:09:56,60,vib_z_rms,XGBoost,0.066342,0.0635706186294555,-0.0027713813705444,NORMAL,NORMAL,NONE,MODERATE,
2209,2026-06-08 00:08:58,2026-06-08 00:09:58,60,mag_x,Ridge,82.236,232.18512474578145,149.94912474578143,LOW_CONFIDENCE,INFO,MODEL_RELIABILITY_WARNING,LOW,Magnetic forecasting model has low predictive reliability based on walk-forward evaluation.
2210,2026-06-08 00:08:58,2026-06-08 00:09:58,60,mag_y,Ridge,283.976,231.3856736656695,-52.59032633433051,LOW_CONFIDENCE,INFO,MODEL_RELIABILITY_WARNING,LOW,Magnetic forecasting model has low predictive reliability based on walk-forward evaluation.
2211,2026-06-08 00:08:58,2026-06-08 00:09:58,60,mag_z,Ridge,65.87,227.49691467138547,161.62691467138546,LOW_CONFIDENCE,INFO,MODEL_RELIABILITY_WARNING,LOW,Magnetic forecasting model has low predictive reliability based on walk-forward evaluation.
2212,2026-06-08 00:08:58,2026-06-08 00:09:58,60,temperature,Persistence,45.5,45.5,0.0,NORMAL,NORMAL,NONE,HIGH,
2206,2026-06-08 00:08:58,2026-06-08 00:09:58,60,vib_x_rms,XGBoost,0.104578,0.107256606221199,0.002678606221199,WARNING,MEDIUM,ELEVATED_VIBRATION,MODERATE,Predicted vibration 0.107257 exceeds warning limit 0.10
2207,2026-06-08 00:08:58,2026-06-08 00:09:58,60,vib_y_rms,XGBoost,0.141172,0.1374043077230453,-0.0037676922769546,WARNING,MEDIUM,ELEVATED_VIBRATION,MODERATE,Predicted vibration 0.137404 exceeds warning limit 0.10
2208,2026-06-08 00:08:58,2026-06-08 00:09:58,60,vib_z_rms,XGBoost,0.064685,0.0622465014457702,-0.0024384985542297,NORMAL,NORMAL,NONE,MODERATE,
2216,2026-06-08 00:08:59,2026-06-08 00:09:59,60,mag_x,Ridge,103.236,235.5126179450588,132.27661794505875,LOW_CONFIDENCE,INFO,MODEL_RELIABILITY_WARNING,LOW,Magnetic forecasting model has low predictive reliability based on walk-forward evaluation.
2217,2026-06-08 00:08:59,2026-06-08 00:09:59,60,mag_y,Ridge,260.694,230.41817827881516,-30.275821721184883,LOW_CONFIDENCE,INFO,MODEL_RELIABILITY_WARNING,LOW,Magnetic forecasting model has low predictive reliability based on walk-forward evaluation.
2218,2026-06-08 00:08:59,2026-06-08 00:09:59,60,mag_z,Ridge,320.628,234.0443278406613,-86.58367215933868,LOW_CONFIDENCE,INFO,MODEL_RELIABILITY_WARNING,LOW,Magnetic forecasting model has low predictive reliability based on walk-forward evaluation.
2219,2026-06-08 00:08:59,2026-06-08 00:09:59,60,temperature,Persistence,45.5,45.5,0.0,NORMAL,NORMAL,NONE,HIGH,
2213,2026-06-08 00:08:59,2026-06-08 00:09:59,60,vib_x_rms,XGBoost,0.122651,0.1088721230626106,-0.0137788769373893,WARNING,MEDIUM,ELEVATED_VIBRATION,MODERATE,Predicted vibration 0.108872 exceeds warning limit 0.10
2214,2026-06-08 00:08:59,2026-06-08 00:09:59,60,vib_y_rms,XGBoost,0.151764,0.1382563710212707,-0.0135076289787292,WARNING,MEDIUM,ELEVATED_VIBRATION,MODERATE,Predicted vibration 0.138256 exceeds warning limit 0.10
2215,2026-06-08 00:08:59,2026-06-08 00:09:59,60,vib_z_rms,XGBoost,0.067221,0.0628975853323936,-0.0043234146676063,NORMAL,NORMAL,NONE,MODERATE,
2223,2026-06-08 00:09:00,2026-06-08 00:10:00,60,mag_x,Ridge,22.582,233.99179768973752,211.40979768973756,LOW_CONFIDENCE,INFO,MODEL_RELIABILITY_WARNING,LOW,Magnetic forecasting model has low predictive reliability based on walk-forward evaluation.
2224,2026-06-08 00:09:00,2026-06-08 00:10:00,60,mag_y,Ridge,250.236,232.02719107028096,-18.208808929719027,LOW_CONFIDENCE,INFO,MODEL_RELIABILITY_WARNING,LOW,Magnetic forecasting model has low predictive reliability based on walk-forward evaluation.
2225,2026-06-08 00:09:00,2026-06-08 00:10:00,60,mag_z,Ridge,269.934,233.09002744716787,-36.84397255283216,LOW_CONFIDENCE,INFO,MODEL_RELIABILITY_WARNING,LOW,Magnetic forecasting model has low predictive reliability based on walk-forward evaluation.
2226,2026-06-08 00:09:00,2026-06-08 00:10:00,60,temperature,Persistence,45.5,45.5,0.0,NORMAL,NORMAL,NONE,HIGH,
2220,2026-06-08 00:09:00,2026-06-08 00:10:00,60,vib_x_rms,XGBoost,0.116023,0.1081155911087989,-0.007907408891201,WARNING,MEDIUM,ELEVATED_VIBRATION,MODERATE,Predicted vibration 0.108116 exceeds warning limit 0.10
2221,2026-06-08 00:09:00,2026-06-08 00:10:00,60,vib_y_rms,XGBoost,0.140585,0.1385537385940551,-0.0020312614059448,WARNING,MEDIUM,ELEVATED_VIBRATION,MODERATE,Predicted vibration 0.138554 exceeds warning limit 0.10
2222,2026-06-08 00:09:00,2026-06-08 00:10:00,60,vib_z_rms,XGBoost,0.057066,0.0633379817008972,0.0062719817008972,NORMAL,NORMAL,NONE,MODERATE,
2230,2026-06-08 00:09:02,2026-06-08 00:10:02,60,mag_x,Ridge,399.56,230.8349249906203,-168.7250750093797,LOW_CONFIDENCE,INFO,MODEL_RELIABILITY_WARNING,LOW,Magnetic forecasting model has low predictive reliability based on walk-forward evaluation.
2231,2026-06-08 00:09:02,2026-06-08 00:10:02,60,mag_y,Ridge,112.014,229.9603473367059,117.9463473367059,LOW_CONFIDENCE,INFO,MODEL_RELIABILITY_WARNING,LOW,Magnetic forecasting model has low predictive reliability based on walk-forward evaluation.
2232,2026-06-08 00:09:02,2026-06-08 00:10:02,60,mag_z,Ridge,117.558,232.34636103622148,114.78836103622147,LOW_CONFIDENCE,INFO,MODEL_RELIABILITY_WARNING,LOW,Magnetic forecasting model has low predictive reliability based on walk-forward evaluation.
2233,2026-06-08 00:09:02,2026-06-08 00:10:02,60,temperature,Persistence,45.5,45.5,0.0,NORMAL,NORMAL,NONE,HIGH,
2227,2026-06-08 00:09:02,2026-06-08 00:10:02,60,vib_x_rms,XGBoost,0.107416,0.1076204553246498,0.0002044553246498,WARNING,MEDIUM,ELEVATED_VIBRATION,MODERATE,Predicted vibration 0.107620 exceeds warning limit 0.10
2228,2026-06-08 00:09:02,2026-06-08 00:10:02,60,vib_y_rms,XGBoost,0.151658,0.1391588598489761,-0.0124991401510238,WARNING,MEDIUM,ELEVATED_VIBRATION,MODERATE,Predicted vibration 0.139159 exceeds warning limit 0.10
2229,2026-06-08 00:09:02,2026-06-08 00:10:02,60,vib_z_rms,XGBoost,0.063147,0.0657698959112167,0.0026228959112167,NORMAL,NORMAL,NONE,MODERATE,
2237,2026-06-08 00:09:03,2026-06-08 00:10:03,60,mag_x,Ridge,276.178,233.96365352599855,-42.21434647400142,LOW_CONFIDENCE,INFO,MODEL_RELIABILITY_WARNING,LOW,Magnetic forecasting model has low predictive reliability based on walk-forward evaluation.
2238,2026-06-08 00:09:03,2026-06-08 00:10:03,60,mag_y,Ridge,161.28,234.06040578232168,72.78040578232168,LOW_CONFIDENCE,INFO,MODEL_RELIABILITY_WARNING,LOW,Magnetic forecasting model has low predictive reliability based on walk-forward evaluation.
2239,2026-06-08 00:09:03,2026-06-08 00:10:03,60,mag_z,Ridge,365.652,235.82545093945424,-129.82654906054574,LOW_CONFIDENCE,INFO,MODEL_RELIABILITY_WARNING,LOW,Magnetic forecasting model has low predictive reliability based on walk-forward evaluation.
2240,2026-06-08 00:09:03,2026-06-08 00:10:03,60,temperature,Persistence,45.5,45.5,0.0,NORMAL,NORMAL,NONE,HIGH,
2234,2026-06-08 00:09:03,2026-06-08 00:10:03,60,vib_x_rms,XGBoost,0.111856,0.1065158098936081,-0.0053401901063919,WARNING,MEDIUM,ELEVATED_VIBRATION,MODERATE,Predicted vibration 0.106516 exceeds warning limit 0.10
2235,2026-06-08 00:09:03,2026-06-08 00:10:03,60,vib_y_rms,XGBoost,0.137291,0.1385911256074905,0.0013001256074905,WARNING,MEDIUM,ELEVATED_VIBRATION,MODERATE,Predicted vibration 0.138591 exceeds warning limit 0.10
2236,2026-06-08 00:09:03,2026-06-08 00:10:03,60,vib_z_rms,XGBoost,0.059228,0.065207302570343,0.005979302570343,NORMAL,NORMAL,NONE,MODERATE,
2244,2026-06-08 00:09:05,2026-06-08 00:10:05,60,mag_x,Ridge,90.384,238.45967828585145,148.07567828585144,LOW_CONFIDENCE,INFO,MODEL_RELIABILITY_WARNING,LOW,Magnetic forecasting model has low predictive reliability based on walk-forward evaluation.
2245,2026-06-08 00:09:05,2026-06-08 00:10:05,60,mag_y,Ridge,407.19,223.86940551108145,-183.32059448891852,LOW_CONFIDENCE,INFO,MODEL_RELIABILITY_WARNING,LOW,Magnetic forecasting model has low predictive reliability based on walk-forward evaluation.
2246,2026-06-08 00:09:05,2026-06-08 00:10:05,60,mag_z,Ridge,191.31,225.62294347773545,34.312943477735416,LOW_CONFIDENCE,INFO,MODEL_RELIABILITY_WARNING,LOW,Magnetic forecasting model has low predictive reliability based on walk-forward evaluation.
2247,2026-06-08 00:09:05,2026-06-08 00:10:05,60,temperature,Persistence,45.5,45.5,0.0,NORMAL,NORMAL,NONE,HIGH,
2241,2026-06-08 00:09:05,2026-06-08 00:10:05,60,vib_x_rms,XGBoost,0.108868,0.1049347966909408,-0.0039332033090591,WARNING,MEDIUM,ELEVATED_VIBRATION,MODERATE,Predicted vibration 0.104935 exceeds warning limit 0.10
2242,2026-06-08 00:09:05,2026-06-08 00:10:05,60,vib_y_rms,XGBoost,0.124823,0.136731281876564,0.011908281876564,WARNING,MEDIUM,ELEVATED_VIBRATION,MODERATE,Predicted vibration 0.136731 exceeds warning limit 0.10
2243,2026-06-08 00:09:05,2026-06-08 00:10:05,60,vib_z_rms,XGBoost,0.06014,0.0649193152785301,0.0047793152785301,NORMAL,NORMAL,NONE,MODERATE,
2251,2026-06-08 00:09:06,2026-06-08 00:10:06,60,mag_x,Ridge,148.078,228.68352635828455,80.60552635828458,LOW_CONFIDENCE,INFO,MODEL_RELIABILITY_WARNING,LOW,Magnetic forecasting model has low predictive reliability based on walk-forward evaluation.
2252,2026-06-08 00:09:06,2026-06-08 00:10:06,60,mag_y,Ridge,70.252,228.3305833256878,158.07858332568782,LOW_CONFIDENCE,INFO,MODEL_RELIABILITY_WARNING,LOW,Magnetic forecasting model has low predictive reliability based on walk-forward evaluation.
2253,2026-06-08 00:09:06,2026-06-08 00:10:06,60,mag_z,Ridge,356.412,235.2819926424093,-121.13000735759069,LOW_CONFIDENCE,INFO,MODEL_RELIABILITY_WARNING,LOW,Magnetic forecasting model has low predictive reliability based on walk-forward evaluation.
2254,2026-06-08 00:09:06,2026-06-08 00:10:06,60,temperature,Persistence,45.5,45.5,0.0,NORMAL,NORMAL,NONE,HIGH,
2248,2026-06-08 00:09:06,2026-06-08 00:10:06,60,vib_x_rms,XGBoost,0.105129,0.1081508472561836,0.0030218472561836,WARNING,MEDIUM,ELEVATED_VIBRATION,MODERATE,Predicted vibration 0.108151 exceeds warning limit 0.10
2249,2026-06-08 00:09:06,2026-06-08 00:10:06,60,vib_y_rms,XGBoost,0.145166,0.1396804898977279,-0.005485510102272,WARNING,MEDIUM,ELEVATED_VIBRATION,MODERATE,Predicted vibration 0.139680 exceeds warning limit 0.10
2250,2026-06-08 00:09:06,2026-06-08 00:10:06,60,vib_z_rms,XGBoost,0.064886,0.0638129115104675,-0.0010730884895324,NORMAL,NORMAL,NONE,MODERATE,
2258,2026-06-08 00:09:08,2026-06-08 00:10:08,60,mag_x,Ridge,91.028,227.17733207029207,136.14933207029213,LOW_CONFIDENCE,INFO,MODEL_RELIABILITY_WARNING,LOW,Magnetic forecasting model has low predictive reliability based on walk-forward evaluation.
2259,2026-06-08 00:09:08,2026-06-08 00:10:08,60,mag_y,Ridge,416.584,234.4043315307864,-182.1796684692136,LOW_CONFIDENCE,INFO,MODEL_RELIABILITY_WARNING,LOW,Magnetic forecasting model has low predictive reliability based on walk-forward evaluation.
2260,2026-06-08 00:09:08,2026-06-08 00:10:08,60,mag_z,Ridge,90.79,230.91062464638875,140.1206246463887,LOW_CONFIDENCE,INFO,MODEL_RELIABILITY_WARNING,LOW,Magnetic forecasting model has low predictive reliability based on walk-forward evaluation.
2261,2026-06-08 00:09:08,2026-06-08 00:10:08,60,temperature,Persistence,45.5,45.5,0.0,NORMAL,NORMAL,NONE,HIGH,
2255,2026-06-08 00:09:08,2026-06-08 00:10:08,60,vib_x_rms,XGBoost,0.10587,0.1082246378064155,0.0023546378064155,WARNING,MEDIUM,ELEVATED_VIBRATION,MODERATE,Predicted vibration 0.108225 exceeds warning limit 0.10
2256,2026-06-08 00:09:08,2026-06-08 00:10:08,60,vib_y_rms,XGBoost,0.172175,0.140645757317543,-0.0315292426824569,WARNING,MEDIUM,ELEVATED_VIBRATION,MODERATE,Predicted vibration 0.140646 exceeds warning limit 0.10
2257,2026-06-08 00:09:08,2026-06-08 00:10:08,60,vib_z_rms,XGBoost,0.066064,0.0642816647887229,-0.001782335211277,NORMAL,NORMAL,NONE,MODERATE,
2265,2026-06-08 00:09:09,2026-06-08 00:10:09,60,mag_x,Ridge,38.724,227.77531503613343,189.05131503613345,LOW_CONFIDENCE,INFO,MODEL_RELIABILITY_WARNING,LOW,Magnetic forecasting model has low predictive reliability based on walk-forward evaluation.
2266,2026-06-08 00:09:09,2026-06-08 00:10:09,60,mag_y,Ridge,212.408,229.98210709358509,17.5741070935851,LOW_CONFIDENCE,INFO,MODEL_RELIABILITY_WARNING,LOW,Magnetic forecasting model has low predictive reliability based on walk-forward evaluation.
2267,2026-06-08 00:09:09,2026-06-08 00:10:09,60,mag_z,Ridge,233.73,225.06537084939103,-8.664629150608931,LOW_CONFIDENCE,INFO,MODEL_RELIABILITY_WARNING,LOW,Magnetic forecasting model has low predictive reliability based on walk-forward evaluation.
2268,2026-06-08 00:09:09,2026-06-08 00:10:09,60,temperature,Persistence,45.5,45.5,0.0,NORMAL,NORMAL,NONE,HIGH,
2262,2026-06-08 00:09:09,2026-06-08 00:10:09,60,vib_x_rms,XGBoost,0.12233,0.109023593366146,-0.0133064066338539,WARNING,MEDIUM,ELEVATED_VIBRATION,MODERATE,Predicted vibration 0.109024 exceeds warning limit 0.10
2263,2026-06-08 00:09:09,2026-06-08 00:10:09,60,vib_y_rms,XGBoost,0.153277,0.1389938443899154,-0.0142831556100845,WARNING,MEDIUM,ELEVATED_VIBRATION,MODERATE,Predicted vibration 0.138994 exceeds warning limit 0.10
2264,2026-06-08 00:09:09,2026-06-08 00:10:09,60,vib_z_rms,XGBoost,0.062715,0.0643584728240966,0.0016434728240966,NORMAL,NORMAL,NONE,MODERATE,
2272,2026-06-08 00:09:10,2026-06-08 00:10:10,60,mag_x,Ridge,67.816,233.3741260742184,165.55812607421836,LOW_CONFIDENCE,INFO,MODEL_RELIABILITY_WARNING,LOW,Magnetic forecasting model has low predictive reliability based on walk-forward evaluation.
2273,2026-06-08 00:09:10,2026-06-08 00:10:10,60,mag_y,Ridge,227.444,232.64962039055908,5.2056203905590905,LOW_CONFIDENCE,INFO,MODEL_RELIABILITY_WARNING,LOW,Magnetic forecasting model has low predictive reliability based on walk-forward evaluation.
2274,2026-06-08 00:09:10,2026-06-08 00:10:10,60,mag_z,Ridge,175.014,232.45907076928944,57.44507076928943,LOW_CONFIDENCE,INFO,MODEL_RELIABILITY_WARNING,LOW,Magnetic forecasting model has low predictive reliability based on walk-forward evaluation.
2275,2026-06-08 00:09:10,2026-06-08 00:10:10,60,temperature,Persistence,45.5,45.5,0.0,NORMAL,NORMAL,NONE,HIGH,
2269,2026-06-08 00:09:10,2026-06-08 00:10:10,60,vib_x_rms,XGBoost,0.118052,0.1114059761166572,-0.0066460238833427,WARNING,MEDIUM,ELEVATED_VIBRATION,MODERATE,Predicted vibration 0.111406 exceeds warning limit 0.10
2270,2026-06-08 00:09:10,2026-06-08 00:10:10,60,vib_y_rms,XGBoost,0.156826,0.1417752653360366,-0.0150507346639633,WARNING,MEDIUM,ELEVATED_VIBRATION,MODERATE,Predicted vibration 0.141775 exceeds warning limit 0.10
2271,2026-06-08 00:09:10,2026-06-08 00:10:10,60,vib_z_rms,XGBoost,0.066352,0.0640719756484031,-0.0022800243515968,NORMAL,NORMAL,NONE,MODERATE,
2279,2026-06-08 00:09:12,2026-06-08 00:10:12,60,mag_x,Ridge,221.228,236.1420900134333,14.91409001343331,LOW_CONFIDENCE,INFO,MODEL_RELIABILITY_WARNING,LOW,Magnetic forecasting model has low predictive reliability based on walk-forward evaluation.
2280,2026-06-08 00:09:12,2026-06-08 00:10:12,60,mag_y,Ridge,219.282,219.11390616516664,-0.1680938348333711,LOW_CONFIDENCE,INFO,MODEL_RELIABILITY_WARNING,LOW,Magnetic forecasting model has low predictive reliability based on walk-forward evaluation.
2281,2026-06-08 00:09:12,2026-06-08 00:10:12,60,mag_z,Ridge,254.352,231.02136006382813,-23.33063993617188,LOW_CONFIDENCE,INFO,MODEL_RELIABILITY_WARNING,LOW,Magnetic forecasting model has low predictive reliability based on walk-forward evaluation.
2282,2026-06-08 00:09:12,2026-06-08 00:10:12,60,temperature,Persistence,45.55,45.55,0.0,NORMAL,NORMAL,NONE,HIGH,
2276,2026-06-08 00:09:12,2026-06-08 00:10:12,60,vib_x_rms,XGBoost,0.108982,0.1112524047493934,0.0022704047493934,WARNING,MEDIUM,ELEVATED_VIBRATION,MODERATE,Predicted vibration 0.111252 exceeds warning limit 0.10
2277,2026-06-08 00:09:12,2026-06-08 00:10:12,60,vib_y_rms,XGBoost,0.15353,0.1404911130666732,-0.0130388869333267,WARNING,MEDIUM,ELEVATED_VIBRATION,MODERATE,Predicted vibration 0.140491 exceeds warning limit 0.10
2278,2026-06-08 00:09:12,2026-06-08 00:10:12,60,vib_z_rms,XGBoost,0.069077,0.0638829618692398,-0.0051940381307601,NORMAL,NORMAL,NONE,MODERATE,
2286,2026-06-08 00:09:13,2026-06-08 00:10:13,60,mag_x,Ridge,113.358,236.1810306403133,122.82303064031332,LOW_CONFIDENCE,INFO,MODEL_RELIABILITY_WARNING,LOW,Magnetic forecasting model has low predictive reliability based on walk-forward evaluation.
2287,2026-06-08 00:09:13,2026-06-08 00:10:13,60,mag_y,Ridge,4.256,223.6850823185702,219.4290823185702,LOW_CONFIDENCE,INFO,MODEL_RELIABILITY_WARNING,LOW,Magnetic forecasting model has low predictive reliability based on walk-forward evaluation.
2288,2026-06-08 00:09:13,2026-06-08 00:10:13,60,mag_z,Ridge,272.118,232.32697177013995,-39.791028229860046,LOW_CONFIDENCE,INFO,MODEL_RELIABILITY_WARNING,LOW,Magnetic forecasting model has low predictive reliability based on walk-forward evaluation.
2289,2026-06-08 00:09:13,2026-06-08 00:10:13,60,temperature,Persistence,45.54,45.54,0.0,NORMAL,NORMAL,NONE,HIGH,
2283,2026-06-08 00:09:13,2026-06-08 00:10:13,60,vib_x_rms,XGBoost,0.117738,0.1106100678443908,-0.0071279321556091,WARNING,MEDIUM,ELEVATED_VIBRATION,MODERATE,Predicted vibration 0.110610 exceeds warning limit 0.10
2284,2026-06-08 00:09:13,2026-06-08 00:10:13,60,vib_y_rms,XGBoost,0.136876,0.1369646191596985,8.861915969848866e-05,WARNING,MEDIUM,ELEVATED_VIBRATION,MODERATE,Predicted vibration 0.136965 exceeds warning limit 0.10
2285,2026-06-08 00:09:13,2026-06-08 00:10:13,60,vib_z_rms,XGBoost,0.062977,0.0617238283157348,-0.0012531716842651,NORMAL,NORMAL,NONE,MODERATE,
2293,2026-06-08 00:09:15,2026-06-08 00:10:15,60,mag_x,Ridge,71.022,232.42833260231845,161.40633260231846,LOW_CONFIDENCE,INFO,MODEL_RELIABILITY_WARNING,LOW,Magnetic forecasting model has low predictive reliability based on walk-forward evaluation.
2294,2026-06-08 00:09:15,2026-06-08 00:10:15,60,mag_y,Ridge,239.652,218.7446354678676,-20.90736453213236,LOW_CONFIDENCE,INFO,MODEL_RELIABILITY_WARNING,LOW,Magnetic forecasting model has low predictive reliability based on walk-forward evaluation.
2295,2026-06-08 00:09:15,2026-06-08 00:10:15,60,mag_z,Ridge,171.332,231.84676510531568,60.51476510531569,LOW_CONFIDENCE,INFO,MODEL_RELIABILITY_WARNING,LOW,Magnetic forecasting model has low predictive reliability based on walk-forward evaluation.
2296,2026-06-08 00:09:15,2026-06-08 00:10:15,60,temperature,Persistence,45.532,45.532,0.0,NORMAL,NORMAL,NONE,HIGH,
2290,2026-06-08 00:09:15,2026-06-08 00:10:15,60,vib_x_rms,XGBoost,0.108474,0.1075345203280448,-0.0009394796719551,WARNING,MEDIUM,ELEVATED_VIBRATION,MODERATE,Predicted vibration 0.107535 exceeds warning limit 0.10
2291,2026-06-08 00:09:15,2026-06-08 00:10:15,60,vib_y_rms,XGBoost,0.156567,0.1376562863588333,-0.0189107136411667,WARNING,MEDIUM,ELEVATED_VIBRATION,MODERATE,Predicted vibration 0.137656 exceeds warning limit 0.10
2292,2026-06-08 00:09:15,2026-06-08 00:10:15,60,vib_z_rms,XGBoost,0.057796,0.0613412000238895,0.0035452000238895,NORMAL,NORMAL,NONE,MODERATE,
2300,2026-06-08 00:09:16,2026-06-08 00:10:16,60,mag_x,Ridge,225.526,227.45248399868797,1.926483998687928,LOW_CONFIDENCE,INFO,MODEL_RELIABILITY_WARNING,LOW,Magnetic forecasting model has low predictive reliability based on walk-forward evaluation.
2301,2026-06-08 00:09:16,2026-06-08 00:10:16,60,mag_y,Ridge,44.086,223.55294122154547,179.46694122154548,LOW_CONFIDENCE,INFO,MODEL_RELIABILITY_WARNING,LOW,Magnetic forecasting model has low predictive reliability based on walk-forward evaluation.
2302,2026-06-08 00:09:16,2026-06-08 00:10:16,60,mag_z,Ridge,72.604,232.20105913098925,159.59705913098924,LOW_CONFIDENCE,INFO,MODEL_RELIABILITY_WARNING,LOW,Magnetic forecasting model has low predictive reliability based on walk-forward evaluation.
2303,2026-06-08 00:09:16,2026-06-08 00:10:16,60,temperature,Persistence,45.5256,45.5256,0.0,NORMAL,NORMAL,NONE,HIGH,
2297,2026-06-08 00:09:16,2026-06-08 00:10:16,60,vib_x_rms,XGBoost,0.107757,0.1095594465732574,0.0018024465732574,WARNING,MEDIUM,ELEVATED_VIBRATION,MODERATE,Predicted vibration 0.109559 exceeds warning limit 0.10
2298,2026-06-08 00:09:16,2026-06-08 00:10:16,60,vib_y_rms,XGBoost,0.149275,0.1375162452459335,-0.0117587547540664,WARNING,MEDIUM,ELEVATED_VIBRATION,MODERATE,Predicted vibration 0.137516 exceeds warning limit 0.10
2299,2026-06-08 00:09:16,2026-06-08 00:10:16,60,vib_z_rms,XGBoost,0.069684,0.0610170364379882,-0.0086669635620117,NORMAL,NORMAL,NONE,MODERATE,
2307,2026-06-08 00:09:18,2026-06-08 00:10:18,60,mag_x,Ridge,410.466,231.25538696560864,-179.21061303439134,LOW_CONFIDENCE,INFO,MODEL_RELIABILITY_WARNING,LOW,Magnetic forecasting model has low predictive reliability based on walk-forward evaluation.
2308,2026-06-08 00:09:18,2026-06-08 00:10:18,60,mag_y,Ridge,9.604,221.84609564825524,212.2420956482553,LOW_CONFIDENCE,INFO,MODEL_RELIABILITY_WARNING,LOW,Magnetic forecasting model has low predictive reliability based on walk-forward evaluation.
2309,2026-06-08 00:09:18,2026-06-08 00:10:18,60,mag_z,Ridge,32.578,237.0508127952179,204.4728127952179,LOW_CONFIDENCE,INFO,MODEL_RELIABILITY_WARNING,LOW,Magnetic forecasting model has low predictive reliability based on walk-forward evaluation.
2310,2026-06-08 00:09:18,2026-06-08 00:10:18,60,temperature,Persistence,45.52048,45.52048,0.0,NORMAL,NORMAL,NONE,HIGH,
2304,2026-06-08 00:09:18,2026-06-08 00:10:18,60,vib_x_rms,XGBoost,0.109733,0.1097701266407966,3.712664079666417e-05,WARNING,MEDIUM,ELEVATED_VIBRATION,MODERATE,Predicted vibration 0.109770 exceeds warning limit 0.10
2305,2026-06-08 00:09:18,2026-06-08 00:10:18,60,vib_y_rms,XGBoost,0.147626,0.1380326449871063,-0.0095933550128936,WARNING,MEDIUM,ELEVATED_VIBRATION,MODERATE,Predicted vibration 0.138033 exceeds warning limit 0.10
2306,2026-06-08 00:09:18,2026-06-08 00:10:18,60,vib_z_rms,XGBoost,0.053269,0.0616080425679683,0.0083390425679683,NORMAL,NORMAL,NONE,MODERATE,
2314,2026-06-08 00:09:19,2026-06-08 00:10:19,60,mag_x,Ridge,179.48,232.9193603259605,53.43936032596051,LOW_CONFIDENCE,INFO,MODEL_RELIABILITY_WARNING,LOW,Magnetic forecasting model has low predictive reliability based on walk-forward evaluation.
2315,2026-06-08 00:09:19,2026-06-08 00:10:19,60,mag_y,Ridge,422.534,234.5977127251798,-187.9362872748202,LOW_CONFIDENCE,INFO,MODEL_RELIABILITY_WARNING,LOW,Magnetic forecasting model has low predictive reliability based on walk-forward evaluation.
2316,2026-06-08 00:09:19,2026-06-08 00:10:19,60,mag_z,Ridge,19.334,229.60332697866687,210.26932697866687,LOW_CONFIDENCE,INFO,MODEL_RELIABILITY_WARNING,LOW,Magnetic forecasting model has low predictive reliability based on walk-forward evaluation.
2317,2026-06-08 00:09:19,2026-06-08 00:10:19,60,temperature,Persistence,45.516384,45.516384,0.0,NORMAL,NORMAL,NONE,HIGH,
2311,2026-06-08 00:09:19,2026-06-08 00:10:19,60,vib_x_rms,XGBoost,0.112923,0.1098189502954483,-0.0031040497045516,WARNING,MEDIUM,ELEVATED_VIBRATION,MODERATE,Predicted vibration 0.109819 exceeds warning limit 0.10
2312,2026-06-08 00:09:19,2026-06-08 00:10:19,60,vib_y_rms,XGBoost,0.133693,0.1363907158374786,0.0026977158374786,WARNING,MEDIUM,ELEVATED_VIBRATION,MODERATE,Predicted vibration 0.136391 exceeds warning limit 0.10
2313,2026-06-08 00:09:19,2026-06-08 00:10:19,60,vib_z_rms,XGBoost,0.062462,0.0616569817066192,-0.0008050182933807,NORMAL,NORMAL,NONE,MODERATE,
2321,2026-06-08 00:09:20,2026-06-08 00:10:20,60,mag_x,Ridge,347.382,229.66208455158983,-117.71991544841018,LOW_CONFIDENCE,INFO,MODEL_RELIABILITY_WARNING,LOW,Magnetic forecasting model has low predictive reliability based on walk-forward evaluation.
2322,2026-06-08 00:09:20,2026-06-08 00:10:20,60,mag_y,Ridge,285.81,226.19448429949412,-59.61551570050585,LOW_CONFIDENCE,INFO,MODEL_RELIABILITY_WARNING,LOW,Magnetic forecasting model has low predictive reliability based on walk-forward evaluation.
2323,2026-06-08 00:09:20,2026-06-08 00:10:20,60,mag_z,Ridge,189.686,231.9097291309949,42.22372913099491,LOW_CONFIDENCE,INFO,MODEL_RELIABILITY_WARNING,LOW,Magnetic forecasting model has low predictive reliability based on walk-forward evaluation.
2324,2026-06-08 00:09:20,2026-06-08 00:10:20,60,temperature,Persistence,45.5131072,45.5131072,0.0,NORMAL,NORMAL,NONE,HIGH,
2318,2026-06-08 00:09:20,2026-06-08 00:10:20,60,vib_x_rms,XGBoost,0.097892,0.1045839414000511,0.0066919414000511,WARNING,MEDIUM,ELEVATED_VIBRATION,MODERATE,Predicted vibration 0.104584 exceeds warning limit 0.10
2319,2026-06-08 00:09:20,2026-06-08 00:10:20,60,vib_y_rms,XGBoost,0.161122,0.1317983418703079,-0.029323658129692,WARNING,MEDIUM,ELEVATED_VIBRATION,MODERATE,Predicted vibration 0.131798 exceeds warning limit 0.10
2320,2026-06-08 00:09:20,2026-06-08 00:10:20,60,vib_z_rms,XGBoost,0.060328,0.0619183517992496,0.0015903517992496,NORMAL,NORMAL,NONE,MODERATE,
2328,2026-06-08 00:09:22,2026-06-08 00:10:22,60,mag_x,Ridge,292.278,231.73431640456408,-60.54368359543594,LOW_CONFIDENCE,INFO,MODEL_RELIABILITY_WARNING,LOW,Magnetic forecasting model has low predictive reliability based on walk-forward evaluation.
2329,2026-06-08 00:09:22,2026-06-08 00:10:22,60,mag_y,Ridge,424.27,226.07394147313155,-198.19605852686848,LOW_CONFIDENCE,INFO,MODEL_RELIABILITY_WARNING,LOW,Magnetic forecasting model has low predictive reliability based on walk-forward evaluation.
2330,2026-06-08 00:09:22,2026-06-08 00:10:22,60,mag_z,Ridge,62.384,234.3579461656232,171.9739461656232,LOW_CONFIDENCE,INFO,MODEL_RELIABILITY_WARNING,LOW,Magnetic forecasting model has low predictive reliability based on walk-forward evaluation.
2331,2026-06-08 00:09:22,2026-06-08 00:10:22,60,temperature,Persistence,45.51048576,45.51048576,0.0,NORMAL,NORMAL,NONE,HIGH,
2325,2026-06-08 00:09:22,2026-06-08 00:10:22,60,vib_x_rms,XGBoost,0.121157,0.104073941707611,-0.0170830582923889,WARNING,MEDIUM,ELEVATED_VIBRATION,MODERATE,Predicted vibration 0.104074 exceeds warning limit 0.10
2326,2026-06-08 00:09:22,2026-06-08 00:10:22,60,vib_y_rms,XGBoost,0.1523,0.1356992870569229,-0.016600712943077,WARNING,MEDIUM,ELEVATED_VIBRATION,MODERATE,Predicted vibration 0.135699 exceeds warning limit 0.10
2327,2026-06-08 00:09:22,2026-06-08 00:10:22,60,vib_z_rms,XGBoost,0.063531,0.0615675672888755,-0.0019634327111244,NORMAL,NORMAL,NONE,MODERATE,
2335,2026-06-08 00:09:23,2026-06-08 00:10:23,60,mag_x,Ridge,344.932,233.2949034301737,-111.63709656982635,LOW_CONFIDENCE,INFO,MODEL_RELIABILITY_WARNING,LOW,Magnetic forecasting model has low predictive reliability based on walk-forward evaluation.
2336,2026-06-08 00:09:23,2026-06-08 00:10:23,60,mag_y,Ridge,416.346,218.5139388288284,-197.83206117117163,LOW_CONFIDENCE,INFO,MODEL_RELIABILITY_WARNING,LOW,Magnetic forecasting model has low predictive reliability based on walk-forward evaluation.
2337,2026-06-08 00:09:23,2026-06-08 00:10:23,60,mag_z,Ridge,301.532,233.89990031658212,-67.63209968341783,LOW_CONFIDENCE,INFO,MODEL_RELIABILITY_WARNING,LOW,Magnetic forecasting model has low predictive reliability based on walk-forward evaluation.
2338,2026-06-08 00:09:23,2026-06-08 00:10:23,60,temperature,Persistence,45.50838861,45.50838861,0.0,NORMAL,NORMAL,NONE,HIGH,
2332,2026-06-08 00:09:23,2026-06-08 00:10:23,60,vib_x_rms,XGBoost,0.1109,0.1037403866648674,-0.0071596133351325,WARNING,MEDIUM,ELEVATED_VIBRATION,MODERATE,Predicted vibration 0.103740 exceeds warning limit 0.10
2333,2026-06-08 00:09:23,2026-06-08 00:10:23,60,vib_y_rms,XGBoost,0.143815,0.1313396245241165,-0.0124753754758834,WARNING,MEDIUM,ELEVATED_VIBRATION,MODERATE,Predicted vibration 0.131340 exceeds warning limit 0.10
2334,2026-06-08 00:09:23,2026-06-08 00:10:23,60,vib_z_rms,XGBoost,0.05783,0.0617728531360626,0.0039428531360626,NORMAL,NORMAL,NONE,MODERATE,
2342,2026-06-08 00:09:25,2026-06-08 00:10:25,60,mag_x,Ridge,450.114,230.64624575585864,-219.46775424414136,LOW_CONFIDENCE,INFO,MODEL_RELIABILITY_WARNING,LOW,Magnetic forecasting model has low predictive reliability based on walk-forward evaluation.
2343,2026-06-08 00:09:25,2026-06-08 00:10:25,60,mag_y,Ridge,69.888,222.60495227622235,152.71695227622234,LOW_CONFIDENCE,INFO,MODEL_RELIABILITY_WARNING,LOW,Magnetic forecasting model has low predictive reliability based on walk-forward evaluation.
2344,2026-06-08 00:09:25,2026-06-08 00:10:25,60,mag_z,Ridge,111.944,234.08010180679943,122.13610180679946,LOW_CONFIDENCE,INFO,MODEL_RELIABILITY_WARNING,LOW,Magnetic forecasting model has low predictive reliability based on walk-forward evaluation.
2345,2026-06-08 00:09:25,2026-06-08 00:10:25,60,temperature,Persistence,45.50671089,45.50671089,0.0,NORMAL,NORMAL,NONE,HIGH,
2339,2026-06-08 00:09:25,2026-06-08 00:10:25,60,vib_x_rms,XGBoost,0.114791,0.1019249260425567,-0.0128660739574432,WARNING,MEDIUM,ELEVATED_VIBRATION,MODERATE,Predicted vibration 0.101925 exceeds warning limit 0.10
2340,2026-06-08 00:09:25,2026-06-08 00:10:25,60,vib_y_rms,XGBoost,0.147967,0.1302817463874817,-0.0176852536125182,WARNING,MEDIUM,ELEVATED_VIBRATION,MODERATE,Predicted vibration 0.130282 exceeds warning limit 0.10
2341,2026-06-08 00:09:25,2026-06-08 00:10:25,60,vib_z_rms,XGBoost,0.066624,0.0604448392987251,-0.0061791607012748,NORMAL,NORMAL,NONE,MODERATE,
2349,2026-06-08 00:09:26,2026-06-08 00:10:26,60,mag_x,Ridge,60.62,241.61819524429367,180.99819524429367,LOW_CONFIDENCE,INFO,MODEL_RELIABILITY_WARNING,LOW,Magnetic forecasting model has low predictive reliability based on walk-forward evaluation.
2350,2026-06-08 00:09:26,2026-06-08 00:10:26,60,mag_y,Ridge,401.52,216.8885968178029,-184.63140318219712,LOW_CONFIDENCE,INFO,MODEL_RELIABILITY_WARNING,LOW,Magnetic forecasting model has low predictive reliability based on walk-forward evaluation.
2351,2026-06-08 00:09:26,2026-06-08 00:10:26,60,mag_z,Ridge,264.096,229.5015259053,-34.59447409469999,LOW_CONFIDENCE,INFO,MODEL_RELIABILITY_WARNING,LOW,Magnetic forecasting model has low predictive reliability based on walk-forward evaluation.
2352,2026-06-08 00:09:26,2026-06-08 00:10:26,60,temperature,Persistence,45.50536871,45.50536871,0.0,NORMAL,NORMAL,NONE,HIGH,
2346,2026-06-08 00:09:26,2026-06-08 00:10:26,60,vib_x_rms,XGBoost,0.105929,0.1049442440271377,-0.0009847559728622,WARNING,MEDIUM,ELEVATED_VIBRATION,MODERATE,Predicted vibration 0.104944 exceeds warning limit 0.10
2347,2026-06-08 00:09:26,2026-06-08 00:10:26,60,vib_y_rms,XGBoost,0.151207,0.1344631165266037,-0.0167438834733963,WARNING,MEDIUM,ELEVATED_VIBRATION,MODERATE,Predicted vibration 0.134463 exceeds warning limit 0.10
2348,2026-06-08 00:09:26,2026-06-08 00:10:26,60,vib_z_rms,XGBoost,0.058961,0.0576101839542388,-0.0013508160457611,NORMAL,NORMAL,NONE,MODERATE,
2356,2026-06-08 00:09:28,2026-06-08 00:10:28,60,mag_x,Ridge,219.422,236.6988717206513,17.276871720651343,LOW_CONFIDENCE,INFO,MODEL_RELIABILITY_WARNING,LOW,Magnetic forecasting model has low predictive reliability based on walk-forward evaluation.
2357,2026-06-08 00:09:28,2026-06-08 00:10:28,60,mag_y,Ridge,397.502,228.9888014155516,-168.51319858444842,LOW_CONFIDENCE,INFO,MODEL_RELIABILITY_WARNING,LOW,Magnetic forecasting model has low predictive reliability based on walk-forward evaluation.
2358,2026-06-08 00:09:28,2026-06-08 00:10:28,60,mag_z,Ridge,272.09,236.71745323113208,-35.37254676886789,LOW_CONFIDENCE,INFO,MODEL_RELIABILITY_WARNING,LOW,Magnetic forecasting model has low predictive reliability based on walk-forward evaluation.
2359,2026-06-08 00:09:28,2026-06-08 00:10:28,60,temperature,Persistence,45.50429497,45.50429497,0.0,NORMAL,NORMAL,NONE,HIGH,
2353,2026-06-08 00:09:28,2026-06-08 00:10:28,60,vib_x_rms,XGBoost,0.096395,0.1061652302742004,0.0097702302742004,WARNING,MEDIUM,ELEVATED_VIBRATION,MODERATE,Predicted vibration 0.106165 exceeds warning limit 0.10
2354,2026-06-08 00:09:28,2026-06-08 00:10:28,60,vib_y_rms,XGBoost,0.129219,0.1388641893863678,0.0096451893863677,WARNING,MEDIUM,ELEVATED_VIBRATION,MODERATE,Predicted vibration 0.138864 exceeds warning limit 0.10
2355,2026-06-08 00:09:28,2026-06-08 00:10:28,60,vib_z_rms,XGBoost,0.057613,0.060626283288002,0.003013283288002,NORMAL,NORMAL,NONE,MODERATE,
2363,2026-06-08 00:09:29,2026-06-08 00:10:29,60,mag_x,Ridge,182.672,237.40353198679284,54.731531986792845,LOW_CONFIDENCE,INFO,MODEL_RELIABILITY_WARNING,LOW,Magnetic forecasting model has low predictive reliability based on walk-forward evaluation.
2364,2026-06-08 00:09:29,2026-06-08 00:10:29,60,mag_y,Ridge,178.15,225.70980731041345,47.55980731041345,LOW_CONFIDENCE,INFO,MODEL_RELIABILITY_WARNING,LOW,Magnetic forecasting model has low predictive reliability based on walk-forward evaluation.
2365,2026-06-08 00:09:29,2026-06-08 00:10:29,60,mag_z,Ridge,194.152,233.7324001362656,39.58040013626561,LOW_CONFIDENCE,INFO,MODEL_RELIABILITY_WARNING,LOW,Magnetic forecasting model has low predictive reliability based on walk-forward evaluation.
2366,2026-06-08 00:09:29,2026-06-08 00:10:29,60,temperature,Persistence,45.50343597,45.50343597,0.0,NORMAL,NORMAL,NONE,HIGH,
2360,2026-06-08 00:09:29,2026-06-08 00:10:29,60,vib_x_rms,XGBoost,0.120183,0.1041744425892829,-0.016008557410717,WARNING,MEDIUM,ELEVATED_VIBRATION,MODERATE,Predicted vibration 0.104174 exceeds warning limit 0.10
2361,2026-06-08 00:09:29,2026-06-08 00:10:29,60,vib_y_rms,XGBoost,0.129488,0.1353410333395004,0.0058530333395004,WARNING,MEDIUM,ELEVATED_VIBRATION,MODERATE,Predicted vibration 0.135341 exceeds warning limit 0.10
2362,2026-06-08 00:09:29,2026-06-08 00:10:29,60,vib_z_rms,XGBoost,0.056438,0.0604242160916328,0.0039862160916328,NORMAL,NORMAL,NONE,MODERATE,
2370,2026-06-08 00:09:30,2026-06-08 00:10:30,60,mag_x,Ridge,370.286,228.36457480322733,-141.92142519677267,LOW_CONFIDENCE,INFO,MODEL_RELIABILITY_WARNING,LOW,Magnetic forecasting model has low predictive reliability based on walk-forward evaluation.
2371,2026-06-08 00:09:30,2026-06-08 00:10:30,60,mag_y,Ridge,112.28,232.16352772343825,119.88352772343823,LOW_CONFIDENCE,INFO,MODEL_RELIABILITY_WARNING,LOW,Magnetic forecasting model has low predictive reliability based on walk-forward evaluation.
2372,2026-06-08 00:09:30,2026-06-08 00:10:30,60,mag_z,Ridge,146.328,237.82924497182387,91.50124497182388,LOW_CONFIDENCE,INFO,MODEL_RELIABILITY_WARNING,LOW,Magnetic forecasting model has low predictive reliability based on walk-forward evaluation.
2373,2026-06-08 00:09:30,2026-06-08 00:10:30,60,temperature,Persistence,45.50274878,45.50274878,0.0,NORMAL,NORMAL,NONE,HIGH,
2367,2026-06-08 00:09:30,2026-06-08 00:10:30,60,vib_x_rms,XGBoost,0.118632,0.1030880734324455,-0.0155439265675544,WARNING,MEDIUM,ELEVATED_VIBRATION,MODERATE,Predicted vibration 0.103088 exceeds warning limit 0.10
2368,2026-06-08 00:09:30,2026-06-08 00:10:30,60,vib_y_rms,XGBoost,0.14353,0.1329694837331771,-0.0105605162668228,WARNING,MEDIUM,ELEVATED_VIBRATION,MODERATE,Predicted vibration 0.132969 exceeds warning limit 0.10
2369,2026-06-08 00:09:30,2026-06-08 00:10:30,60,vib_z_rms,XGBoost,0.06303,0.0595879927277565,-0.0034420072722435,NORMAL,NORMAL,NONE,MODERATE,
2377,2026-06-08 00:09:32,2026-06-08 00:10:32,60,mag_x,Ridge,148.708,236.99866139193975,88.29066139193978,LOW_CONFIDENCE,INFO,MODEL_RELIABILITY_WARNING,LOW,Magnetic forecasting model has low predictive reliability based on walk-forward evaluation.
2378,2026-06-08 00:09:32,2026-06-08 00:10:32,60,mag_y,Ridge,168.28,224.724439963187,56.444439963186994,LOW_CONFIDENCE,INFO,MODEL_RELIABILITY_WARNING,LOW,Magnetic forecasting model has low predictive reliability based on walk-forward evaluation.
2379,2026-06-08 00:09:32,2026-06-08 00:10:32,60,mag_z,Ridge,391.342,232.5613108264286,-158.78068917357135,LOW_CONFIDENCE,INFO,MODEL_RELIABILITY_WARNING,LOW,Magnetic forecasting model has low predictive reliability based on walk-forward evaluation.
2380,2026-06-08 00:09:32,2026-06-08 00:10:32,60,temperature,Persistence,45.50219902,45.50219902,0.0,NORMAL,NORMAL,NONE,HIGH,
2374,2026-06-08 00:09:32,2026-06-08 00:10:32,60,vib_x_rms,XGBoost,0.091279,0.1037005707621574,0.0124215707621574,WARNING,MEDIUM,ELEVATED_VIBRATION,MODERATE,Predicted vibration 0.103701 exceeds warning limit 0.10
2375,2026-06-08 00:09:32,2026-06-08 00:10:32,60,vib_y_rms,XGBoost,0.129319,0.134350910782814,0.005031910782814,WARNING,MEDIUM,ELEVATED_VIBRATION,MODERATE,Predicted vibration 0.134351 exceeds warning limit 0.10
2376,2026-06-08 00:09:32,2026-06-08 00:10:32,60,vib_z_rms,XGBoost,0.062748,0.0594880543649196,-0.0032599456350803,NORMAL,NORMAL,NONE,MODERATE,
2384,2026-06-08 00:09:33,2026-06-08 00:10:33,60,mag_x,Ridge,335.636,238.27859318772403,-97.357406812276,LOW_CONFIDENCE,INFO,MODEL_RELIABILITY_WARNING,LOW,Magnetic forecasting model has low predictive reliability based on walk-forward evaluation.
2385,2026-06-08 00:09:33,2026-06-08 00:10:33,60,mag_y,Ridge,312.27,228.25173357034407,-84.01826642965591,LOW_CONFIDENCE,INFO,MODEL_RELIABILITY_WARNING,LOW,Magnetic forecasting model has low predictive reliability based on walk-forward evaluation.
2386,2026-06-08 00:09:33,2026-06-08 00:10:33,60,mag_z,Ridge,311.08,234.7975136713645,-76.28248632863549,LOW_CONFIDENCE,INFO,MODEL_RELIABILITY_WARNING,LOW,Magnetic forecasting model has low predictive reliability based on walk-forward evaluation.
2387,2026-06-08 00:09:33,2026-06-08 00:10:33,60,temperature,Persistence,45.50175922,45.50175922,0.0,NORMAL,NORMAL,NONE,HIGH,
2381,2026-06-08 00:09:33,2026-06-08 00:10:33,60,vib_x_rms,XGBoost,0.111128,0.1073602214455604,-0.0037677785544395,WARNING,MEDIUM,ELEVATED_VIBRATION,MODERATE,Predicted vibration 0.107360 exceeds warning limit 0.10
2382,2026-06-08 00:09:33,2026-06-08 00:10:33,60,vib_y_rms,XGBoost,0.130368,0.1335937082767486,0.0032257082767486,WARNING,MEDIUM,ELEVATED_VIBRATION,MODERATE,Predicted vibration 0.133594 exceeds warning limit 0.10
2383,2026-06-08 00:09:33,2026-06-08 00:10:33,60,vib_z_rms,XGBoost,0.063806,0.0600291639566421,-0.0037768360433578,NORMAL,NORMAL,NONE,MODERATE,
2391,2026-06-08 00:09:35,2026-06-08 00:10:35,60,mag_x,Ridge,20.846,239.7216829837799,218.8756829837799,LOW_CONFIDENCE,INFO,MODEL_RELIABILITY_WARNING,LOW,Magnetic forecasting model has low predictive reliability based on walk-forward evaluation.
2392,2026-06-08 00:09:35,2026-06-08 00:10:35,60,mag_y,Ridge,91.826,225.98275360766863,134.15675360766866,LOW_CONFIDENCE,INFO,MODEL_RELIABILITY_WARNING,LOW,Magnetic forecasting model has low predictive reliability based on walk-forward evaluation.
2393,2026-06-08 00:09:35,2026-06-08 00:10:35,60,mag_z,Ridge,426.58,241.8758115230014,-184.70418847699855,LOW_CONFIDENCE,INFO,MODEL_RELIABILITY_WARNING,LOW,Magnetic forecasting model has low predictive reliability based on walk-forward evaluation.
2394,2026-06-08 00:09:35,2026-06-08 00:10:35,60,temperature,Persistence,45.50140737,45.50140737,0.0,NORMAL,NORMAL,NONE,HIGH,
2388,2026-06-08 00:09:35,2026-06-08 00:10:35,60,vib_x_rms,XGBoost,0.111088,0.1035628914833068,-0.0075251085166931,WARNING,MEDIUM,ELEVATED_VIBRATION,MODERATE,Predicted vibration 0.103563 exceeds warning limit 0.10
2389,2026-06-08 00:09:35,2026-06-08 00:10:35,60,vib_y_rms,XGBoost,0.145424,0.1330461204051971,-0.0123778795948028,WARNING,MEDIUM,ELEVATED_VIBRATION,MODERATE,Predicted vibration 0.133046 exceeds warning limit 0.10
2390,2026-06-08 00:09:35,2026-06-08 00:10:35,60,vib_z_rms,XGBoost,0.063084,0.0598118752241134,-0.0032721247758865,NORMAL,NORMAL,NONE,MODERATE,
2398,2026-06-08 00:09:36,2026-06-08 00:10:36,60,mag_x,Ridge,4.438,230.7800833770907,226.34208337709072,LOW_CONFIDENCE,INFO,MODEL_RELIABILITY_WARNING,LOW,Magnetic forecasting model has low predictive reliability based on walk-forward evaluation.
2399,2026-06-08 00:09:36,2026-06-08 00:10:36,60,mag_y,Ridge,100.184,233.59846801497167,133.41446801497167,LOW_CONFIDENCE,INFO,MODEL_RELIABILITY_WARNING,LOW,Magnetic forecasting model has low predictive reliability based on walk-forward evaluation.
2400,2026-06-08 00:09:36,2026-06-08 00:10:36,60,mag_z,Ridge,100.254,228.01256010826611,127.75856010826614,LOW_CONFIDENCE,INFO,MODEL_RELIABILITY_WARNING,LOW,Magnetic forecasting model has low predictive reliability based on walk-forward evaluation.
2401,2026-06-08 00:09:36,2026-06-08 00:10:36,60,temperature,Persistence,45.5011259,45.5011259,0.0,NORMAL,NORMAL,NONE,HIGH,
2395,2026-06-08 00:09:36,2026-06-08 00:10:36,60,vib_x_rms,XGBoost,0.117663,0.1071322187781333,-0.0105307812218666,WARNING,MEDIUM,ELEVATED_VIBRATION,MODERATE,Predicted vibration 0.107132 exceeds warning limit 0.10
2396,2026-06-08 00:09:36,2026-06-08 00:10:36,60,vib_y_rms,XGBoost,0.141137,0.1356429457664489,-0.005494054233551,WARNING,MEDIUM,ELEVATED_VIBRATION,MODERATE,Predicted vibration 0.135643 exceeds warning limit 0.10
2397,2026-06-08 00:09:36,2026-06-08 00:10:36,60,vib_z_rms,XGBoost,0.061761,0.0602155439555645,-0.0015454560444355,NORMAL,NORMAL,NONE,MODERATE,
2405,2026-06-08 00:09:38,2026-06-08 00:10:38,60,mag_x,Ridge,287.56,235.4217078026844,-52.13829219731559,LOW_CONFIDENCE,INFO,MODEL_RELIABILITY_WARNING,LOW,Magnetic forecasting model has low predictive reliability based on walk-forward evaluation.
2406,2026-06-08 00:09:38,2026-06-08 00:10:38,60,mag_y,Ridge,310.1,235.8608381471384,-74.23916185286166,LOW_CONFIDENCE,INFO,MODEL_RELIABILITY_WARNING,LOW,Magnetic forecasting model has low predictive reliability based on walk-forward evaluation.
2407,2026-06-08 00:09:38,2026-06-08 00:10:38,60,mag_z,Ridge,350.952,237.61268980352617,-113.33931019647385,LOW_CONFIDENCE,INFO,MODEL_RELIABILITY_WARNING,LOW,Magnetic forecasting model has low predictive reliability based on walk-forward evaluation.
2408,2026-06-08 00:09:38,2026-06-08 00:10:38,60,temperature,Persistence,45.50090072,45.50090072,0.0,NORMAL,NORMAL,NONE,HIGH,
2402,2026-06-08 00:09:38,2026-06-08 00:10:38,60,vib_x_rms,XGBoost,0.111982,0.1083780378103256,-0.0036039621896743,WARNING,MEDIUM,ELEVATED_VIBRATION,MODERATE,Predicted vibration 0.108378 exceeds warning limit 0.10
2403,2026-06-08 00:09:38,2026-06-08 00:10:38,60,vib_y_rms,XGBoost,0.144934,0.1367091834545135,-0.0082248165454864,WARNING,MEDIUM,ELEVATED_VIBRATION,MODERATE,Predicted vibration 0.136709 exceeds warning limit 0.10
2404,2026-06-08 00:09:38,2026-06-08 00:10:38,60,vib_z_rms,XGBoost,0.063942,0.061300341039896,-0.0026416589601039,NORMAL,NORMAL,NONE,MODERATE,
2412,2026-06-08 00:09:39,2026-06-08 00:10:39,60,mag_x,Ridge,404.208,230.07597714515677,-174.13202285484329,LOW_CONFIDENCE,INFO,MODEL_RELIABILITY_WARNING,LOW,Magnetic forecasting model has low predictive reliability based on walk-forward evaluation.
2413,2026-06-08 00:09:39,2026-06-08 00:10:39,60,mag_y,Ridge,409.318,239.6242907599592,-169.69370924004082,LOW_CONFIDENCE,INFO,MODEL_RELIABILITY_WARNING,LOW,Magnetic forecasting model has low predictive reliability based on walk-forward evaluation.
2414,2026-06-08 00:09:39,2026-06-08 00:10:39,60,mag_z,Ridge,119.728,232.90021049133424,113.17221049133424,LOW_CONFIDENCE,INFO,MODEL_RELIABILITY_WARNING,LOW,Magnetic forecasting model has low predictive reliability based on walk-forward evaluation.
2415,2026-06-08 00:09:39,2026-06-08 00:10:39,60,temperature,Persistence,45.50072058,45.50072058,0.0,NORMAL,NORMAL,NONE,HIGH,
2409,2026-06-08 00:09:39,2026-06-08 00:10:39,60,vib_x_rms,XGBoost,0.112356,0.1102694943547248,-0.0020865056452751,WARNING,MEDIUM,ELEVATED_VIBRATION,MODERATE,Predicted vibration 0.110269 exceeds warning limit 0.10
2410,2026-06-08 00:09:39,2026-06-08 00:10:39,60,vib_y_rms,XGBoost,0.150555,0.1374519914388656,-0.0131030085611343,WARNING,MEDIUM,ELEVATED_VIBRATION,MODERATE,Predicted vibration 0.137452 exceeds warning limit 0.10
2411,2026-06-08 00:09:39,2026-06-08 00:10:39,60,vib_z_rms,XGBoost,0.059838,0.0609622597694397,0.0011242597694396,NORMAL,NORMAL,NONE,MODERATE,
2419,2026-06-08 00:09:40,2026-06-08 00:10:40,60,mag_x,Ridge,327.04,232.74297123044855,-94.29702876955145,LOW_CONFIDENCE,INFO,MODEL_RELIABILITY_WARNING,LOW,Magnetic forecasting model has low predictive reliability based on walk-forward evaluation.
2420,2026-06-08 00:09:40,2026-06-08 00:10:40,60,mag_y,Ridge,33.376,228.11179622088213,194.7357962208821,LOW_CONFIDENCE,INFO,MODEL_RELIABILITY_WARNING,LOW,Magnetic forecasting model has low predictive reliability based on walk-forward evaluation.
2421,2026-06-08 00:09:40,2026-06-08 00:10:40,60,mag_z,Ridge,235.592,232.90956448042996,-2.682435519570077,LOW_CONFIDENCE,INFO,MODEL_RELIABILITY_WARNING,LOW,Magnetic forecasting model has low predictive reliability based on walk-forward evaluation.
2422,2026-06-08 00:09:40,2026-06-08 00:10:40,60,temperature,Persistence,45.50057646,45.50057646,0.0,NORMAL,NORMAL,NONE,HIGH,
2416,2026-06-08 00:09:40,2026-06-08 00:10:40,60,vib_x_rms,XGBoost,0.108698,0.1095394939184188,0.0008414939184188,WARNING,MEDIUM,ELEVATED_VIBRATION,MODERATE,Predicted vibration 0.109539 exceeds warning limit 0.10
2417,2026-06-08 00:09:40,2026-06-08 00:10:40,60,vib_y_rms,XGBoost,0.153185,0.1364281326532364,-0.0167568673467636,WARNING,MEDIUM,ELEVATED_VIBRATION,MODERATE,Predicted vibration 0.136428 exceeds warning limit 0.10
2418,2026-06-08 00:09:40,2026-06-08 00:10:40,60,vib_z_rms,XGBoost,0.056376,0.0612805671989917,0.0049045671989917,NORMAL,NORMAL,NONE,MODERATE,
2426,2026-06-08 00:09:42,2026-06-08 00:10:42,60,mag_x,Ridge,181.93,229.7748790691832,47.84487906918315,LOW_CONFIDENCE,INFO,MODEL_RELIABILITY_WARNING,LOW,Magnetic forecasting model has low predictive reliability based on walk-forward evaluation.
2427,2026-06-08 00:09:42,2026-06-08 00:10:42,60,mag_y,Ridge,337.036,234.23532767500305,-102.80067232499698,LOW_CONFIDENCE,INFO,MODEL_RELIABILITY_WARNING,LOW,Magnetic forecasting model has low predictive reliability based on walk-forward evaluation.
2428,2026-06-08 00:09:42,2026-06-08 00:10:42,60,mag_z,Ridge,404.04,232.5691036268852,-171.47089637311484,LOW_CONFIDENCE,INFO,MODEL_RELIABILITY_WARNING,LOW,Magnetic forecasting model has low predictive reliability based on walk-forward evaluation.
2429,2026-06-08 00:09:42,2026-06-08 00:10:42,60,temperature,Persistence,45.50046117,45.50046117,0.0,NORMAL,NORMAL,NONE,HIGH,
2423,2026-06-08 00:09:42,2026-06-08 00:10:42,60,vib_x_rms,XGBoost,0.102266,0.1088142842054367,0.0065482842054367,WARNING,MEDIUM,ELEVATED_VIBRATION,MODERATE,Predicted vibration 0.108814 exceeds warning limit 0.10
2424,2026-06-08 00:09:42,2026-06-08 00:10:42,60,vib_y_rms,XGBoost,0.143159,0.1349335312843322,-0.0082254687156677,WARNING,MEDIUM,ELEVATED_VIBRATION,MODERATE,Predicted vibration 0.134934 exceeds warning limit 0.10
2425,2026-06-08 00:09:42,2026-06-08 00:10:42,60,vib_z_rms,XGBoost,0.05796,0.061037465929985,0.003077465929985,NORMAL,NORMAL,NONE,MODERATE,
2433,2026-06-08 00:09:43,2026-06-08 00:10:43,60,mag_x,Ridge,456.778,229.3348870812997,-227.4431129187003,LOW_CONFIDENCE,INFO,MODEL_RELIABILITY_WARNING,LOW,Magnetic forecasting model has low predictive reliability based on walk-forward evaluation.
2434,2026-06-08 00:09:43,2026-06-08 00:10:43,60,mag_y,Ridge,139.51,221.5233129770256,82.01331297702558,LOW_CONFIDENCE,INFO,MODEL_RELIABILITY_WARNING,LOW,Magnetic forecasting model has low predictive reliability based on walk-forward evaluation.
2435,2026-06-08 00:09:43,2026-06-08 00:10:43,60,mag_z,Ridge,415.688,228.5122726275234,-187.1757273724766,LOW_CONFIDENCE,INFO,MODEL_RELIABILITY_WARNING,LOW,Magnetic forecasting model has low predictive reliability based on walk-forward evaluation.
2436,2026-06-08 00:09:43,2026-06-08 00:10:43,60,temperature,Persistence,45.50036893,45.50036893,0.0,NORMAL,NORMAL,NONE,HIGH,
2430,2026-06-08 00:09:43,2026-06-08 00:10:43,60,vib_x_rms,XGBoost,0.108646,0.1102499291300773,0.0016039291300773,WARNING,MEDIUM,ELEVATED_VIBRATION,MODERATE,Predicted vibration 0.110250 exceeds warning limit 0.10
2431,2026-06-08 00:09:43,2026-06-08 00:10:43,60,vib_y_rms,XGBoost,0.15038,0.1381770372390747,-0.0122029627609253,WARNING,MEDIUM,ELEVATED_VIBRATION,MODERATE,Predicted vibration 0.138177 exceeds warning limit 0.10
2432,2026-06-08 00:09:43,2026-06-08 00:10:43,60,vib_z_rms,XGBoost,0.06561,0.0612460449337959,-0.004363955066204,NORMAL,NORMAL,NONE,MODERATE,
2440,2026-06-08 00:09:45,2026-06-08 00:10:45,60,mag_x,Ridge,152.544,229.77958657347315,77.23558657347314,LOW_CONFIDENCE,INFO,MODEL_RELIABILITY_WARNING,LOW,Magnetic forecasting model has low predictive reliability based on walk-forward evaluation.
2441,2026-06-08 00:09:45,2026-06-08 00:10:45,60,mag_y,Ridge,437.36,233.3037017942292,-204.0562982057708,LOW_CONFIDENCE,INFO,MODEL_RELIABILITY_WARNING,LOW,Magnetic forecasting model has low predictive reliability based on walk-forward evaluation.
2442,2026-06-08 00:09:45,2026-06-08 00:10:45,60,mag_z,Ridge,27.916,224.80594166091788,196.88994166091788,LOW_CONFIDENCE,INFO,MODEL_RELIABILITY_WARNING,LOW,Magnetic forecasting model has low predictive reliability based on walk-forward evaluation.
2443,2026-06-08 00:09:45,2026-06-08 00:10:45,60,temperature,Persistence,45.50029515,45.50029515,0.0,NORMAL,NORMAL,NONE,HIGH,
2437,2026-06-08 00:09:45,2026-06-08 00:10:45,60,vib_x_rms,XGBoost,0.097685,0.1096270605921745,0.0119420605921745,WARNING,MEDIUM,ELEVATED_VIBRATION,MODERATE,Predicted vibration 0.109627 exceeds warning limit 0.10
2438,2026-06-08 00:09:45,2026-06-08 00:10:45,60,vib_y_rms,XGBoost,0.150079,0.1384529769420623,-0.0116260230579376,WARNING,MEDIUM,ELEVATED_VIBRATION,MODERATE,Predicted vibration 0.138453 exceeds warning limit 0.10
2439,2026-06-08 00:09:45,2026-06-08 00:10:45,60,vib_z_rms,XGBoost,0.061963,0.061429925262928,-0.0005330747370719,NORMAL,NORMAL,NONE,MODERATE,
2447,2026-06-08 00:09:46,2026-06-08 00:10:46,60,mag_x,Ridge,38.598,220.95376478349735,182.35576478349736,LOW_CONFIDENCE,INFO,MODEL_RELIABILITY_WARNING,LOW,Magnetic forecasting model has low predictive reliability based on walk-forward evaluation.
2448,2026-06-08 00:09:46,2026-06-08 00:10:46,60,mag_y,Ridge,91.224,231.47593959385856,140.25193959385854,LOW_CONFIDENCE,INFO,MODEL_RELIABILITY_WARNING,LOW,Magnetic forecasting model has low predictive reliability based on walk-forward evaluation.
2449,2026-06-08 00:09:46,2026-06-08 00:10:46,60,mag_z,Ridge,193.046,226.1870659294113,33.1410659294113,LOW_CONFIDENCE,INFO,MODEL_RELIABILITY_WARNING,LOW,Magnetic forecasting model has low predictive reliability based on walk-forward evaluation.
2450,2026-06-08 00:09:46,2026-06-08 00:10:46,60,temperature,Persistence,45.50023612,45.50023612,0.0,NORMAL,NORMAL,NONE,HIGH,
2444,2026-06-08 00:09:46,2026-06-08 00:10:46,60,vib_x_rms,XGBoost,0.08837,0.1087371706962585,0.0203671706962585,WARNING,MEDIUM,ELEVATED_VIBRATION,MODERATE,Predicted vibration 0.108737 exceeds warning limit 0.10
2445,2026-06-08 00:09:46,2026-06-08 00:10:46,60,vib_y_rms,XGBoost,0.134682,0.1365182548761367,0.0018362548761367,WARNING,MEDIUM,ELEVATED_VIBRATION,MODERATE,Predicted vibration 0.136518 exceeds warning limit 0.10
2446,2026-06-08 00:09:46,2026-06-08 00:10:46,60,vib_z_rms,XGBoost,0.061762,0.0604702197015285,-0.0012917802984714,NORMAL,NORMAL,NONE,MODERATE,
2454,2026-06-08 00:09:48,2026-06-08 00:10:48,60,mag_x,Ridge,232.358,227.60081140505355,-4.757188594946456,LOW_CONFIDENCE,INFO,MODEL_RELIABILITY_WARNING,LOW,Magnetic forecasting model has low predictive reliability based on walk-forward evaluation.
2455,2026-06-08 00:09:48,2026-06-08 00:10:48,60,mag_y,Ridge,447.678,237.091207892298,-210.586792107702,LOW_CONFIDENCE,INFO,MODEL_RELIABILITY_WARNING,LOW,Magnetic forecasting model has low predictive reliability based on walk-forward evaluation.
2456,2026-06-08 00:09:48,2026-06-08 00:10:48,60,mag_z,Ridge,132.86,225.3179654155728,92.4579654155728,LOW_CONFIDENCE,INFO,MODEL_RELIABILITY_WARNING,LOW,Magnetic forecasting model has low predictive reliability based on walk-forward evaluation.
2457,2026-06-08 00:09:48,2026-06-08 00:10:48,60,temperature,Persistence,45.50018889,45.50018889,0.0,NORMAL,NORMAL,NONE,HIGH,
2451,2026-06-08 00:09:48,2026-06-08 00:10:48,60,vib_x_rms,XGBoost,0.11039,0.1079581901431083,-0.0024318098568916,WARNING,MEDIUM,ELEVATED_VIBRATION,MODERATE,Predicted vibration 0.107958 exceeds warning limit 0.10
2452,2026-06-08 00:09:48,2026-06-08 00:10:48,60,vib_y_rms,XGBoost,0.153842,0.1374134123325348,-0.0164285876674652,WARNING,MEDIUM,ELEVATED_VIBRATION,MODERATE,Predicted vibration 0.137413 exceeds warning limit 0.10
2453,2026-06-08 00:09:48,2026-06-08 00:10:48,60,vib_z_rms,XGBoost,0.0666,0.0614308342337608,-0.0051691657662391,NORMAL,NORMAL,NONE,MODERATE,
2461,2026-06-08 00:09:49,2026-06-08 00:10:49,60,mag_x,Ridge,435.596,221.41235781962737,-214.18364218037263,LOW_CONFIDENCE,INFO,MODEL_RELIABILITY_WARNING,LOW,Magnetic forecasting model has low predictive reliability based on walk-forward evaluation.
2462,2026-06-08 00:09:49,2026-06-08 00:10:49,60,mag_y,Ridge,43.456,238.48333962337847,195.02733962337845,LOW_CONFIDENCE,INFO,MODEL_RELIABILITY_WARNING,LOW,Magnetic forecasting model has low predictive reliability based on walk-forward evaluation.
2463,2026-06-08 00:09:49,2026-06-08 00:10:49,60,mag_z,Ridge,266.77,232.0350551694078,-34.734944830592184,LOW_CONFIDENCE,INFO,MODEL_RELIABILITY_WARNING,LOW,Magnetic forecasting model has low predictive reliability based on walk-forward evaluation.
2464,2026-06-08 00:09:49,2026-06-08 00:10:49,60,temperature,Persistence,45.50015112,45.50015112,0.0,NORMAL,NORMAL,NONE,HIGH,
2458,2026-06-08 00:09:49,2026-06-08 00:10:49,60,vib_x_rms,XGBoost,0.123031,0.1085516363382339,-0.014479363661766,WARNING,MEDIUM,ELEVATED_VIBRATION,MODERATE,Predicted vibration 0.108552 exceeds warning limit 0.10
2459,2026-06-08 00:09:49,2026-06-08 00:10:49,60,vib_y_rms,XGBoost,0.14603,0.1379521489143371,-0.0080778510856628,WARNING,MEDIUM,ELEVATED_VIBRATION,MODERATE,Predicted vibration 0.137952 exceeds warning limit 0.10
2460,2026-06-08 00:09:49,2026-06-08 00:10:49,60,vib_z_rms,XGBoost,0.072924,0.061586819589138,-0.0113371804108619,NORMAL,NORMAL,NONE,MODERATE,
2468,2026-06-08 00:09:50,2026-06-08 00:10:50,60,mag_x,Ridge,433.524,225.0738824069928,-208.45011759300723,LOW_CONFIDENCE,INFO,MODEL_RELIABILITY_WARNING,LOW,Magnetic forecasting model has low predictive reliability based on walk-forward evaluation.
2469,2026-06-08 00:09:50,2026-06-08 00:10:50,60,mag_y,Ridge,377.538,231.60013758647383,-145.93786241352615,LOW_CONFIDENCE,INFO,MODEL_RELIABILITY_WARNING,LOW,Magnetic forecasting model has low predictive reliability based on walk-forward evaluation.
2470,2026-06-08 00:09:50,2026-06-08 00:10:50,60,mag_z,Ridge,177.254,221.7959337814923,44.541933781492304,LOW_CONFIDENCE,INFO,MODEL_RELIABILITY_WARNING,LOW,Magnetic forecasting model has low predictive reliability based on walk-forward evaluation.
2471,2026-06-08 00:09:50,2026-06-08 00:10:50,60,temperature,Persistence,45.50012089,45.50012089,0.0,NORMAL,NORMAL,NONE,HIGH,
2465,2026-06-08 00:09:50,2026-06-08 00:10:50,60,vib_x_rms,XGBoost,0.104344,0.1091841235756874,0.0048401235756874,WARNING,MEDIUM,ELEVATED_VIBRATION,MODERATE,Predicted vibration 0.109184 exceeds warning limit 0.10
2466,2026-06-08 00:09:50,2026-06-08 00:10:50,60,vib_y_rms,XGBoost,0.162759,0.1342994272708892,-0.0284595727291107,WARNING,MEDIUM,ELEVATED_VIBRATION,MODERATE,Predicted vibration 0.134299 exceeds warning limit 0.10
2467,2026-06-08 00:09:50,2026-06-08 00:10:50,60,vib_z_rms,XGBoost,0.057644,0.0622237920761108,0.0045797920761108,NORMAL,NORMAL,NONE,MODERATE,
2475,2026-06-08 00:09:52,2026-06-08 00:10:52,60,mag_x,Ridge,118.972,223.9326442184937,104.96064421849373,LOW_CONFIDENCE,INFO,MODEL_RELIABILITY_WARNING,LOW,Magnetic forecasting model has low predictive reliability based on walk-forward evaluation.
2476,2026-06-08 00:09:52,2026-06-08 00:10:52,60,mag_y,Ridge,306.936,227.10362826246904,-79.83237173753093,LOW_CONFIDENCE,INFO,MODEL_RELIABILITY_WARNING,LOW,Magnetic forecasting model has low predictive reliability based on walk-forward evaluation.
2477,2026-06-08 00:09:52,2026-06-08 00:10:52,60,mag_z,Ridge,67.606,224.9323074004976,157.32630740049763,LOW_CONFIDENCE,INFO,MODEL_RELIABILITY_WARNING,LOW,Magnetic forecasting model has low predictive reliability based on walk-forward evaluation.
2478,2026-06-08 00:09:52,2026-06-08 00:10:52,60,temperature,Persistence,45.50009671,45.50009671,0.0,NORMAL,NORMAL,NONE,HIGH,
2472,2026-06-08 00:09:52,2026-06-08 00:10:52,60,vib_x_rms,XGBoost,0.094184,0.1084998399019241,0.0143158399019241,WARNING,MEDIUM,ELEVATED_VIBRATION,MODERATE,Predicted vibration 0.108500 exceeds warning limit 0.10
2473,2026-06-08 00:09:52,2026-06-08 00:10:52,60,vib_y_rms,XGBoost,0.128452,0.1328169703483581,0.0043649703483581,WARNING,MEDIUM,ELEVATED_VIBRATION,MODERATE,Predicted vibration 0.132817 exceeds warning limit 0.10
2474,2026-06-08 00:09:52,2026-06-08 00:10:52,60,vib_z_rms,XGBoost,0.06242,0.0614803284406662,-0.0009396715593338,NORMAL,NORMAL,NONE,MODERATE,
2482,2026-06-08 00:09:53,2026-06-08 00:10:53,60,mag_x,Ridge,21.252,219.9700211677225,198.7180211677225,LOW_CONFIDENCE,INFO,MODEL_RELIABILITY_WARNING,LOW,Magnetic forecasting model has low predictive reliability based on walk-forward evaluation.
2483,2026-06-08 00:09:53,2026-06-08 00:10:53,60,mag_y,Ridge,73.752,227.07530569722687,153.32330569722689,LOW_CONFIDENCE,INFO,MODEL_RELIABILITY_WARNING,LOW,Magnetic forecasting model has low predictive reliability based on walk-forward evaluation.
2484,2026-06-08 00:09:53,2026-06-08 00:10:53,60,mag_z,Ridge,150.15,227.82247646462545,77.67247646462542,LOW_CONFIDENCE,INFO,MODEL_RELIABILITY_WARNING,LOW,Magnetic forecasting model has low predictive reliability based on walk-forward evaluation.
2485,2026-06-08 00:09:53,2026-06-08 00:10:53,60,temperature,Persistence,45.50007737,45.50007737,0.0,NORMAL,NORMAL,NONE,HIGH,
2479,2026-06-08 00:09:53,2026-06-08 00:10:53,60,vib_x_rms,XGBoost,0.099048,0.1077530309557914,0.0087050309557914,WARNING,MEDIUM,ELEVATED_VIBRATION,MODERATE,Predicted vibration 0.107753 exceeds warning limit 0.10
2480,2026-06-08 00:09:53,2026-06-08 00:10:53,60,vib_y_rms,XGBoost,0.132334,0.1354837268590927,0.0031497268590927,WARNING,MEDIUM,ELEVATED_VIBRATION,MODERATE,Predicted vibration 0.135484 exceeds warning limit 0.10
2481,2026-06-08 00:09:53,2026-06-08 00:10:53,60,vib_z_rms,XGBoost,0.059291,0.0608201175928115,0.0015291175928115,NORMAL,NORMAL,NONE,MODERATE,
2489,2026-06-08 00:09:55,2026-06-08 00:10:55,60,mag_x,Ridge,435.12,214.5403634371292,-220.5796365628708,LOW_CONFIDENCE,INFO,MODEL_RELIABILITY_WARNING,LOW,Magnetic forecasting model has low predictive reliability based on walk-forward evaluation.
2490,2026-06-08 00:09:55,2026-06-08 00:10:55,60,mag_y,Ridge,73.416,230.02381378591903,156.60781378591903,LOW_CONFIDENCE,INFO,MODEL_RELIABILITY_WARNING,LOW,Magnetic forecasting model has low predictive reliability based on walk-forward evaluation.
2491,2026-06-08 00:09:55,2026-06-08 00:10:55,60,mag_z,Ridge,323.862,234.8632426129763,-88.99875738702372,LOW_CONFIDENCE,INFO,MODEL_RELIABILITY_WARNING,LOW,Magnetic forecasting model has low predictive reliability based on walk-forward evaluation.
2492,2026-06-08 00:09:55,2026-06-08 00:10:55,60,temperature,Persistence,45.5000619,45.5000619,0.0,NORMAL,NORMAL,NONE,HIGH,
2486,2026-06-08 00:09:55,2026-06-08 00:10:55,60,vib_x_rms,XGBoost,0.092572,0.1056180372834205,0.0130460372834205,WARNING,MEDIUM,ELEVATED_VIBRATION,MODERATE,Predicted vibration 0.105618 exceeds warning limit 0.10
2487,2026-06-08 00:09:55,2026-06-08 00:10:55,60,vib_y_rms,XGBoost,0.129655,0.1347845047712326,0.0051295047712326,WARNING,MEDIUM,ELEVATED_VIBRATION,MODERATE,Predicted vibration 0.134785 exceeds warning limit 0.10
2488,2026-06-08 00:09:55,2026-06-08 00:10:55,60,vib_z_rms,XGBoost,0.069076,0.0611804090440273,-0.0078955909559726,NORMAL,NORMAL,NONE,MODERATE,
2496,2026-06-08 00:09:56,2026-06-08 00:10:56,60,mag_x,Ridge,226.828,223.67456919983823,-3.1534308001617437,LOW_CONFIDENCE,INFO,MODEL_RELIABILITY_WARNING,LOW,Magnetic forecasting model has low predictive reliability based on walk-forward evaluation.
2497,2026-06-08 00:09:56,2026-06-08 00:10:56,60,mag_y,Ridge,23.954,235.96360638227105,212.00960638227104,LOW_CONFIDENCE,INFO,MODEL_RELIABILITY_WARNING,LOW,Magnetic forecasting model has low predictive reliability based on walk-forward evaluation.
2498,2026-06-08 00:09:56,2026-06-08 00:10:56,60,mag_z,Ridge,161.168,228.9694057129454,67.80140571294538,LOW_CONFIDENCE,INFO,MODEL_RELIABILITY_WARNING,LOW,Magnetic forecasting model has low predictive reliability based on walk-forward evaluation.
2499,2026-06-08 00:09:56,2026-06-08 00:10:56,60,temperature,Persistence,45.50004952,45.50004952,0.0,NORMAL,NORMAL,NONE,HIGH,
2493,2026-06-08 00:09:56,2026-06-08 00:10:56,60,vib_x_rms,XGBoost,0.107999,0.106339044868946,-0.0016599551310539,WARNING,MEDIUM,ELEVATED_VIBRATION,MODERATE,Predicted vibration 0.106339 exceeds warning limit 0.10
2494,2026-06-08 00:09:56,2026-06-08 00:10:56,60,vib_y_rms,XGBoost,0.127957,0.1386623382568359,0.0107053382568359,WARNING,MEDIUM,ELEVATED_VIBRATION,MODERATE,Predicted vibration 0.138662 exceeds warning limit 0.10
2495,2026-06-08 00:09:56,2026-06-08 00:10:56,60,vib_z_rms,XGBoost,0.06261,0.061552632600069,-0.0010573673999309,NORMAL,NORMAL,NONE,MODERATE,
2503,2026-06-08 00:09:58,2026-06-08 00:10:58,60,mag_x,Ridge,267.19,222.3054964216031,-44.8845035783969,LOW_CONFIDENCE,INFO,MODEL_RELIABILITY_WARNING,LOW,Magnetic forecasting model has low predictive reliability based on walk-forward evaluation.
2504,2026-06-08 00:09:58,2026-06-08 00:10:58,60,mag_y,Ridge,150.682,230.80390603467023,80.12190603467025,LOW_CONFIDENCE,INFO,MODEL_RELIABILITY_WARNING,LOW,Magnetic forecasting model has low predictive reliability based on walk-forward evaluation.
2505,2026-06-08 00:09:58,2026-06-08 00:10:58,60,mag_z,Ridge,279.636,232.02233118453285,-47.61366881546718,LOW_CONFIDENCE,INFO,MODEL_RELIABILITY_WARNING,LOW,Magnetic forecasting model has low predictive reliability based on walk-forward evaluation.
2506,2026-06-08 00:09:58,2026-06-08 00:10:58,60,temperature,Persistence,45.50003961,45.50003961,0.0,NORMAL,NORMAL,NONE,HIGH,
2500,2026-06-08 00:09:58,2026-06-08 00:10:58,60,vib_x_rms,XGBoost,0.103232,0.1055841520428657,0.0023521520428657,WARNING,MEDIUM,ELEVATED_VIBRATION,MODERATE,Predicted vibration 0.105584 exceeds warning limit 0.10
2501,2026-06-08 00:09:58,2026-06-08 00:10:58,60,vib_y_rms,XGBoost,0.119008,0.1352561116218567,0.0162481116218566,WARNING,MEDIUM,ELEVATED_VIBRATION,MODERATE,Predicted vibration 0.135256 exceeds warning limit 0.10
2502,2026-06-08 00:09:58,2026-06-08 00:10:58,60,vib_z_rms,XGBoost,0.054252,0.0616484582424163,0.0073964582424163,NORMAL,NORMAL,NONE,MODERATE,
2510,2026-06-08 00:09:59,2026-06-08 00:10:59,60,mag_x,Ridge,357.812,225.93368953520968,-131.87831046479033,LOW_CONFIDENCE,INFO,MODEL_RELIABILITY_WARNING,LOW,Magnetic forecasting model has low predictive reliability based on walk-forward evaluation.
2511,2026-06-08 00:09:59,2026-06-08 00:10:59,60,mag_y,Ridge,421.204,233.6823108899004,-187.52168911009963,LOW_CONFIDENCE,INFO,MODEL_RELIABILITY_WARNING,LOW,Magnetic forecasting model has low predictive reliability based on walk-forward evaluation.
2512,2026-06-08 00:09:59,2026-06-08 00:10:59,60,mag_z,Ridge,345.142,230.20397535161237,-114.93802464838764,LOW_CONFIDENCE,INFO,MODEL_RELIABILITY_WARNING,LOW,Magnetic forecasting model has low predictive reliability based on walk-forward evaluation.
2513,2026-06-08 00:09:59,2026-06-08 00:10:59,60,temperature,Persistence,45.50003169,45.50003169,0.0,NORMAL,NORMAL,NONE,HIGH,
2507,2026-06-08 00:09:59,2026-06-08 00:10:59,60,vib_x_rms,XGBoost,0.092745,0.1041585281491279,0.0114135281491279,WARNING,MEDIUM,ELEVATED_VIBRATION,MODERATE,Predicted vibration 0.104159 exceeds warning limit 0.10
2508,2026-06-08 00:09:59,2026-06-08 00:10:59,60,vib_y_rms,XGBoost,0.10583,0.1341587454080581,0.0283287454080581,WARNING,MEDIUM,ELEVATED_VIBRATION,MODERATE,Predicted vibration 0.134159 exceeds warning limit 0.10
2509,2026-06-08 00:09:59,2026-06-08 00:10:59,60,vib_z_rms,XGBoost,0.06373,0.0606231950223445,-0.0031068049776554,NORMAL,NORMAL,NONE,MODERATE,
2517,2026-06-08 00:10:01,2026-06-08 00:11:01,60,mag_x,Ridge,187.488,229.89542942379637,42.40742942379634,LOW_CONFIDENCE,INFO,MODEL_RELIABILITY_WARNING,LOW,Magnetic forecasting model has low predictive reliability based on walk-forward evaluation.
2518,2026-06-08 00:10:01,2026-06-08 00:11:01,60,mag_y,Ridge,328.034,228.0673310168009,-99.9666689831991,LOW_CONFIDENCE,INFO,MODEL_RELIABILITY_WARNING,LOW,Magnetic forecasting model has low predictive reliability based on walk-forward evaluation.
2519,2026-06-08 00:10:01,2026-06-08 00:11:01,60,mag_z,Ridge,303.968,233.5432407261868,-70.42475927381321,LOW_CONFIDENCE,INFO,MODEL_RELIABILITY_WARNING,LOW,Magnetic forecasting model has low predictive reliability based on walk-forward evaluation.
2520,2026-06-08 00:10:01,2026-06-08 00:11:01,60,temperature,Persistence,45.50002535,45.50002535,0.0,NORMAL,NORMAL,NONE,HIGH,
2514,2026-06-08 00:10:01,2026-06-08 00:11:01,60,vib_x_rms,XGBoost,0.114808,0.1028682962059974,-0.0119397037940025,WARNING,MEDIUM,ELEVATED_VIBRATION,MODERATE,Predicted vibration 0.102868 exceeds warning limit 0.10
2515,2026-06-08 00:10:01,2026-06-08 00:11:01,60,vib_y_rms,XGBoost,0.129955,0.1329918652772903,0.0030368652772903,WARNING,MEDIUM,ELEVATED_VIBRATION,MODERATE,Predicted vibration 0.132992 exceeds warning limit 0.10
2516,2026-06-08 00:10:01,2026-06-08 00:11:01,60,vib_z_rms,XGBoost,0.072952,0.0591328553855419,-0.013819144614458,NORMAL,NORMAL,NONE,MODERATE,
2524,2026-06-08 00:10:02,2026-06-08 00:11:02,60,mag_x,Ridge,252.756,235.9579859873871,-16.798014012612896,LOW_CONFIDENCE,INFO,MODEL_RELIABILITY_WARNING,LOW,Magnetic forecasting model has low predictive reliability based on walk-forward evaluation.
2525,2026-06-08 00:10:02,2026-06-08 00:11:02,60,mag_y,Ridge,411.446,224.79969884503987,-186.64630115496016,LOW_CONFIDENCE,INFO,MODEL_RELIABILITY_WARNING,LOW,Magnetic forecasting model has low predictive reliability based on walk-forward evaluation.
2526,2026-06-08 00:10:02,2026-06-08 00:11:02,60,mag_z,Ridge,81.76,229.63946733642751,147.87946733642752,LOW_CONFIDENCE,INFO,MODEL_RELIABILITY_WARNING,LOW,Magnetic forecasting model has low predictive reliability based on walk-forward evaluation.
2527,2026-06-08 00:10:02,2026-06-08 00:11:02,60,temperature,Persistence,45.50002028,45.50002028,0.0,NORMAL,NORMAL,NONE,HIGH,
2521,2026-06-08 00:10:02,2026-06-08 00:11:02,60,vib_x_rms,XGBoost,0.110642,0.1025902032852172,-0.0080517967147827,WARNING,MEDIUM,ELEVATED_VIBRATION,MODERATE,Predicted vibration 0.102590 exceeds warning limit 0.10
2522,2026-06-08 00:10:02,2026-06-08 00:11:02,60,vib_y_rms,XGBoost,0.135902,0.1342271268367767,-0.0016748731632232,WARNING,MEDIUM,ELEVATED_VIBRATION,MODERATE,Predicted vibration 0.134227 exceeds warning limit 0.10
2523,2026-06-08 00:10:02,2026-06-08 00:11:02,60,vib_z_rms,XGBoost,0.065283,0.0606762245297431,-0.0046067754702567,NORMAL,NORMAL,NONE,MODERATE,
2531,2026-06-08 00:10:03,2026-06-08 00:11:03,60,mag_x,Ridge,287.406,230.461988334512,-56.944011665488006,LOW_CONFIDENCE,INFO,MODEL_RELIABILITY_WARNING,LOW,Magnetic forecasting model has low predictive reliability based on walk-forward evaluation.
2532,2026-06-08 00:10:03,2026-06-08 00:11:03,60,mag_y,Ridge,63.91,219.49098798235997,155.58098798235994,LOW_CONFIDENCE,INFO,MODEL_RELIABILITY_WARNING,LOW,Magnetic forecasting model has low predictive reliability based on walk-forward evaluation.
2533,2026-06-08 00:10:03,2026-06-08 00:11:03,60,mag_z,Ridge,305.424,234.8089525312603,-70.61504746873968,LOW_CONFIDENCE,INFO,MODEL_RELIABILITY_WARNING,LOW,Magnetic forecasting model has low predictive reliability based on walk-forward evaluation.
2534,2026-06-08 00:10:03,2026-06-08 00:11:03,60,temperature,Persistence,45.50001623,45.50001623,0.0,NORMAL,NORMAL,NONE,HIGH,
2528,2026-06-08 00:10:03,2026-06-08 00:11:03,60,vib_x_rms,XGBoost,0.098812,0.102718748152256,0.003906748152256,WARNING,MEDIUM,ELEVATED_VIBRATION,MODERATE,Predicted vibration 0.102719 exceeds warning limit 0.10
2529,2026-06-08 00:10:03,2026-06-08 00:11:03,60,vib_y_rms,XGBoost,0.128051,0.133528247475624,0.005477247475624,WARNING,MEDIUM,ELEVATED_VIBRATION,MODERATE,Predicted vibration 0.133528 exceeds warning limit 0.10
2530,2026-06-08 00:10:03,2026-06-08 00:11:03,60,vib_z_rms,XGBoost,0.064792,0.0617454871535301,-0.0030465128464698,NORMAL,NORMAL,NONE,MODERATE,
2538,2026-06-08 00:10:05,2026-06-08 00:11:05,60,mag_x,Ridge,235.914,234.5622715433552,-1.3517284566447645,LOW_CONFIDENCE,INFO,MODEL_RELIABILITY_WARNING,LOW,Magnetic forecasting model has low predictive reliability based on walk-forward evaluation.
2539,2026-06-08 00:10:05,2026-06-08 00:11:05,60,mag_y,Ridge,1.008,221.39995815441475,220.39195815441477,LOW_CONFIDENCE,INFO,MODEL_RELIABILITY_WARNING,LOW,Magnetic forecasting model has low predictive reliability based on walk-forward evaluation.
2540,2026-06-08 00:10:05,2026-06-08 00:11:05,60,mag_z,Ridge,426.496,234.6599683904219,-191.83603160957807,LOW_CONFIDENCE,INFO,MODEL_RELIABILITY_WARNING,LOW,Magnetic forecasting model has low predictive reliability based on walk-forward evaluation.
2541,2026-06-08 00:10:05,2026-06-08 00:11:05,60,temperature,Persistence,45.50001298,45.50001298,0.0,NORMAL,NORMAL,NONE,HIGH,
2535,2026-06-08 00:10:05,2026-06-08 00:11:05,60,vib_x_rms,XGBoost,0.091423,0.1047192364931106,0.0132962364931106,WARNING,MEDIUM,ELEVATED_VIBRATION,MODERATE,Predicted vibration 0.104719 exceeds warning limit 0.10
2536,2026-06-08 00:10:05,2026-06-08 00:11:05,60,vib_y_rms,XGBoost,0.129334,0.1346736699342727,0.0053396699342727,WARNING,MEDIUM,ELEVATED_VIBRATION,MODERATE,Predicted vibration 0.134674 exceeds warning limit 0.10
2537,2026-06-08 00:10:05,2026-06-08 00:11:05,60,vib_z_rms,XGBoost,0.058876,0.0618867203593254,0.0030107203593254,NORMAL,NORMAL,NONE,MODERATE,
2545,2026-06-08 00:10:06,2026-06-08 00:11:06,60,mag_x,Ridge,261.772,237.9183402729984,-23.85365972700157,LOW_CONFIDENCE,INFO,MODEL_RELIABILITY_WARNING,LOW,Magnetic forecasting model has low predictive reliability based on walk-forward evaluation.
2546,2026-06-08 00:10:06,2026-06-08 00:11:06,60,mag_y,Ridge,29.638,221.06459003889364,191.42659003889364,LOW_CONFIDENCE,INFO,MODEL_RELIABILITY_WARNING,LOW,Magnetic forecasting model has low predictive reliability based on walk-forward evaluation.
2547,2026-06-08 00:10:06,2026-06-08 00:11:06,60,mag_z,Ridge,359.436,232.50296362230648,-126.9330363776935,LOW_CONFIDENCE,INFO,MODEL_RELIABILITY_WARNING,LOW,Magnetic forecasting model has low predictive reliability based on walk-forward evaluation.
2548,2026-06-08 00:10:06,2026-06-08 00:11:06,60,temperature,Persistence,45.50001038,45.50001038,0.0,NORMAL,NORMAL,NONE,HIGH,
2542,2026-06-08 00:10:06,2026-06-08 00:11:06,60,vib_x_rms,XGBoost,0.105551,0.1038649156689643,-0.0016860843310356,WARNING,MEDIUM,ELEVATED_VIBRATION,MODERATE,Predicted vibration 0.103865 exceeds warning limit 0.10
2543,2026-06-08 00:10:06,2026-06-08 00:11:06,60,vib_y_rms,XGBoost,0.124168,0.1318613737821579,0.0076933737821578,WARNING,MEDIUM,ELEVATED_VIBRATION,MODERATE,Predicted vibration 0.131861 exceeds warning limit 0.10
2544,2026-06-08 00:10:06,2026-06-08 00:11:06,60,vib_z_rms,XGBoost,0.068993,0.060402899980545,-0.0085901000194549,NORMAL,NORMAL,NONE,MODERATE,
2552,2026-06-08 00:10:08,2026-06-08 00:11:08,60,mag_x,Ridge,366.548,236.4394036294836,-130.1085963705164,LOW_CONFIDENCE,INFO,MODEL_RELIABILITY_WARNING,LOW,Magnetic forecasting model has low predictive reliability based on walk-forward evaluation.
2553,2026-06-08 00:10:08,2026-06-08 00:11:08,60,mag_y,Ridge,264.068,222.97253752238475,-41.09546247761523,LOW_CONFIDENCE,INFO,MODEL_RELIABILITY_WARNING,LOW,Magnetic forecasting model has low predictive reliability based on walk-forward evaluation.
2554,2026-06-08 00:10:08,2026-06-08 00:11:08,60,mag_z,Ridge,174.874,229.47435521406905,54.60035521406903,LOW_CONFIDENCE,INFO,MODEL_RELIABILITY_WARNING,LOW,Magnetic forecasting model has low predictive reliability based on walk-forward evaluation.
2555,2026-06-08 00:10:08,2026-06-08 00:11:08,60,temperature,Persistence,45.50000831,45.50000831,0.0,NORMAL,NORMAL,NONE,HIGH,
2549,2026-06-08 00:10:08,2026-06-08 00:11:08,60,vib_x_rms,XGBoost,0.115955,0.104267418384552,-0.011687581615448,WARNING,MEDIUM,ELEVATED_VIBRATION,MODERATE,Predicted vibration 0.104267 exceeds warning limit 0.10
2550,2026-06-08 00:10:08,2026-06-08 00:11:08,60,vib_y_rms,XGBoost,0.141682,0.1316221207380294,-0.0100598792619705,WARNING,MEDIUM,ELEVATED_VIBRATION,MODERATE,Predicted vibration 0.131622 exceeds warning limit 0.10
2551,2026-06-08 00:10:08,2026-06-08 00:11:08,60,vib_z_rms,XGBoost,0.061864,0.0606003478169441,-0.0012636521830558,NORMAL,NORMAL,NONE,MODERATE,
2559,2026-06-08 00:10:09,2026-06-08 00:11:09,60,mag_x,Ridge,7.574,234.24655728423025,226.6725572842302,LOW_CONFIDENCE,INFO,MODEL_RELIABILITY_WARNING,LOW,Magnetic forecasting model has low predictive reliability based on walk-forward evaluation.
2560,2026-06-08 00:10:09,2026-06-08 00:11:09,60,mag_y,Ridge,364.7,222.12767704018617,-142.57232295981382,LOW_CONFIDENCE,INFO,MODEL_RELIABILITY_WARNING,LOW,Magnetic forecasting model has low predictive reliability based on walk-forward evaluation.
2561,2026-06-08 00:10:09,2026-06-08 00:11:09,60,mag_z,Ridge,221.41,229.23900371099623,7.829003710996261,LOW_CONFIDENCE,INFO,MODEL_RELIABILITY_WARNING,LOW,Magnetic forecasting model has low predictive reliability based on walk-forward evaluation.
2562,2026-06-08 00:10:09,2026-06-08 00:11:09,60,temperature,Persistence,45.50000665,45.50000665,0.0,NORMAL,NORMAL,NONE,HIGH,
2556,2026-06-08 00:10:09,2026-06-08 00:11:09,60,vib_x_rms,XGBoost,0.109619,0.1051861122250557,-0.0044328877749443,WARNING,MEDIUM,ELEVATED_VIBRATION,MODERATE,Predicted vibration 0.105186 exceeds warning limit 0.10
2557,2026-06-08 00:10:09,2026-06-08 00:11:09,60,vib_y_rms,XGBoost,0.136239,0.1326509267091751,-0.0035880732908248,WARNING,MEDIUM,ELEVATED_VIBRATION,MODERATE,Predicted vibration 0.132651 exceeds warning limit 0.10
2558,2026-06-08 00:10:09,2026-06-08 00:11:09,60,vib_z_rms,XGBoost,0.061725,0.0611139461398124,-0.0006110538601875,NORMAL,NORMAL,NONE,MODERATE,
2566,2026-06-08 00:10:11,2026-06-08 00:11:11,60,mag_x,Ridge,4.746,227.81789684451408,223.07189684451407,LOW_CONFIDENCE,INFO,MODEL_RELIABILITY_WARNING,LOW,Magnetic forecasting model has low predictive reliability based on walk-forward evaluation.
2567,2026-06-08 00:10:11,2026-06-08 00:11:11,60,mag_y,Ridge,145.026,231.36805666739315,86.34205666739314,LOW_CONFIDENCE,INFO,MODEL_RELIABILITY_WARNING,LOW,Magnetic forecasting model has low predictive reliability based on walk-forward evaluation.
2568,2026-06-08 00:10:11,2026-06-08 00:11:11,60,mag_z,Ridge,214.704,234.26170353230756,19.557703532307528,LOW_CONFIDENCE,INFO,MODEL_RELIABILITY_WARNING,LOW,Magnetic forecasting model has low predictive reliability based on walk-forward evaluation.
2569,2026-06-08 00:10:11,2026-06-08 00:11:11,60,temperature,Persistence,45.50000532,45.50000532,0.0,NORMAL,NORMAL,NONE,HIGH,
2563,2026-06-08 00:10:11,2026-06-08 00:11:11,60,vib_x_rms,XGBoost,0.10677,0.1049040183424949,-0.001865981657505,WARNING,MEDIUM,ELEVATED_VIBRATION,MODERATE,Predicted vibration 0.104904 exceeds warning limit 0.10
2564,2026-06-08 00:10:11,2026-06-08 00:11:11,60,vib_y_rms,XGBoost,0.152958,0.1321852356195449,-0.020772764380455,WARNING,MEDIUM,ELEVATED_VIBRATION,MODERATE,Predicted vibration 0.132185 exceeds warning limit 0.10
2565,2026-06-08 00:10:11,2026-06-08 00:11:11,60,vib_z_rms,XGBoost,0.06798,0.0604461692273616,-0.0075338307726383,NORMAL,NORMAL,NONE,MODERATE,
2573,2026-06-08 00:10:12,2026-06-08 00:11:12,60,mag_x,Ridge,173.67,228.1498914143432,54.47989141434317,LOW_CONFIDENCE,INFO,MODEL_RELIABILITY_WARNING,LOW,Magnetic forecasting model has low predictive reliability based on walk-forward evaluation.
2574,2026-06-08 00:10:12,2026-06-08 00:11:12,60,mag_y,Ridge,298.676,238.6033787557376,-60.07262124426239,LOW_CONFIDENCE,INFO,MODEL_RELIABILITY_WARNING,LOW,Magnetic forecasting model has low predictive reliability based on walk-forward evaluation.
2575,2026-06-08 00:10:12,2026-06-08 00:11:12,60,mag_z,Ridge,203.994,232.94484696692595,28.95084696692595,LOW_CONFIDENCE,INFO,MODEL_RELIABILITY_WARNING,LOW,Magnetic forecasting model has low predictive reliability based on walk-forward evaluation.
2576,2026-06-08 00:10:12,2026-06-08 00:11:12,60,temperature,Persistence,45.50000425,45.50000425,0.0,NORMAL,NORMAL,NONE,HIGH,
2570,2026-06-08 00:10:12,2026-06-08 00:11:12,60,vib_x_rms,XGBoost,0.09089,0.1084532216191291,0.0175632216191291,WARNING,MEDIUM,ELEVATED_VIBRATION,MODERATE,Predicted vibration 0.108453 exceeds warning limit 0.10
2571,2026-06-08 00:10:12,2026-06-08 00:11:12,60,vib_y_rms,XGBoost,0.135033,0.1354875117540359,0.0004545117540359,WARNING,MEDIUM,ELEVATED_VIBRATION,MODERATE,Predicted vibration 0.135488 exceeds warning limit 0.10
2572,2026-06-08 00:10:12,2026-06-08 00:11:12,60,vib_z_rms,XGBoost,0.070159,0.061291366815567,-0.0088676331844329,NORMAL,NORMAL,NONE,MODERATE,
2580,2026-06-08 00:10:13,2026-06-08 00:11:13,60,mag_x,Ridge,127.344,230.7613508613204,103.4173508613204,LOW_CONFIDENCE,INFO,MODEL_RELIABILITY_WARNING,LOW,Magnetic forecasting model has low predictive reliability based on walk-forward evaluation.
2581,2026-06-08 00:10:13,2026-06-08 00:11:13,60,mag_y,Ridge,96.53001,233.0392335200884,136.5092235200884,LOW_CONFIDENCE,INFO,MODEL_RELIABILITY_WARNING,LOW,Magnetic forecasting model has low predictive reliability based on walk-forward evaluation.
2582,2026-06-08 00:10:13,2026-06-08 00:11:13,60,mag_z,Ridge,286.23,234.4146493066052,-51.81535069339486,LOW_CONFIDENCE,INFO,MODEL_RELIABILITY_WARNING,LOW,Magnetic forecasting model has low predictive reliability based on walk-forward evaluation.
2583,2026-06-08 00:10:13,2026-06-08 00:11:13,60,temperature,Persistence,45.5000034,45.5000034,0.0,NORMAL,NORMAL,NONE,HIGH,
2577,2026-06-08 00:10:13,2026-06-08 00:11:13,60,vib_x_rms,XGBoost,0.115505,0.1074326336383819,-0.008072366361618,WARNING,MEDIUM,ELEVATED_VIBRATION,MODERATE,Predicted vibration 0.107433 exceeds warning limit 0.10
2578,2026-06-08 00:10:13,2026-06-08 00:11:13,60,vib_y_rms,XGBoost,0.153814,0.1351410299539566,-0.0186729700460434,WARNING,MEDIUM,ELEVATED_VIBRATION,MODERATE,Predicted vibration 0.135141 exceeds warning limit 0.10
2579,2026-06-08 00:10:13,2026-06-08 00:11:13,60,vib_z_rms,XGBoost,0.069781,0.0619581416249275,-0.0078228583750724,NORMAL,NORMAL,NONE,MODERATE,
2587,2026-06-08 00:10:15,2026-06-08 00:11:15,60,mag_x,Ridge,327.67,227.8926875976228,-99.77731240237722,LOW_CONFIDENCE,INFO,MODEL_RELIABILITY_WARNING,LOW,Magnetic forecasting model has low predictive reliability based on walk-forward evaluation.
2588,2026-06-08 00:10:15,2026-06-08 00:11:15,60,mag_y,Ridge,106.946,224.0714598557051,117.12545985570507,LOW_CONFIDENCE,INFO,MODEL_RELIABILITY_WARNING,LOW,Magnetic forecasting model has low predictive reliability based on walk-forward evaluation.
2589,2026-06-08 00:10:15,2026-06-08 00:11:15,60,mag_z,Ridge,248.374,226.9526233015538,-21.42137669844618,LOW_CONFIDENCE,INFO,MODEL_RELIABILITY_WARNING,LOW,Magnetic forecasting model has low predictive reliability based on walk-forward evaluation.
2590,2026-06-08 00:10:15,2026-06-08 00:11:15,60,temperature,Persistence,45.50000272,45.50000272,0.0,NORMAL,NORMAL,NONE,HIGH,
2584,2026-06-08 00:10:15,2026-06-08 00:11:15,60,vib_x_rms,XGBoost,0.101666,0.1070940569043159,0.0054280569043159,WARNING,MEDIUM,ELEVATED_VIBRATION,MODERATE,Predicted vibration 0.107094 exceeds warning limit 0.10
2585,2026-06-08 00:10:15,2026-06-08 00:11:15,60,vib_y_rms,XGBoost,0.138158,0.1358648389577865,-0.0022931610422134,WARNING,MEDIUM,ELEVATED_VIBRATION,MODERATE,Predicted vibration 0.135865 exceeds warning limit 0.10
2586,2026-06-08 00:10:15,2026-06-08 00:11:15,60,vib_z_rms,XGBoost,0.059741,0.0623236820101738,0.0025826820101737,NORMAL,NORMAL,NONE,MODERATE,
2594,2026-06-08 00:10:16,2026-06-08 00:11:16,60,mag_x,Ridge,337.022,231.6109215874264,-105.4110784125736,LOW_CONFIDENCE,INFO,MODEL_RELIABILITY_WARNING,LOW,Magnetic forecasting model has low predictive reliability based on walk-forward evaluation.
2595,2026-06-08 00:10:16,2026-06-08 00:11:16,60,mag_y,Ridge,391.972,229.72849698033784,-162.24350301966214,LOW_CONFIDENCE,INFO,MODEL_RELIABILITY_WARNING,LOW,Magnetic forecasting model has low predictive reliability based on walk-forward evaluation.
2596,2026-06-08 00:10:16,2026-06-08 00:11:16,60,mag_z,Ridge,220.416,232.13925482300755,11.72325482300755,LOW_CONFIDENCE,INFO,MODEL_RELIABILITY_WARNING,LOW,Magnetic forecasting model has low predictive reliability based on walk-forward evaluation.
2597,2026-06-08 00:10:16,2026-06-08 00:11:16,60,temperature,Persistence,45.50000218,45.50000218,0.0,NORMAL,NORMAL,NONE,HIGH,
2591,2026-06-08 00:10:16,2026-06-08 00:11:16,60,vib_x_rms,XGBoost,0.102886,0.1066218987107276,0.0037358987107276,WARNING,MEDIUM,ELEVATED_VIBRATION,MODERATE,Predicted vibration 0.106622 exceeds warning limit 0.10
2592,2026-06-08 00:10:16,2026-06-08 00:11:16,60,vib_y_rms,XGBoost,0.134193,0.1342888325452804,9.583254528044982e-05,WARNING,MEDIUM,ELEVATED_VIBRATION,MODERATE,Predicted vibration 0.134289 exceeds warning limit 0.10
2593,2026-06-08 00:10:16,2026-06-08 00:11:16,60,vib_z_rms,XGBoost,0.059835,0.0623480714857578,0.0025130714857578,NORMAL,NORMAL,NONE,MODERATE,
2601,2026-06-08 00:10:18,2026-06-08 00:11:18,60,mag_x,Ridge,111.986,228.5850772568924,116.5990772568924,LOW_CONFIDENCE,INFO,MODEL_RELIABILITY_WARNING,LOW,Magnetic forecasting model has low predictive reliability based on walk-forward evaluation.
2602,2026-06-08 00:10:18,2026-06-08 00:11:18,60,mag_y,Ridge,227.486,225.11293415711387,-2.3730658428861204,LOW_CONFIDENCE,INFO,MODEL_RELIABILITY_WARNING,LOW,Magnetic forecasting model has low predictive reliability based on walk-forward evaluation.
2603,2026-06-08 00:10:18,2026-06-08 00:11:18,60,mag_z,Ridge,452.578,231.52857901844172,-221.04942098155823,LOW_CONFIDENCE,INFO,MODEL_RELIABILITY_WARNING,LOW,Magnetic forecasting model has low predictive reliability based on walk-forward evaluation.
2604,2026-06-08 00:10:18,2026-06-08 00:11:18,60,temperature,Persistence,45.50000174,45.50000174,0.0,NORMAL,NORMAL,NONE,HIGH,
2598,2026-06-08 00:10:18,2026-06-08 00:11:18,60,vib_x_rms,XGBoost,0.107646,0.1070881113409996,-0.0005578886590004,WARNING,MEDIUM,ELEVATED_VIBRATION,MODERATE,Predicted vibration 0.107088 exceeds warning limit 0.10
2599,2026-06-08 00:10:18,2026-06-08 00:11:18,60,vib_y_rms,XGBoost,0.15034,0.135009303689003,-0.015330696310997,WARNING,MEDIUM,ELEVATED_VIBRATION,MODERATE,Predicted vibration 0.135009 exceeds warning limit 0.10
2600,2026-06-08 00:10:18,2026-06-08 00:11:18,60,vib_z_rms,XGBoost,0.066976,0.0622754655778408,-0.0047005344221591,NORMAL,NORMAL,NONE,MODERATE,
2608,2026-06-08 00:10:19,2026-06-08 00:11:19,60,mag_x,Ridge,199.71,230.41999334159576,30.709993341595748,LOW_CONFIDENCE,INFO,MODEL_RELIABILITY_WARNING,LOW,Magnetic forecasting model has low predictive reliability based on walk-forward evaluation.
2609,2026-06-08 00:10:19,2026-06-08 00:11:19,60,mag_y,Ridge,90.104,225.8579808780748,135.7539808780748,LOW_CONFIDENCE,INFO,MODEL_RELIABILITY_WARNING,LOW,Magnetic forecasting model has low predictive reliability based on walk-forward evaluation.
2610,2026-06-08 00:10:19,2026-06-08 00:11:19,60,mag_z,Ridge,449.19,229.49072419367485,-219.69927580632515,LOW_CONFIDENCE,INFO,MODEL_RELIABILITY_WARNING,LOW,Magnetic forecasting model has low predictive reliability based on walk-forward evaluation.
2611,2026-06-08 00:10:19,2026-06-08 00:11:19,60,temperature,Persistence,45.50000139,45.50000139,0.0,NORMAL,NORMAL,NONE,HIGH,
2605,2026-06-08 00:10:19,2026-06-08 00:11:19,60,vib_x_rms,XGBoost,0.095409,0.1069308444857597,0.0115218444857597,WARNING,MEDIUM,ELEVATED_VIBRATION,MODERATE,Predicted vibration 0.106931 exceeds warning limit 0.10
2606,2026-06-08 00:10:19,2026-06-08 00:11:19,60,vib_y_rms,XGBoost,0.145289,0.1368527114391327,-0.0084362885608673,WARNING,MEDIUM,ELEVATED_VIBRATION,MODERATE,Predicted vibration 0.136853 exceeds warning limit 0.10
2607,2026-06-08 00:10:19,2026-06-08 00:11:19,60,vib_z_rms,XGBoost,0.06823,0.0622710958123207,-0.0059589041876792,NORMAL,NORMAL,NONE,MODERATE,
2615,2026-06-08 00:10:21,2026-06-08 00:11:21,60,mag_x,Ridge,396.536,230.170786134901,-166.365213865099,LOW_CONFIDENCE,INFO,MODEL_RELIABILITY_WARNING,LOW,Magnetic forecasting model has low predictive reliability based on walk-forward evaluation.
2616,2026-06-08 00:10:21,2026-06-08 00:11:21,60,mag_y,Ridge,215.376,227.67308150692435,12.297081506924345,LOW_CONFIDENCE,INFO,MODEL_RELIABILITY_WARNING,LOW,Magnetic forecasting model has low predictive reliability based on walk-forward evaluation.
2617,2026-06-08 00:10:21,2026-06-08 00:11:21,60,mag_z,Ridge,25.914,230.23094181331064,204.31694181331068,LOW_CONFIDENCE,INFO,MODEL_RELIABILITY_WARNING,LOW,Magnetic forecasting model has low predictive reliability based on walk-forward evaluation.
2618,2026-06-08 00:10:21,2026-06-08 00:11:21,60,temperature,Persistence,45.50000112,45.50000112,0.0,NORMAL,NORMAL,NONE,HIGH,
2612,2026-06-08 00:10:21,2026-06-08 00:11:21,60,vib_x_rms,XGBoost,0.118939,0.1085074096918106,-0.0104315903081893,WARNING,MEDIUM,ELEVATED_VIBRATION,MODERATE,Predicted vibration 0.108507 exceeds warning limit 0.10
2613,2026-06-08 00:10:21,2026-06-08 00:11:21,60,vib_y_rms,XGBoost,0.142064,0.1375950574874878,-0.0044689425125122,WARNING,MEDIUM,ELEVATED_VIBRATION,MODERATE,Predicted vibration 0.137595 exceeds warning limit 0.10
2614,2026-06-08 00:10:21,2026-06-08 00:11:21,60,vib_z_rms,XGBoost,0.061615,0.062096994370222,0.000481994370222,NORMAL,NORMAL,NONE,MODERATE,
2622,2026-06-08 00:10:22,2026-06-08 00:11:22,60,mag_x,Ridge,301.644,233.4525173986676,-68.19148260133238,LOW_CONFIDENCE,INFO,MODEL_RELIABILITY_WARNING,LOW,Magnetic forecasting model has low predictive reliability based on walk-forward evaluation.
2623,2026-06-08 00:10:22,2026-06-08 00:11:22,60,mag_y,Ridge,242.312,227.45675167466663,-14.855248325333378,LOW_CONFIDENCE,INFO,MODEL_RELIABILITY_WARNING,LOW,Magnetic forecasting model has low predictive reliability based on walk-forward evaluation.
2624,2026-06-08 00:10:22,2026-06-08 00:11:22,60,mag_z,Ridge,451.472,229.1129128464792,-222.3590871535208,LOW_CONFIDENCE,INFO,MODEL_RELIABILITY_WARNING,LOW,Magnetic forecasting model has low predictive reliability based on walk-forward evaluation.
2625,2026-06-08 00:10:22,2026-06-08 00:11:22,60,temperature,Persistence,45.50000089,45.50000089,0.0,NORMAL,NORMAL,NONE,HIGH,
2619,2026-06-08 00:10:22,2026-06-08 00:11:22,60,vib_x_rms,XGBoost,0.119136,0.1085004955530166,-0.0106355044469833,WARNING,MEDIUM,ELEVATED_VIBRATION,MODERATE,Predicted vibration 0.108500 exceeds warning limit 0.10
2620,2026-06-08 00:10:22,2026-06-08 00:11:22,60,vib_y_rms,XGBoost,0.138678,0.1372702419757843,-0.0014077580242156,WARNING,MEDIUM,ELEVATED_VIBRATION,MODERATE,Predicted vibration 0.137270 exceeds warning limit 0.10
2621,2026-06-08 00:10:22,2026-06-08 00:11:22,60,vib_z_rms,XGBoost,0.056951,0.0617694519460201,0.0048184519460201,NORMAL,NORMAL,NONE,MODERATE,
2629,2026-06-08 00:10:24,2026-06-08 00:11:24,60,mag_x,Ridge,183.932,234.664647841402,50.73264784140201,LOW_CONFIDENCE,INFO,MODEL_RELIABILITY_WARNING,LOW,Magnetic forecasting model has low predictive reliability based on walk-forward evaluation.
2630,2026-06-08 00:10:24,2026-06-08 00:11:24,60,mag_y,Ridge,379.274,229.3852986752054,-149.8887013247946,LOW_CONFIDENCE,INFO,MODEL_RELIABILITY_WARNING,LOW,Magnetic forecasting model has low predictive reliability based on walk-forward evaluation.
2631,2026-06-08 00:10:24,2026-06-08 00:11:24,60,mag_z,Ridge,402.346,223.58328944474587,-178.76271055525413,LOW_CONFIDENCE,INFO,MODEL_RELIABILITY_WARNING,LOW,Magnetic forecasting model has low predictive reliability based on walk-forward evaluation.
2632,2026-06-08 00:10:24,2026-06-08 00:11:24,60,temperature,Persistence,45.50000071,45.50000071,0.0,NORMAL,NORMAL,NONE,HIGH,
2626,2026-06-08 00:10:24,2026-06-08 00:11:24,60,vib_x_rms,XGBoost,0.109071,0.1072585880756378,-0.0018124119243621,WARNING,MEDIUM,ELEVATED_VIBRATION,MODERATE,Predicted vibration 0.107259 exceeds warning limit 0.10
2627,2026-06-08 00:10:24,2026-06-08 00:11:24,60,vib_y_rms,XGBoost,0.141213,0.135438472032547,-0.005774527967453,WARNING,MEDIUM,ELEVATED_VIBRATION,MODERATE,Predicted vibration 0.135438 exceeds warning limit 0.10
2628,2026-06-08 00:10:24,2026-06-08 00:11:24,60,vib_z_rms,XGBoost,0.067013,0.0619639083743095,-0.0050490916256904,NORMAL,NORMAL,NONE,MODERATE,
2636,2026-06-08 00:10:25,2026-06-08 00:11:25,60,mag_x,Ridge,45.5,230.97595193863867,185.47595193863867,LOW_CONFIDENCE,INFO,MODEL_RELIABILITY_WARNING,LOW,Magnetic forecasting model has low predictive reliability based on walk-forward evaluation.
2637,2026-06-08 00:10:25,2026-06-08 00:11:25,60,mag_y,Ridge,11.144,232.13889531278136,220.99489531278132,LOW_CONFIDENCE,INFO,MODEL_RELIABILITY_WARNING,LOW,Magnetic forecasting model has low predictive reliability based on walk-forward evaluation.
2638,2026-06-08 00:10:25,2026-06-08 00:11:25,60,mag_z,Ridge,134.386,226.8142492941505,92.4282492941505,LOW_CONFIDENCE,INFO,MODEL_RELIABILITY_WARNING,LOW,Magnetic forecasting model has low predictive reliability based on walk-forward evaluation.
2639,2026-06-08 00:10:25,2026-06-08 00:11:25,60,temperature,Persistence,45.50000057,45.50000057,0.0,NORMAL,NORMAL,NONE,HIGH,
2633,2026-06-08 00:10:25,2026-06-08 00:11:25,60,vib_x_rms,XGBoost,0.101146,0.108524776995182,0.007378776995182,WARNING,MEDIUM,ELEVATED_VIBRATION,MODERATE,Predicted vibration 0.108525 exceeds warning limit 0.10
2634,2026-06-08 00:10:25,2026-06-08 00:11:25,60,vib_y_rms,XGBoost,0.131648,0.1365699619054794,0.0049219619054794,WARNING,MEDIUM,ELEVATED_VIBRATION,MODERATE,Predicted vibration 0.136570 exceeds warning limit 0.10
2635,2026-06-08 00:10:25,2026-06-08 00:11:25,60,vib_z_rms,XGBoost,0.070988,0.0627691522240638,-0.0082188477759361,NORMAL,NORMAL,NONE,MODERATE,
2643,2026-06-08 00:10:26,2026-06-08 00:11:26,60,mag_x,Ridge,315.98,224.655858779529,-91.324141220471,LOW_CONFIDENCE,INFO,MODEL_RELIABILITY_WARNING,LOW,Magnetic forecasting model has low predictive reliability based on walk-forward evaluation.
2644,2026-06-08 00:10:26,2026-06-08 00:11:26,60,mag_y,Ridge,139.286,236.92484434757097,97.63884434757097,LOW_CONFIDENCE,INFO,MODEL_RELIABILITY_WARNING,LOW,Magnetic forecasting model has low predictive reliability based on walk-forward evaluation.
2645,2026-06-08 00:10:26,2026-06-08 00:11:26,60,mag_z,Ridge,401.786,229.5271202310751,-172.2588797689249,LOW_CONFIDENCE,INFO,MODEL_RELIABILITY_WARNING,LOW,Magnetic forecasting model has low predictive reliability based on walk-forward evaluation.
2646,2026-06-08 00:10:26,2026-06-08 00:11:26,60,temperature,Persistence,45.50000046,45.50000046,0.0,NORMAL,NORMAL,NONE,HIGH,
2640,2026-06-08 00:10:26,2026-06-08 00:11:26,60,vib_x_rms,XGBoost,0.094189,0.1069192141294479,0.0127302141294479,WARNING,MEDIUM,ELEVATED_VIBRATION,MODERATE,Predicted vibration 0.106919 exceeds warning limit 0.10
2641,2026-06-08 00:10:26,2026-06-08 00:11:26,60,vib_y_rms,XGBoost,0.14106,0.1360795646905899,-0.00498043530941,WARNING,MEDIUM,ELEVATED_VIBRATION,MODERATE,Predicted vibration 0.136080 exceeds warning limit 0.10
2642,2026-06-08 00:10:26,2026-06-08 00:11:26,60,vib_z_rms,XGBoost,0.064736,0.0629488751292228,-0.0017871248707771,NORMAL,NORMAL,NONE,MODERATE,
2650,2026-06-08 00:10:28,2026-06-08 00:11:28,60,mag_x,Ridge,312.256,233.67689751164815,-78.5791024883518,LOW_CONFIDENCE,INFO,MODEL_RELIABILITY_WARNING,LOW,Magnetic forecasting model has low predictive reliability based on walk-forward evaluation.
2651,2026-06-08 00:10:28,2026-06-08 00:11:28,60,mag_y,Ridge,176.05,226.3546731178441,50.30467311784409,LOW_CONFIDENCE,INFO,MODEL_RELIABILITY_WARNING,LOW,Magnetic forecasting model has low predictive reliability based on walk-forward evaluation.
2652,2026-06-08 00:10:28,2026-06-08 00:11:28,60,mag_z,Ridge,102.508,218.3881261496604,115.88012614966044,LOW_CONFIDENCE,INFO,MODEL_RELIABILITY_WARNING,LOW,Magnetic forecasting model has low predictive reliability based on walk-forward evaluation.
2653,2026-06-08 00:10:28,2026-06-08 00:11:28,60,temperature,Persistence,45.50000037,45.50000037,0.0,NORMAL,NORMAL,NONE,HIGH,
2647,2026-06-08 00:10:28,2026-06-08 00:11:28,60,vib_x_rms,XGBoost,0.113755,0.1077211946249008,-0.0060338053750991,WARNING,MEDIUM,ELEVATED_VIBRATION,MODERATE,Predicted vibration 0.107721 exceeds warning limit 0.10
2648,2026-06-08 00:10:28,2026-06-08 00:11:28,60,vib_y_rms,XGBoost,0.143308,0.136868730187416,-0.0064392698125839,WARNING,MEDIUM,ELEVATED_VIBRATION,MODERATE,Predicted vibration 0.136869 exceeds warning limit 0.10
2649,2026-06-08 00:10:28,2026-06-08 00:11:28,60,vib_z_rms,XGBoost,0.071944,0.0630009323358535,-0.0089430676641464,NORMAL,NORMAL,NONE,MODERATE,
2657,2026-06-08 00:10:29,2026-06-08 00:11:29,60,mag_x,Ridge,7.098,228.58905878319487,221.4910587831949,LOW_CONFIDENCE,INFO,MODEL_RELIABILITY_WARNING,LOW,Magnetic forecasting model has low predictive reliability based on walk-forward evaluation.
2658,2026-06-08 00:10:29,2026-06-08 00:11:29,60,mag_y,Ridge,397.516,234.58572221276648,-162.93027778723356,LOW_CONFIDENCE,INFO,MODEL_RELIABILITY_WARNING,LOW,Magnetic forecasting model has low predictive reliability based on walk-forward evaluation.
2659,2026-06-08 00:10:29,2026-06-08 00:11:29,60,mag_z,Ridge,456.4,221.6770275575634,-234.72297244243657,LOW_CONFIDENCE,INFO,MODEL_RELIABILITY_WARNING,LOW,Magnetic forecasting model has low predictive reliability based on walk-forward evaluation.
2660,2026-06-08 00:10:29,2026-06-08 00:11:29,60,temperature,Persistence,45.50000029,45.50000029,0.0,NORMAL,NORMAL,NONE,HIGH,
2654,2026-06-08 00:10:29,2026-06-08 00:11:29,60,vib_x_rms,XGBoost,0.105455,0.1099769696593284,0.0045219696593284,WARNING,MEDIUM,ELEVATED_VIBRATION,MODERATE,Predicted vibration 0.109977 exceeds warning limit 0.10
2655,2026-06-08 00:10:29,2026-06-08 00:11:29,60,vib_y_rms,XGBoost,0.135772,0.1370055526494979,0.0012335526494979,WARNING,MEDIUM,ELEVATED_VIBRATION,MODERATE,Predicted vibration 0.137006 exceeds warning limit 0.10
2656,2026-06-08 00:10:29,2026-06-08 00:11:29,60,vib_z_rms,XGBoost,0.075443,0.063014380633831,-0.0124286193661689,NORMAL,NORMAL,NONE,MODERATE,
2664,2026-06-08 00:10:31,2026-06-08 00:11:31,60,mag_x,Ridge,191.898,230.4195595046089,38.52155950460895,LOW_CONFIDENCE,INFO,MODEL_RELIABILITY_WARNING,LOW,Magnetic forecasting model has low predictive reliability based on walk-forward evaluation.
2665,2026-06-08 00:10:31,2026-06-08 00:11:31,60,mag_y,Ridge,183.54,227.4996070207755,43.95960702077551,LOW_CONFIDENCE,INFO,MODEL_RELIABILITY_WARNING,LOW,Magnetic forecasting model has low predictive reliability based on walk-forward evaluation.
2666,2026-06-08 00:10:31,2026-06-08 00:11:31,60,mag_z,Ridge,444.612,229.72033132444292,-214.89166867555707,LOW_CONFIDENCE,INFO,MODEL_RELIABILITY_WARNING,LOW,Magnetic forecasting model has low predictive reliability based on walk-forward evaluation.
2667,2026-06-08 00:10:31,2026-06-08 00:11:31,60,temperature,Persistence,45.50000023,45.50000023,0.0,NORMAL,NORMAL,NONE,HIGH,
2661,2026-06-08 00:10:31,2026-06-08 00:11:31,60,vib_x_rms,XGBoost,0.110188,0.1075430139899253,-0.0026449860100746,WARNING,MEDIUM,ELEVATED_VIBRATION,MODERATE,Predicted vibration 0.107543 exceeds warning limit 0.10
2662,2026-06-08 00:10:31,2026-06-08 00:11:31,60,vib_y_rms,XGBoost,0.125375,0.136141151189804,0.010766151189804,WARNING,MEDIUM,ELEVATED_VIBRATION,MODERATE,Predicted vibration 0.136141 exceeds warning limit 0.10
2663,2026-06-08 00:10:31,2026-06-08 00:11:31,60,vib_z_rms,XGBoost,0.07246,0.0630451664328575,-0.0094148335671424,NORMAL,NORMAL,NONE,MODERATE,
2671,2026-06-08 00:10:32,2026-06-08 00:11:32,60,mag_x,Ridge,185.388,225.69791486972767,40.30991486972766,LOW_CONFIDENCE,INFO,MODEL_RELIABILITY_WARNING,LOW,Magnetic forecasting model has low predictive reliability based on walk-forward evaluation.
2672,2026-06-08 00:10:32,2026-06-08 00:11:32,60,mag_y,Ridge,334.67,235.5190980240561,-99.15090197594397,LOW_CONFIDENCE,INFO,MODEL_RELIABILITY_WARNING,LOW,Magnetic forecasting model has low predictive reliability based on walk-forward evaluation.
2673,2026-06-08 00:10:32,2026-06-08 00:11:32,60,mag_z,Ridge,112.84,226.8866545563185,114.04665455631849,LOW_CONFIDENCE,INFO,MODEL_RELIABILITY_WARNING,LOW,Magnetic forecasting model has low predictive reliability based on walk-forward evaluation.
2674,2026-06-08 00:10:32,2026-06-08 00:11:32,60,temperature,Persistence,45.50000019,45.50000019,0.0,NORMAL,NORMAL,NONE,HIGH,
2668,2026-06-08 00:10:32,2026-06-08 00:11:32,60,vib_x_rms,XGBoost,0.095761,0.1057435050606727,0.0099825050606727,WARNING,MEDIUM,ELEVATED_VIBRATION,MODERATE,Predicted vibration 0.105744 exceeds warning limit 0.10
2669,2026-06-08 00:10:32,2026-06-08 00:11:32,60,vib_y_rms,XGBoost,0.128725,0.1344830840826034,0.0057580840826034,WARNING,MEDIUM,ELEVATED_VIBRATION,MODERATE,Predicted vibration 0.134483 exceeds warning limit 0.10
2670,2026-06-08 00:10:32,2026-06-08 00:11:32,60,vib_z_rms,XGBoost,0.059866,0.0623765550553798,0.0025105550553798,NORMAL,NORMAL,NONE,MODERATE,
2678,2026-06-08 00:10:33,2026-06-08 00:11:33,60,mag_x,Ridge,319.564,229.37441001994276,-90.18958998005728,LOW_CONFIDENCE,INFO,MODEL_RELIABILITY_WARNING,LOW,Magnetic forecasting model has low predictive reliability based on walk-forward evaluation.
2679,2026-06-08 00:10:33,2026-06-08 00:11:33,60,mag_y,Ridge,284.69,231.57880691963612,-53.11119308036385,LOW_CONFIDENCE,INFO,MODEL_RELIABILITY_WARNING,LOW,Magnetic forecasting model has low predictive reliability based on walk-forward evaluation.
2680,2026-06-08 00:10:33,2026-06-08 00:11:33,60,mag_z,Ridge,243.054,234.7940360611915,-8.25996393880851,LOW_CONFIDENCE,INFO,MODEL_RELIABILITY_WARNING,LOW,Magnetic forecasting model has low predictive reliability based on walk-forward evaluation.
2681,2026-06-08 00:10:33,2026-06-08 00:11:33,60,temperature,Persistence,45.50000015,45.50000015,0.0,NORMAL,NORMAL,NONE,HIGH,
2675,2026-06-08 00:10:33,2026-06-08 00:11:33,60,vib_x_rms,XGBoost,0.105961,0.1051632836461067,-0.0007977163538932,WARNING,MEDIUM,ELEVATED_VIBRATION,MODERATE,Predicted vibration 0.105163 exceeds warning limit 0.10
2676,2026-06-08 00:10:33,2026-06-08 00:11:33,60,vib_y_rms,XGBoost,0.15321,0.1351799368858337,-0.0180300631141662,WARNING,MEDIUM,ELEVATED_VIBRATION,MODERATE,Predicted vibration 0.135180 exceeds warning limit 0.10
2677,2026-06-08 00:10:33,2026-06-08 00:11:33,60,vib_z_rms,XGBoost,0.066114,0.0621142052114009,-0.003999794788599,NORMAL,NORMAL,NONE,MODERATE,
2685,2026-06-08 00:10:35,2026-06-08 00:11:35,60,mag_x,Ridge,82.54401,231.60801821080943,149.06400821080945,LOW_CONFIDENCE,INFO,MODEL_RELIABILITY_WARNING,LOW,Magnetic forecasting model has low predictive reliability based on walk-forward evaluation.
2686,2026-06-08 00:10:35,2026-06-08 00:11:35,60,mag_y,Ridge,439.278,223.5167188021822,-215.76128119781785,LOW_CONFIDENCE,INFO,MODEL_RELIABILITY_WARNING,LOW,Magnetic forecasting model has low predictive reliability based on walk-forward evaluation.
2687,2026-06-08 00:10:35,2026-06-08 00:11:35,60,mag_z,Ridge,421.876,220.7572469364417,-201.11875306355827,LOW_CONFIDENCE,INFO,MODEL_RELIABILITY_WARNING,LOW,Magnetic forecasting model has low predictive reliability based on walk-forward evaluation.
2688,2026-06-08 00:10:35,2026-06-08 00:11:35,60,temperature,Persistence,45.50000012,45.50000012,0.0,NORMAL,NORMAL,NONE,HIGH,
2682,2026-06-08 00:10:35,2026-06-08 00:11:35,60,vib_x_rms,XGBoost,0.10165,0.105991780757904,0.004341780757904,WARNING,MEDIUM,ELEVATED_VIBRATION,MODERATE,Predicted vibration 0.105992 exceeds warning limit 0.10
2683,2026-06-08 00:10:35,2026-06-08 00:11:35,60,vib_y_rms,XGBoost,0.14135,0.1366899162530899,-0.00466008374691,WARNING,MEDIUM,ELEVATED_VIBRATION,MODERATE,Predicted vibration 0.136690 exceeds warning limit 0.10
2684,2026-06-08 00:10:35,2026-06-08 00:11:35,60,vib_z_rms,XGBoost,0.061584,0.0617230646312236,0.0001390646312236,NORMAL,NORMAL,NONE,MODERATE,
2692,2026-06-08 00:10:36,2026-06-08 00:11:36,60,mag_x,Ridge,400.316,227.80658426430517,-172.50941573569483,LOW_CONFIDENCE,INFO,MODEL_RELIABILITY_WARNING,LOW,Magnetic forecasting model has low predictive reliability based on walk-forward evaluation.
2693,2026-06-08 00:10:36,2026-06-08 00:11:36,60,mag_y,Ridge,165.228,229.19194546926903,63.96394546926905,LOW_CONFIDENCE,INFO,MODEL_RELIABILITY_WARNING,LOW,Magnetic forecasting model has low predictive reliability based on walk-forward evaluation.
2694,2026-06-08 00:10:36,2026-06-08 00:11:36,60,mag_z,Ridge,194.194,231.29456987253323,37.10056987253324,LOW_CONFIDENCE,INFO,MODEL_RELIABILITY_WARNING,LOW,Magnetic forecasting model has low predictive reliability based on walk-forward evaluation.
2695,2026-06-08 00:10:36,2026-06-08 00:11:36,60,temperature,Persistence,45.5000001,45.5000001,0.0,NORMAL,NORMAL,NONE,HIGH,
2689,2026-06-08 00:10:36,2026-06-08 00:11:36,60,vib_x_rms,XGBoost,0.093062,0.1033301651477813,0.0102681651477813,WARNING,MEDIUM,ELEVATED_VIBRATION,MODERATE,Predicted vibration 0.103330 exceeds warning limit 0.10
2690,2026-06-08 00:10:36,2026-06-08 00:11:36,60,vib_y_rms,XGBoost,0.119851,0.133924663066864,0.014073663066864,WARNING,MEDIUM,ELEVATED_VIBRATION,MODERATE,Predicted vibration 0.133925 exceeds warning limit 0.10
2691,2026-06-08 00:10:36,2026-06-08 00:11:36,60,vib_z_rms,XGBoost,0.065311,0.0619415827095508,-0.0033694172904491,NORMAL,NORMAL,NONE,MODERATE,
2699,2026-06-08 00:10:38,2026-06-08 00:11:38,60,mag_x,Ridge,26.586,227.3519237987719,200.7659237987719,LOW_CONFIDENCE,INFO,MODEL_RELIABILITY_WARNING,LOW,Magnetic forecasting model has low predictive reliability based on walk-forward evaluation.
2700,2026-06-08 00:10:38,2026-06-08 00:11:38,60,mag_y,Ridge,325.192,233.72577953037725,-91.46622046962275,LOW_CONFIDENCE,INFO,MODEL_RELIABILITY_WARNING,LOW,Magnetic forecasting model has low predictive reliability based on walk-forward evaluation.
2701,2026-06-08 00:10:38,2026-06-08 00:11:38,60,mag_z,Ridge,298.172,231.561487544374,-66.61051245562604,LOW_CONFIDENCE,INFO,MODEL_RELIABILITY_WARNING,LOW,Magnetic forecasting model has low predictive reliability based on walk-forward evaluation.
2702,2026-06-08 00:10:38,2026-06-08 00:11:38,60,temperature,Persistence,45.50000008,45.50000008,0.0,NORMAL,NORMAL,NONE,HIGH,
2696,2026-06-08 00:10:38,2026-06-08 00:11:38,60,vib_x_rms,XGBoost,0.103947,0.1031121909618377,-0.0008348090381622,WARNING,MEDIUM,ELEVATED_VIBRATION,MODERATE,Predicted vibration 0.103112 exceeds warning limit 0.10
2697,2026-06-08 00:10:38,2026-06-08 00:11:38,60,vib_y_rms,XGBoost,0.130695,0.1342791616916656,0.0035841616916656,WARNING,MEDIUM,ELEVATED_VIBRATION,MODERATE,Predicted vibration 0.134279 exceeds warning limit 0.10
2698,2026-06-08 00:10:38,2026-06-08 00:11:38,60,vib_z_rms,XGBoost,0.067466,0.0620296671986579,-0.005436332801342,NORMAL,NORMAL,NONE,MODERATE,
2706,2026-06-08 00:10:39,2026-06-08 00:11:39,60,mag_x,Ridge,267.582,223.1478442311846,-44.4341557688154,LOW_CONFIDENCE,INFO,MODEL_RELIABILITY_WARNING,LOW,Magnetic forecasting model has low predictive reliability based on walk-forward evaluation.
2707,2026-06-08 00:10:39,2026-06-08 00:11:39,60,mag_y,Ridge,313.67,227.25650443537097,-86.41349556462905,LOW_CONFIDENCE,INFO,MODEL_RELIABILITY_WARNING,LOW,Magnetic forecasting model has low predictive reliability based on walk-forward evaluation.
2708,2026-06-08 00:10:39,2026-06-08 00:11:39,60,mag_z,Ridge,370.076,225.03359030456187,-145.04240969543815,LOW_CONFIDENCE,INFO,MODEL_RELIABILITY_WARNING,LOW,Magnetic forecasting model has low predictive reliability based on walk-forward evaluation.
2709,2026-06-08 00:10:39,2026-06-08 00:11:39,60,temperature,Persistence,45.50000006,45.50000006,0.0,NORMAL,NORMAL,NONE,HIGH,
2703,2026-06-08 00:10:39,2026-06-08 00:11:39,60,vib_x_rms,XGBoost,0.124072,0.105271503329277,-0.0188004966707229,WARNING,MEDIUM,ELEVATED_VIBRATION,MODERATE,Predicted vibration 0.105272 exceeds warning limit 0.10
2704,2026-06-08 00:10:39,2026-06-08 00:11:39,60,vib_y_rms,XGBoost,0.123286,0.1353083997964859,0.0120223997964858,WARNING,MEDIUM,ELEVATED_VIBRATION,MODERATE,Predicted vibration 0.135308 exceeds warning limit 0.10
2705,2026-06-08 00:10:39,2026-06-08 00:11:39,60,vib_z_rms,XGBoost,0.066295,0.0632526576519012,-0.0030423423480987,NORMAL,NORMAL,NONE,MODERATE,
2713,2026-06-08 00:10:41,2026-06-08 00:11:41,60,mag_x,Ridge,21.0,229.3100492455121,208.3100492455121,LOW_CONFIDENCE,INFO,MODEL_RELIABILITY_WARNING,LOW,Magnetic forecasting model has low predictive reliability based on walk-forward evaluation.
2714,2026-06-08 00:10:41,2026-06-08 00:11:41,60,mag_y,Ridge,429.548,230.8899132459661,-198.6580867540339,LOW_CONFIDENCE,INFO,MODEL_RELIABILITY_WARNING,LOW,Magnetic forecasting model has low predictive reliability based on walk-forward evaluation.
2715,2026-06-08 00:10:41,2026-06-08 00:11:41,60,mag_z,Ridge,323.106,231.75673296215476,-91.34926703784528,LOW_CONFIDENCE,INFO,MODEL_RELIABILITY_WARNING,LOW,Magnetic forecasting model has low predictive reliability based on walk-forward evaluation.
2716,2026-06-08 00:10:41,2026-06-08 00:11:41,60,temperature,Persistence,45.50000005,45.50000005,0.0,NORMAL,NORMAL,NONE,HIGH,
2710,2026-06-08 00:10:41,2026-06-08 00:11:41,60,vib_x_rms,XGBoost,0.110311,0.1047987192869186,-0.0055122807130813,WARNING,MEDIUM,ELEVATED_VIBRATION,MODERATE,Predicted vibration 0.104799 exceeds warning limit 0.10
2711,2026-06-08 00:10:41,2026-06-08 00:11:41,60,vib_y_rms,XGBoost,0.138671,0.1366970092058181,-0.0019739907941818,WARNING,MEDIUM,ELEVATED_VIBRATION,MODERATE,Predicted vibration 0.136697 exceeds warning limit 0.10
2712,2026-06-08 00:10:41,2026-06-08 00:11:41,60,vib_z_rms,XGBoost,0.060716,0.0619500763714313,0.0012340763714313,NORMAL,NORMAL,NONE,MODERATE,
2720,2026-06-08 00:10:42,2026-06-08 00:11:42,60,mag_x,Ridge,429.842,230.0649298483042,-199.7770701516958,LOW_CONFIDENCE,INFO,MODEL_RELIABILITY_WARNING,LOW,Magnetic forecasting model has low predictive reliability based on walk-forward evaluation.
2721,2026-06-08 00:10:42,2026-06-08 00:11:42,60,mag_y,Ridge,349.776,225.8041682726929,-123.97183172730712,LOW_CONFIDENCE,INFO,MODEL_RELIABILITY_WARNING,LOW,Magnetic forecasting model has low predictive reliability based on walk-forward evaluation.
2722,2026-06-08 00:10:42,2026-06-08 00:11:42,60,mag_z,Ridge,423.906,233.8611667497464,-190.0448332502536,LOW_CONFIDENCE,INFO,MODEL_RELIABILITY_WARNING,LOW,Magnetic forecasting model has low predictive reliability based on walk-forward evaluation.
2723,2026-06-08 00:10:42,2026-06-08 00:11:42,60,temperature,Persistence,45.50000004,45.50000004,0.0,NORMAL,NORMAL,NONE,HIGH,
2717,2026-06-08 00:10:42,2026-06-08 00:11:42,60,vib_x_rms,XGBoost,0.103871,0.1061125770211219,0.0022415770211219,WARNING,MEDIUM,ELEVATED_VIBRATION,MODERATE,Predicted vibration 0.106113 exceeds warning limit 0.10
2718,2026-06-08 00:10:42,2026-06-08 00:11:42,60,vib_y_rms,XGBoost,0.164886,0.1382020413875579,-0.026683958612442,WARNING,MEDIUM,ELEVATED_VIBRATION,MODERATE,Predicted vibration 0.138202 exceeds warning limit 0.10
2719,2026-06-08 00:10:42,2026-06-08 00:11:42,60,vib_z_rms,XGBoost,0.070887,0.062489029020071,-0.0083979709799289,NORMAL,NORMAL,NONE,MODERATE,
2727,2026-06-08 00:10:43,2026-06-08 00:11:43,60,mag_x,Ridge,11.06,235.67263944834676,224.61263944834675,LOW_CONFIDENCE,INFO,MODEL_RELIABILITY_WARNING,LOW,Magnetic forecasting model has low predictive reliability based on walk-forward evaluation.
2728,2026-06-08 00:10:43,2026-06-08 00:11:43,60,mag_y,Ridge,404.026,225.2220458978685,-178.8039541021315,LOW_CONFIDENCE,INFO,MODEL_RELIABILITY_WARNING,LOW,Magnetic forecasting model has low predictive reliability based on walk-forward evaluation.
2729,2026-06-08 00:10:43,2026-06-08 00:11:43,60,mag_z,Ridge,392.644,224.67622070767607,-167.96777929232388,LOW_CONFIDENCE,INFO,MODEL_RELIABILITY_WARNING,LOW,Magnetic forecasting model has low predictive reliability based on walk-forward evaluation.
2730,2026-06-08 00:10:43,2026-06-08 00:11:43,60,temperature,Persistence,45.50000003,45.50000003,0.0,NORMAL,NORMAL,NONE,HIGH,
2724,2026-06-08 00:10:43,2026-06-08 00:11:43,60,vib_x_rms,XGBoost,0.108043,0.1069727316498756,-0.0010702683501243,WARNING,MEDIUM,ELEVATED_VIBRATION,MODERATE,Predicted vibration 0.106973 exceeds warning limit 0.10
2725,2026-06-08 00:10:43,2026-06-08 00:11:43,60,vib_y_rms,XGBoost,0.153209,0.1413198858499527,-0.0118891141500473,WARNING,MEDIUM,ELEVATED_VIBRATION,MODERATE,Predicted vibration 0.141320 exceeds warning limit 0.10
2726,2026-06-08 00:10:43,2026-06-08 00:11:43,60,vib_z_rms,XGBoost,0.056712,0.063012421131134,0.006300421131134,NORMAL,NORMAL,NONE,MODERATE,
2734,2026-06-08 00:10:45,2026-06-08 00:11:45,60,mag_x,Ridge,44.534,231.2436062211085,186.7096062211085,LOW_CONFIDENCE,INFO,MODEL_RELIABILITY_WARNING,LOW,Magnetic forecasting model has low predictive reliability based on walk-forward evaluation.
2735,2026-06-08 00:10:45,2026-06-08 00:11:45,60,mag_y,Ridge,342.538,226.8161581241133,-115.7218418758867,LOW_CONFIDENCE,INFO,MODEL_RELIABILITY_WARNING,LOW,Magnetic forecasting model has low predictive reliability based on walk-forward evaluation.
2736,2026-06-08 00:10:45,2026-06-08 00:11:45,60,mag_z,Ridge,176.414,234.18935632074516,57.775356320745146,LOW_CONFIDENCE,INFO,MODEL_RELIABILITY_WARNING,LOW,Magnetic forecasting model has low predictive reliability based on walk-forward evaluation.
2737,2026-06-08 00:10:45,2026-06-08 00:11:45,60,temperature,Persistence,45.50000003,45.50000003,0.0,NORMAL,NORMAL,NONE,HIGH,
2731,2026-06-08 00:10:45,2026-06-08 00:11:45,60,vib_x_rms,XGBoost,0.09251,0.1055399402976036,0.0130299402976036,WARNING,MEDIUM,ELEVATED_VIBRATION,MODERATE,Predicted vibration 0.105540 exceeds warning limit 0.10
2732,2026-06-08 00:10:45,2026-06-08 00:11:45,60,vib_y_rms,XGBoost,0.122323,0.1406540274620056,0.0183310274620056,WARNING,MEDIUM,ELEVATED_VIBRATION,MODERATE,Predicted vibration 0.140654 exceeds warning limit 0.10
2733,2026-06-08 00:10:45,2026-06-08 00:11:45,60,vib_z_rms,XGBoost,0.057141,0.0635739862918853,0.0064329862918853,NORMAL,NORMAL,NONE,MODERATE,
2741,2026-06-08 00:10:46,2026-06-08 00:11:46,60,mag_x,Ridge,401.52,223.6159000428897,-177.90409995711025,LOW_CONFIDENCE,INFO,MODEL_RELIABILITY_WARNING,LOW,Magnetic forecasting model has low predictive reliability based on walk-forward evaluation.
2742,2026-06-08 00:10:46,2026-06-08 00:11:46,60,mag_y,Ridge,341.138,235.63630826607763,-105.50169173392234,LOW_CONFIDENCE,INFO,MODEL_RELIABILITY_WARNING,LOW,Magnetic forecasting model has low predictive reliability based on walk-forward evaluation.
2743,2026-06-08 00:10:46,2026-06-08 00:11:46,60,mag_z,Ridge,54.152,229.4972212734915,175.34522127349152,LOW_CONFIDENCE,INFO,MODEL_RELIABILITY_WARNING,LOW,Magnetic forecasting model has low predictive reliability based on walk-forward evaluation.
2744,2026-06-08 00:10:46,2026-06-08 00:11:46,60,temperature,Persistence,45.50000002,45.50000002,0.0,NORMAL,NORMAL,NONE,HIGH,
2738,2026-06-08 00:10:46,2026-06-08 00:11:46,60,vib_x_rms,XGBoost,0.101427,0.1079865917563438,0.0065595917563438,WARNING,MEDIUM,ELEVATED_VIBRATION,MODERATE,Predicted vibration 0.107987 exceeds warning limit 0.10
2739,2026-06-08 00:10:46,2026-06-08 00:11:46,60,vib_y_rms,XGBoost,0.129498,0.1396423280239105,0.0101443280239105,WARNING,MEDIUM,ELEVATED_VIBRATION,MODERATE,Predicted vibration 0.139642 exceeds warning limit 0.10
2740,2026-06-08 00:10:46,2026-06-08 00:11:46,60,vib_z_rms,XGBoost,0.061364,0.0637231841683387,0.0023591841683387,NORMAL,NORMAL,NONE,MODERATE,
2748,2026-06-08 00:10:48,2026-06-08 00:11:48,60,mag_x,Ridge,433.44,222.66446112974663,-210.77553887025337,LOW_CONFIDENCE,INFO,MODEL_RELIABILITY_WARNING,LOW,Magnetic forecasting model has low predictive reliability based on walk-forward evaluation.
2749,2026-06-08 00:10:48,2026-06-08 00:11:48,60,mag_y,Ridge,375.004,237.00179418713867,-138.00220581286135,LOW_CONFIDENCE,INFO,MODEL_RELIABILITY_WARNING,LOW,Magnetic forecasting model has low predictive reliability based on walk-forward evaluation.
2750,2026-06-08 00:10:48,2026-06-08 00:11:48,60,mag_z,Ridge,45.052,227.85609393070104,182.80409393070104,LOW_CONFIDENCE,INFO,MODEL_RELIABILITY_WARNING,LOW,Magnetic forecasting model has low predictive reliability based on walk-forward evaluation.
2751,2026-06-08 00:10:48,2026-06-08 00:11:48,60,temperature,Persistence,45.50000002,45.50000002,0.0,NORMAL,NORMAL,NONE,HIGH,
2745,2026-06-08 00:10:48,2026-06-08 00:11:48,60,vib_x_rms,XGBoost,0.101337,0.1076842993497848,0.0063472993497848,WARNING,MEDIUM,ELEVATED_VIBRATION,MODERATE,Predicted vibration 0.107684 exceeds warning limit 0.10
2746,2026-06-08 00:10:48,2026-06-08 00:11:48,60,vib_y_rms,XGBoost,0.148846,0.140454426407814,-0.0083915735921859,WARNING,MEDIUM,ELEVATED_VIBRATION,MODERATE,Predicted vibration 0.140454 exceeds warning limit 0.10
2747,2026-06-08 00:10:48,2026-06-08 00:11:48,60,vib_z_rms,XGBoost,0.067795,0.0646183863282203,-0.0031766136717796,NORMAL,NORMAL,NONE,MODERATE,
2755,2026-06-08 00:10:49,2026-06-08 00:11:49,60,mag_x,Ridge,255.934,224.237039950794,-31.69696004920601,LOW_CONFIDENCE,INFO,MODEL_RELIABILITY_WARNING,LOW,Magnetic forecasting model has low predictive reliability based on walk-forward evaluation.
2756,2026-06-08 00:10:49,2026-06-08 00:11:49,60,mag_y,Ridge,76.58,235.64697579937564,159.06697579937563,LOW_CONFIDENCE,INFO,MODEL_RELIABILITY_WARNING,LOW,Magnetic forecasting model has low predictive reliability based on walk-forward evaluation.
2757,2026-06-08 00:10:49,2026-06-08 00:11:49,60,mag_z,Ridge,259.812,230.24088277173783,-29.571117228262157,LOW_CONFIDENCE,INFO,MODEL_RELIABILITY_WARNING,LOW,Magnetic forecasting model has low predictive reliability based on walk-forward evaluation.
2758,2026-06-08 00:10:49,2026-06-08 00:11:49,60,temperature,Persistence,45.50000001,45.50000001,0.0,NORMAL,NORMAL,NONE,HIGH,
2752,2026-06-08 00:10:49,2026-06-08 00:11:49,60,vib_x_rms,XGBoost,0.097337,0.1090269833803176,0.0116899833803176,WARNING,MEDIUM,ELEVATED_VIBRATION,MODERATE,Predicted vibration 0.109027 exceeds warning limit 0.10
2753,2026-06-08 00:10:49,2026-06-08 00:11:49,60,vib_y_rms,XGBoost,0.134572,0.1419443637132644,0.0073723637132644,WARNING,MEDIUM,ELEVATED_VIBRATION,MODERATE,Predicted vibration 0.141944 exceeds warning limit 0.10
2754,2026-06-08 00:10:49,2026-06-08 00:11:49,60,vib_z_rms,XGBoost,0.063715,0.0645968168973922,0.0008818168973922,NORMAL,NORMAL,NONE,MODERATE,
2762,2026-06-08 00:10:51,2026-06-08 00:11:51,60,mag_x,Ridge,259.63,224.38482959370472,-35.24517040629527,LOW_CONFIDENCE,INFO,MODEL_RELIABILITY_WARNING,LOW,Magnetic forecasting model has low predictive reliability based on walk-forward evaluation.
2763,2026-06-08 00:10:51,2026-06-08 00:11:51,60,mag_y,Ridge,241.948,227.19660708006845,-14.75139291993156,LOW_CONFIDENCE,INFO,MODEL_RELIABILITY_WARNING,LOW,Magnetic forecasting model has low predictive reliability based on walk-forward evaluation.
2764,2026-06-08 00:10:51,2026-06-08 00:11:51,60,mag_z,Ridge,59.864,226.7719100533786,166.9079100533786,LOW_CONFIDENCE,INFO,MODEL_RELIABILITY_WARNING,LOW,Magnetic forecasting model has low predictive reliability based on walk-forward evaluation.
2765,2026-06-08 00:10:51,2026-06-08 00:11:51,60,temperature,Persistence,45.50000001,45.50000001,0.0,NORMAL,NORMAL,NONE,HIGH,
2759,2026-06-08 00:10:51,2026-06-08 00:11:51,60,vib_x_rms,XGBoost,0.099071,0.1073598936200141,0.0082888936200141,WARNING,MEDIUM,ELEVATED_VIBRATION,MODERATE,Predicted vibration 0.107360 exceeds warning limit 0.10
2760,2026-06-08 00:10:51,2026-06-08 00:11:51,60,vib_y_rms,XGBoost,0.123789,0.1388409286737442,0.0150519286737442,WARNING,MEDIUM,ELEVATED_VIBRATION,MODERATE,Predicted vibration 0.138841 exceeds warning limit 0.10
2761,2026-06-08 00:10:51,2026-06-08 00:11:51,60,vib_z_rms,XGBoost,0.059513,0.0647574439644813,0.0052444439644813,NORMAL,NORMAL,NONE,MODERATE,
2769,2026-06-08 00:10:52,2026-06-08 00:11:52,60,mag_x,Ridge,64.05,228.1804143253808,164.1304143253808,LOW_CONFIDENCE,INFO,MODEL_RELIABILITY_WARNING,LOW,Magnetic forecasting model has low predictive reliability based on walk-forward evaluation.
2770,2026-06-08 00:10:52,2026-06-08 00:11:52,60,mag_y,Ridge,135.114,225.43155608747543,90.31755608747544,LOW_CONFIDENCE,INFO,MODEL_RELIABILITY_WARNING,LOW,Magnetic forecasting model has low predictive reliability based on walk-forward evaluation.
2771,2026-06-08 00:10:52,2026-06-08 00:11:52,60,mag_z,Ridge,243.376,234.3269729080309,-9.049027091969094,LOW_CONFIDENCE,INFO,MODEL_RELIABILITY_WARNING,LOW,Magnetic forecasting model has low predictive reliability based on walk-forward evaluation.
2772,2026-06-08 00:10:52,2026-06-08 00:11:52,60,temperature,Persistence,45.50000001,45.50000001,0.0,NORMAL,NORMAL,NONE,HIGH,
2766,2026-06-08 00:10:52,2026-06-08 00:11:52,60,vib_x_rms,XGBoost,0.106853,0.1036936342716217,-0.0031593657283782,WARNING,MEDIUM,ELEVATED_VIBRATION,MODERATE,Predicted vibration 0.103694 exceeds warning limit 0.10
2767,2026-06-08 00:10:52,2026-06-08 00:11:52,60,vib_y_rms,XGBoost,0.131969,0.1381344646215438,0.0061654646215438,WARNING,MEDIUM,ELEVATED_VIBRATION,MODERATE,Predicted vibration 0.138134 exceeds warning limit 0.10
2768,2026-06-08 00:10:52,2026-06-08 00:11:52,60,vib_z_rms,XGBoost,0.064214,0.0637483075261116,-0.0004656924738883,NORMAL,NORMAL,NONE,MODERATE,
2776,2026-06-08 00:10:53,2026-06-08 00:11:53,60,mag_x,Ridge,445.116,223.43197089896316,-221.68402910103688,LOW_CONFIDENCE,INFO,MODEL_RELIABILITY_WARNING,LOW,Magnetic forecasting model has low predictive reliability based on walk-forward evaluation.
2777,2026-06-08 00:10:53,2026-06-08 00:11:53,60,mag_y,Ridge,4.69,223.43188056859992,218.74188056859992,LOW_CONFIDENCE,INFO,MODEL_RELIABILITY_WARNING,LOW,Magnetic forecasting model has low predictive reliability based on walk-forward evaluation.
2778,2026-06-08 00:10:53,2026-06-08 00:11:53,60,mag_z,Ridge,155.372,228.7311180072092,73.35911800720916,LOW_CONFIDENCE,INFO,MODEL_RELIABILITY_WARNING,LOW,Magnetic forecasting model has low predictive reliability based on walk-forward evaluation.
2779,2026-06-08 00:10:53,2026-06-08 00:11:53,60,temperature,Persistence,45.50000001,45.50000001,0.0,NORMAL,NORMAL,NONE,HIGH,
2773,2026-06-08 00:10:53,2026-06-08 00:11:53,60,vib_x_rms,XGBoost,0.089147,0.1031457036733627,0.0139987036733627,WARNING,MEDIUM,ELEVATED_VIBRATION,MODERATE,Predicted vibration 0.103146 exceeds warning limit 0.10
2774,2026-06-08 00:10:53,2026-06-08 00:11:53,60,vib_y_rms,XGBoost,0.142633,0.1375889629125595,-0.0050440370874405,WARNING,MEDIUM,ELEVATED_VIBRATION,MODERATE,Predicted vibration 0.137589 exceeds warning limit 0.10
2775,2026-06-08 00:10:53,2026-06-08 00:11:53,60,vib_z_rms,XGBoost,0.068104,0.063531294465065,-0.0045727055349349,NORMAL,NORMAL,NONE,MODERATE,
2783,2026-06-08 00:10:55,2026-06-08 00:11:55,60,mag_x,Ridge,117.39,233.78713075456056,116.39713075456056,LOW_CONFIDENCE,INFO,MODEL_RELIABILITY_WARNING,LOW,Magnetic forecasting model has low predictive reliability based on walk-forward evaluation.
2784,2026-06-08 00:10:55,2026-06-08 00:11:55,60,mag_y,Ridge,361.41,225.8943641140438,-135.5156358859562,LOW_CONFIDENCE,INFO,MODEL_RELIABILITY_WARNING,LOW,Magnetic forecasting model has low predictive reliability based on walk-forward evaluation.
2785,2026-06-08 00:10:55,2026-06-08 00:11:55,60,mag_z,Ridge,368.172,229.82666574136533,-138.3453342586347,LOW_CONFIDENCE,INFO,MODEL_RELIABILITY_WARNING,LOW,Magnetic forecasting model has low predictive reliability based on walk-forward evaluation.
2786,2026-06-08 00:10:55,2026-06-08 00:11:55,60,temperature,Persistence,45.50000001,45.50000001,0.0,NORMAL,NORMAL,NONE,HIGH,
2780,2026-06-08 00:10:55,2026-06-08 00:11:55,60,vib_x_rms,XGBoost,0.104753,0.1083486527204513,0.0035956527204513,WARNING,MEDIUM,ELEVATED_VIBRATION,MODERATE,Predicted vibration 0.108349 exceeds warning limit 0.10
2781,2026-06-08 00:10:55,2026-06-08 00:11:55,60,vib_y_rms,XGBoost,0.159628,0.140330821275711,-0.0192971787242889,WARNING,MEDIUM,ELEVATED_VIBRATION,MODERATE,Predicted vibration 0.140331 exceeds warning limit 0.10
2782,2026-06-08 00:10:55,2026-06-08 00:11:55,60,vib_z_rms,XGBoost,0.054576,0.0642495900392532,0.0096735900392532,NORMAL,NORMAL,NONE,MODERATE,
2790,2026-06-08 00:10:56,2026-06-08 00:11:56,60,mag_x,Ridge,173.138,232.28398322571115,59.14598322571112,LOW_CONFIDENCE,INFO,MODEL_RELIABILITY_WARNING,LOW,Magnetic forecasting model has low predictive reliability based on walk-forward evaluation.
2791,2026-06-08 00:10:56,2026-06-08 00:11:56,60,mag_y,Ridge,39.144,223.72746135592973,184.58346135592973,LOW_CONFIDENCE,INFO,MODEL_RELIABILITY_WARNING,LOW,Magnetic forecasting model has low predictive reliability based on walk-forward evaluation.
2792,2026-06-08 00:10:56,2026-06-08 00:11:56,60,mag_z,Ridge,340.718,228.58573731640908,-112.13226268359094,LOW_CONFIDENCE,INFO,MODEL_RELIABILITY_WARNING,LOW,Magnetic forecasting model has low predictive reliability based on walk-forward evaluation.
2793,2026-06-08 00:10:56,2026-06-08 00:11:56,60,temperature,Persistence,45.5,45.5,0.0,NORMAL,NORMAL,NONE,HIGH,
2787,2026-06-08 00:10:56,2026-06-08 00:11:56,60,vib_x_rms,XGBoost,0.108028,0.10845597833395,0.00042797833395,WARNING,MEDIUM,ELEVATED_VIBRATION,MODERATE,Predicted vibration 0.108456 exceeds warning limit 0.10
2788,2026-06-08 00:10:56,2026-06-08 00:11:56,60,vib_y_rms,XGBoost,0.137642,0.1390622109174728,0.0014202109174728,WARNING,MEDIUM,ELEVATED_VIBRATION,MODERATE,Predicted vibration 0.139062 exceeds warning limit 0.10
2789,2026-06-08 00:10:56,2026-06-08 00:11:56,60,vib_z_rms,XGBoost,0.060924,0.0633304044604301,0.0024064044604301,NORMAL,NORMAL,NONE,MODERATE,
2797,2026-06-08 00:10:58,2026-06-08 00:11:58,60,mag_x,Ridge,54.768,228.3069387903905,173.5389387903905,LOW_CONFIDENCE,INFO,MODEL_RELIABILITY_WARNING,LOW,Magnetic forecasting model has low predictive reliability based on walk-forward evaluation.
2798,2026-06-08 00:10:58,2026-06-08 00:11:58,60,mag_y,Ridge,285.88,236.61801418297395,-49.26198581702605,LOW_CONFIDENCE,INFO,MODEL_RELIABILITY_WARNING,LOW,Magnetic forecasting model has low predictive reliability based on walk-forward evaluation.
2799,2026-06-08 00:10:58,2026-06-08 00:11:58,60,mag_z,Ridge,40.67,229.30825135030705,188.63825135030703,LOW_CONFIDENCE,INFO,MODEL_RELIABILITY_WARNING,LOW,Magnetic forecasting model has low predictive reliability based on walk-forward evaluation.
2800,2026-06-08 00:10:58,2026-06-08 00:11:58,60,temperature,Persistence,45.5,45.5,0.0,NORMAL,NORMAL,NONE,HIGH,
2794,2026-06-08 00:10:58,2026-06-08 00:11:58,60,vib_x_rms,XGBoost,0.119299,0.1050355210900306,-0.0142634789099693,WARNING,MEDIUM,ELEVATED_VIBRATION,MODERATE,Predicted vibration 0.105036 exceeds warning limit 0.10
2795,2026-06-08 00:10:58,2026-06-08 00:11:58,60,vib_y_rms,XGBoost,0.112845,0.136709451675415,0.023864451675415,WARNING,MEDIUM,ELEVATED_VIBRATION,MODERATE,Predicted vibration 0.136709 exceeds warning limit 0.10
2796,2026-06-08 00:10:58,2026-06-08 00:11:58,60,vib_z_rms,XGBoost,0.060802,0.0634633377194404,0.0026613377194404,NORMAL,NORMAL,NONE,MODERATE,
2804,2026-06-08 00:10:59,2026-06-08 00:11:59,60,mag_x,Ridge,333.55,227.5524695693505,-105.9975304306495,LOW_CONFIDENCE,INFO,MODEL_RELIABILITY_WARNING,LOW,Magnetic forecasting model has low predictive reliability based on walk-forward evaluation.
2805,2026-06-08 00:10:59,2026-06-08 00:11:59,60,mag_y,Ridge,203.644,229.41419190299297,25.770191902992963,LOW_CONFIDENCE,INFO,MODEL_RELIABILITY_WARNING,LOW,Magnetic forecasting model has low predictive reliability based on walk-forward evaluation.
2806,2026-06-08 00:10:59,2026-06-08 00:11:59,60,mag_z,Ridge,49.364,236.27032571388557,186.90632571388556,LOW_CONFIDENCE,INFO,MODEL_RELIABILITY_WARNING,LOW,Magnetic forecasting model has low predictive reliability based on walk-forward evaluation.
2807,2026-06-08 00:10:59,2026-06-08 00:11:59,60,temperature,Persistence,45.5,45.5,0.0,NORMAL,NORMAL,NONE,HIGH,
2801,2026-06-08 00:10:59,2026-06-08 00:11:59,60,vib_x_rms,XGBoost,0.130802,0.1038007289171218,-0.0270012710828781,WARNING,MEDIUM,ELEVATED_VIBRATION,MODERATE,Predicted vibration 0.103801 exceeds warning limit 0.10
2802,2026-06-08 00:10:59,2026-06-08 00:11:59,60,vib_y_rms,XGBoost,0.134526,0.1362092047929763,0.0016832047929763,WARNING,MEDIUM,ELEVATED_VIBRATION,MODERATE,Predicted vibration 0.136209 exceeds warning limit 0.10
2803,2026-06-08 00:10:59,2026-06-08 00:11:59,60,vib_z_rms,XGBoost,0.065428,0.0632190629839897,-0.0022089370160102,NORMAL,NORMAL,NONE,MODERATE,
2811,2026-06-08 00:11:01,2026-06-08 00:12:01,60,mag_x,Ridge,90.188,227.18851643104864,137.00051643104865,LOW_CONFIDENCE,INFO,MODEL_RELIABILITY_WARNING,LOW,Magnetic forecasting model has low predictive reliability based on walk-forward evaluation.
2812,2026-06-08 00:11:01,2026-06-08 00:12:01,60,mag_y,Ridge,158.074,230.16640671973843,72.09240671973842,LOW_CONFIDENCE,INFO,MODEL_RELIABILITY_WARNING,LOW,Magnetic forecasting model has low predictive reliability based on walk-forward evaluation.
2813,2026-06-08 00:11:01,2026-06-08 00:12:01,60,mag_z,Ridge,122.346,227.34528678430996,104.99928678430992,LOW_CONFIDENCE,INFO,MODEL_RELIABILITY_WARNING,LOW,Magnetic forecasting model has low predictive reliability based on walk-forward evaluation.
2814,2026-06-08 00:11:01,2026-06-08 00:12:01,60,temperature,Persistence,45.5,45.5,0.0,NORMAL,NORMAL,NONE,HIGH,
2808,2026-06-08 00:11:01,2026-06-08 00:12:01,60,vib_x_rms,XGBoost,0.105736,0.1046293303370475,-0.0011066696629524,WARNING,MEDIUM,ELEVATED_VIBRATION,MODERATE,Predicted vibration 0.104629 exceeds warning limit 0.10
2809,2026-06-08 00:11:01,2026-06-08 00:12:01,60,vib_y_rms,XGBoost,0.127991,0.1366225033998489,0.0086315033998489,WARNING,MEDIUM,ELEVATED_VIBRATION,MODERATE,Predicted vibration 0.136623 exceeds warning limit 0.10
2810,2026-06-08 00:11:01,2026-06-08 00:12:01,60,vib_z_rms,XGBoost,0.064264,0.0633093267679214,-0.0009546732320785,NORMAL,NORMAL,NONE,MODERATE,
2818,2026-06-08 00:11:02,2026-06-08 00:12:02,60,mag_x,Ridge,324.044,230.806272968698,-93.237727031302,LOW_CONFIDENCE,INFO,MODEL_RELIABILITY_WARNING,LOW,Magnetic forecasting model has low predictive reliability based on walk-forward evaluation.
2819,2026-06-08 00:11:02,2026-06-08 00:12:02,60,mag_y,Ridge,250.04,229.5295635939661,-20.510436406033904,LOW_CONFIDENCE,INFO,MODEL_RELIABILITY_WARNING,LOW,Magnetic forecasting model has low predictive reliability based on walk-forward evaluation.
2820,2026-06-08 00:11:02,2026-06-08 00:12:02,60,mag_z,Ridge,181.286,230.08780526786583,48.80180526786586,LOW_CONFIDENCE,INFO,MODEL_RELIABILITY_WARNING,LOW,Magnetic forecasting model has low predictive reliability based on walk-forward evaluation.
2821,2026-06-08 00:11:02,2026-06-08 00:12:02,60,temperature,Persistence,45.5,45.5,0.0,NORMAL,NORMAL,NONE,HIGH,
2815,2026-06-08 00:11:02,2026-06-08 00:12:02,60,vib_x_rms,XGBoost,0.096763,0.1090503707528114,0.0122873707528114,WARNING,MEDIUM,ELEVATED_VIBRATION,MODERATE,Predicted vibration 0.109050 exceeds warning limit 0.10
2816,2026-06-08 00:11:02,2026-06-08 00:12:02,60,vib_y_rms,XGBoost,0.159916,0.1369279474020004,-0.0229880525979995,WARNING,MEDIUM,ELEVATED_VIBRATION,MODERATE,Predicted vibration 0.136928 exceeds warning limit 0.10
2817,2026-06-08 00:11:02,2026-06-08 00:12:02,60,vib_z_rms,XGBoost,0.064218,0.0639751926064491,-0.0002428073935508,NORMAL,NORMAL,NONE,MODERATE,
2825,2026-06-08 00:11:03,2026-06-08 00:12:03,60,mag_x,Ridge,374.248,231.30494841116527,-142.94305158883472,LOW_CONFIDENCE,INFO,MODEL_RELIABILITY_WARNING,LOW,Magnetic forecasting model has low predictive reliability based on walk-forward evaluation.
2826,2026-06-08 00:11:03,2026-06-08 00:12:03,60,mag_y,Ridge,75.85201,229.25757963540156,153.40556963540152,LOW_CONFIDENCE,INFO,MODEL_RELIABILITY_WARNING,LOW,Magnetic forecasting model has low predictive reliability based on walk-forward evaluation.
2827,2026-06-08 00:11:03,2026-06-08 00:12:03,60,mag_z,Ridge,114.52,233.4965950576716,118.97659505767162,LOW_CONFIDENCE,INFO,MODEL_RELIABILITY_WARNING,LOW,Magnetic forecasting model has low predictive reliability based on walk-forward evaluation.
2828,2026-06-08 00:11:03,2026-06-08 00:12:03,60,temperature,Persistence,45.5,45.5,0.0,NORMAL,NORMAL,NONE,HIGH,
2822,2026-06-08 00:11:03,2026-06-08 00:12:03,60,vib_x_rms,XGBoost,0.096318,0.108488492667675,0.012170492667675,WARNING,MEDIUM,ELEVATED_VIBRATION,MODERATE,Predicted vibration 0.108488 exceeds warning limit 0.10
2823,2026-06-08 00:11:03,2026-06-08 00:12:03,60,vib_y_rms,XGBoost,0.144374,0.13716821372509,-0.0072057862749099,WARNING,MEDIUM,ELEVATED_VIBRATION,MODERATE,Predicted vibration 0.137168 exceeds warning limit 0.10
2824,2026-06-08 00:11:03,2026-06-08 00:12:03,60,vib_z_rms,XGBoost,0.064768,0.0622979067265987,-0.0024700932734012,NORMAL,NORMAL,NONE,MODERATE,
2832,2026-06-08 00:11:05,2026-06-08 00:12:05,60,mag_x,Ridge,98.056,229.4497845285924,131.3937845285924,LOW_CONFIDENCE,INFO,MODEL_RELIABILITY_WARNING,LOW,Magnetic forecasting model has low predictive reliability based on walk-forward evaluation.
2833,2026-06-08 00:11:05,2026-06-08 00:12:05,60,mag_y,Ridge,229.502,223.53648288339247,-5.965517116607487,LOW_CONFIDENCE,INFO,MODEL_RELIABILITY_WARNING,LOW,Magnetic forecasting model has low predictive reliability based on walk-forward evaluation.
2834,2026-06-08 00:11:05,2026-06-08 00:12:05,60,mag_z,Ridge,117.096,228.49786223796696,111.40186223796698,LOW_CONFIDENCE,INFO,MODEL_RELIABILITY_WARNING,LOW,Magnetic forecasting model has low predictive reliability based on walk-forward evaluation.
2835,2026-06-08 00:11:05,2026-06-08 00:12:05,60,temperature,Persistence,45.5,45.5,0.0,NORMAL,NORMAL,NONE,HIGH,
2829,2026-06-08 00:11:05,2026-06-08 00:12:05,60,vib_x_rms,XGBoost,0.096155,0.1083071753382682,0.0121521753382682,WARNING,MEDIUM,ELEVATED_VIBRATION,MODERATE,Predicted vibration 0.108307 exceeds warning limit 0.10
2830,2026-06-08 00:11:05,2026-06-08 00:12:05,60,vib_y_rms,XGBoost,0.118706,0.138221725821495,0.019515725821495,WARNING,MEDIUM,ELEVATED_VIBRATION,MODERATE,Predicted vibration 0.138222 exceeds warning limit 0.10
2831,2026-06-08 00:11:05,2026-06-08 00:12:05,60,vib_z_rms,XGBoost,0.070708,0.0622115097939968,-0.0084964902060031,NORMAL,NORMAL,NONE,MODERATE,
2839,2026-06-08 00:11:06,2026-06-08 00:12:06,60,mag_x,Ridge,224.84,233.41492733108035,8.574927331080346,LOW_CONFIDENCE,INFO,MODEL_RELIABILITY_WARNING,LOW,Magnetic forecasting model has low predictive reliability based on walk-forward evaluation.
2840,2026-06-08 00:11:06,2026-06-08 00:12:06,60,mag_y,Ridge,175.14,228.5067930401688,53.36679304016877,LOW_CONFIDENCE,INFO,MODEL_RELIABILITY_WARNING,LOW,Magnetic forecasting model has low predictive reliability based on walk-forward evaluation.
2841,2026-06-08 00:11:06,2026-06-08 00:12:06,60,mag_z,Ridge,332.206,231.9708952875846,-100.23510471241542,LOW_CONFIDENCE,INFO,MODEL_RELIABILITY_WARNING,LOW,Magnetic forecasting model has low predictive reliability based on walk-forward evaluation.
2842,2026-06-08 00:11:06,2026-06-08 00:12:06,60,temperature,Persistence,45.5,45.5,0.0,NORMAL,NORMAL,NONE,HIGH,
2836,2026-06-08 00:11:06,2026-06-08 00:12:06,60,vib_x_rms,XGBoost,0.105017,0.1074849888682365,0.0024679888682365,WARNING,MEDIUM,ELEVATED_VIBRATION,MODERATE,Predicted vibration 0.107485 exceeds warning limit 0.10
2837,2026-06-08 00:11:06,2026-06-08 00:12:06,60,vib_y_rms,XGBoost,0.125508,0.1367939263582229,0.0112859263582229,WARNING,MEDIUM,ELEVATED_VIBRATION,MODERATE,Predicted vibration 0.136794 exceeds warning limit 0.10
2838,2026-06-08 00:11:06,2026-06-08 00:12:06,60,vib_z_rms,XGBoost,0.061341,0.0617930218577384,0.0004520218577384,NORMAL,NORMAL,NONE,MODERATE,
2846,2026-06-08 00:11:08,2026-06-08 00:12:08,60,mag_x,Ridge,418.362,232.09704190719853,-186.2649580928015,LOW_CONFIDENCE,INFO,MODEL_RELIABILITY_WARNING,LOW,Magnetic forecasting model has low predictive reliability based on walk-forward evaluation.
2847,2026-06-08 00:11:08,2026-06-08 00:12:08,60,mag_y,Ridge,429.968,236.0761349384196,-193.8918650615805,LOW_CONFIDENCE,INFO,MODEL_RELIABILITY_WARNING,LOW,Magnetic forecasting model has low predictive reliability based on walk-forward evaluation.
2848,2026-06-08 00:11:08,2026-06-08 00:12:08,60,mag_z,Ridge,257.642,227.8518012039993,-29.79019879600068,LOW_CONFIDENCE,INFO,MODEL_RELIABILITY_WARNING,LOW,Magnetic forecasting model has low predictive reliability based on walk-forward evaluation.
2849,2026-06-08 00:11:08,2026-06-08 00:12:08,60,temperature,Persistence,45.5,45.5,0.0,NORMAL,NORMAL,NONE,HIGH,
2843,2026-06-08 00:11:08,2026-06-08 00:12:08,60,vib_x_rms,XGBoost,0.124257,0.1069471314549446,-0.0173098685450553,WARNING,MEDIUM,ELEVATED_VIBRATION,MODERATE,Predicted vibration 0.106947 exceeds warning limit 0.10
2844,2026-06-08 00:11:08,2026-06-08 00:12:08,60,vib_y_rms,XGBoost,0.14651,0.1360213756561279,-0.010488624343872,WARNING,MEDIUM,ELEVATED_VIBRATION,MODERATE,Predicted vibration 0.136021 exceeds warning limit 0.10
2845,2026-06-08 00:11:08,2026-06-08 00:12:08,60,vib_z_rms,XGBoost,0.067544,0.0616986937820911,-0.0058453062179088,NORMAL,NORMAL,NONE,MODERATE,
2853,2026-06-08 00:11:09,2026-06-08 00:12:09,60,mag_x,Ridge,125.79,236.45477710315967,110.66477710315966,LOW_CONFIDENCE,INFO,MODEL_RELIABILITY_WARNING,LOW,Magnetic forecasting model has low predictive reliability based on walk-forward evaluation.
2854,2026-06-08 00:11:09,2026-06-08 00:12:09,60,mag_y,Ridge,112.644,228.9499817161077,116.30598171610772,LOW_CONFIDENCE,INFO,MODEL_RELIABILITY_WARNING,LOW,Magnetic forecasting model has low predictive reliability based on walk-forward evaluation.
2855,2026-06-08 00:11:09,2026-06-08 00:12:09,60,mag_z,Ridge,27.412,229.4331364720048,202.0211364720048,LOW_CONFIDENCE,INFO,MODEL_RELIABILITY_WARNING,LOW,Magnetic forecasting model has low predictive reliability based on walk-forward evaluation.
2856,2026-06-08 00:11:09,2026-06-08 00:12:09,60,temperature,Persistence,45.5,45.5,0.0,NORMAL,NORMAL,NONE,HIGH,
2850,2026-06-08 00:11:09,2026-06-08 00:12:09,60,vib_x_rms,XGBoost,0.089909,0.1084505170583725,0.0185415170583724,WARNING,MEDIUM,ELEVATED_VIBRATION,MODERATE,Predicted vibration 0.108451 exceeds warning limit 0.10
2851,2026-06-08 00:11:09,2026-06-08 00:12:09,60,vib_y_rms,XGBoost,0.143188,0.1363348066806793,-0.0068531933193206,WARNING,MEDIUM,ELEVATED_VIBRATION,MODERATE,Predicted vibration 0.136335 exceeds warning limit 0.10
2852,2026-06-08 00:11:09,2026-06-08 00:12:09,60,vib_z_rms,XGBoost,0.05564,0.0619272217154502,0.0062872217154502,NORMAL,NORMAL,NONE,MODERATE,
2860,2026-06-08 00:11:11,2026-06-08 00:12:11,60,mag_x,Ridge,266.49,231.94891823449703,-34.54108176550295,LOW_CONFIDENCE,INFO,MODEL_RELIABILITY_WARNING,LOW,Magnetic forecasting model has low predictive reliability based on walk-forward evaluation.
2861,2026-06-08 00:11:11,2026-06-08 00:12:11,60,mag_y,Ridge,68.096,231.70791479714632,163.6119147971463,LOW_CONFIDENCE,INFO,MODEL_RELIABILITY_WARNING,LOW,Magnetic forecasting model has low predictive reliability based on walk-forward evaluation.
2862,2026-06-08 00:11:11,2026-06-08 00:12:11,60,mag_z,Ridge,78.652,227.55286225623624,148.90086225623622,LOW_CONFIDENCE,INFO,MODEL_RELIABILITY_WARNING,LOW,Magnetic forecasting model has low predictive reliability based on walk-forward evaluation.
2863,2026-06-08 00:11:11,2026-06-08 00:12:11,60,temperature,Persistence,45.5,45.5,0.0,NORMAL,NORMAL,NONE,HIGH,
2857,2026-06-08 00:11:11,2026-06-08 00:12:11,60,vib_x_rms,XGBoost,0.100068,0.1082105338573455,0.0081425338573455,WARNING,MEDIUM,ELEVATED_VIBRATION,MODERATE,Predicted vibration 0.108211 exceeds warning limit 0.10
2858,2026-06-08 00:11:11,2026-06-08 00:12:11,60,vib_y_rms,XGBoost,0.128877,0.1365636885166168,0.0076866885166168,WARNING,MEDIUM,ELEVATED_VIBRATION,MODERATE,Predicted vibration 0.136564 exceeds warning limit 0.10
2859,2026-06-08 00:11:11,2026-06-08 00:12:11,60,vib_z_rms,XGBoost,0.062469,0.0619555227458477,-0.0005134772541522,NORMAL,NORMAL,NONE,MODERATE,
2867,2026-06-08 00:11:12,2026-06-08 00:12:12,60,mag_x,Ridge,420.168,237.55481162625324,-182.6131883737468,LOW_CONFIDENCE,INFO,MODEL_RELIABILITY_WARNING,LOW,Magnetic forecasting model has low predictive reliability based on walk-forward evaluation.
2868,2026-06-08 00:11:12,2026-06-08 00:12:12,60,mag_y,Ridge,9.576,226.7896729010831,217.21367290108307,LOW_CONFIDENCE,INFO,MODEL_RELIABILITY_WARNING,LOW,Magnetic forecasting model has low predictive reliability based on walk-forward evaluation.
2869,2026-06-08 00:11:12,2026-06-08 00:12:12,60,mag_z,Ridge,319.858,227.7338650556543,-92.12413494434573,LOW_CONFIDENCE,INFO,MODEL_RELIABILITY_WARNING,LOW,Magnetic forecasting model has low predictive reliability based on walk-forward evaluation.
2870,2026-06-08 00:11:12,2026-06-08 00:12:12,60,temperature,Persistence,45.5,45.5,0.0,NORMAL,NORMAL,NONE,HIGH,
2864,2026-06-08 00:11:12,2026-06-08 00:12:12,60,vib_x_rms,XGBoost,0.105155,0.1060931161046028,0.0009381161046028,WARNING,MEDIUM,ELEVATED_VIBRATION,MODERATE,Predicted vibration 0.106093 exceeds warning limit 0.10
2865,2026-06-08 00:11:12,2026-06-08 00:12:12,60,vib_y_rms,XGBoost,0.133761,0.1358683258295059,0.0021073258295059,WARNING,MEDIUM,ELEVATED_VIBRATION,MODERATE,Predicted vibration 0.135868 exceeds warning limit 0.10
2866,2026-06-08 00:11:12,2026-06-08 00:12:12,60,vib_z_rms,XGBoost,0.065331,0.0627680048346519,-0.002562995165348,NORMAL,NORMAL,NONE,MODERATE,
2874,2026-06-08 00:11:14,2026-06-08 00:12:14,60,mag_x,Ridge,267.386,237.9401102986463,-29.44588970135373,LOW_CONFIDENCE,INFO,MODEL_RELIABILITY_WARNING,LOW,Magnetic forecasting model has low predictive reliability based on walk-forward evaluation.
2875,2026-06-08 00:11:14,2026-06-08 00:12:14,60,mag_y,Ridge,33.138,226.9624071141853,193.8244071141853,LOW_CONFIDENCE,INFO,MODEL_RELIABILITY_WARNING,LOW,Magnetic forecasting model has low predictive reliability based on walk-forward evaluation.
2876,2026-06-08 00:11:14,2026-06-08 00:12:14,60,mag_z,Ridge,213.682,222.40503457859228,8.72303457859229,LOW_CONFIDENCE,INFO,MODEL_RELIABILITY_WARNING,LOW,Magnetic forecasting model has low predictive reliability based on walk-forward evaluation.
2877,2026-06-08 00:11:14,2026-06-08 00:12:14,60,temperature,Persistence,45.5,45.5,0.0,NORMAL,NORMAL,NONE,HIGH,
2871,2026-06-08 00:11:14,2026-06-08 00:12:14,60,vib_x_rms,XGBoost,0.110583,0.1074855998158454,-0.0030974001841545,WARNING,MEDIUM,ELEVATED_VIBRATION,MODERATE,Predicted vibration 0.107486 exceeds warning limit 0.10
2872,2026-06-08 00:11:14,2026-06-08 00:12:14,60,vib_y_rms,XGBoost,0.149732,0.1368089169263839,-0.012923083073616,WARNING,MEDIUM,ELEVATED_VIBRATION,MODERATE,Predicted vibration 0.136809 exceeds warning limit 0.10
2873,2026-06-08 00:11:14,2026-06-08 00:12:14,60,vib_z_rms,XGBoost,0.062867,0.0620367489755153,-0.0008302510244846,NORMAL,NORMAL,NONE,MODERATE,
2881,2026-06-08 00:11:15,2026-06-08 00:12:15,60,mag_x,Ridge,175.518,236.9956098297303,61.47760982973031,LOW_CONFIDENCE,INFO,MODEL_RELIABILITY_WARNING,LOW,Magnetic forecasting model has low predictive reliability based on walk-forward evaluation.
2882,2026-06-08 00:11:15,2026-06-08 00:12:15,60,mag_y,Ridge,97.818,227.40060649483095,129.582606494831,LOW_CONFIDENCE,INFO,MODEL_RELIABILITY_WARNING,LOW,Magnetic forecasting model has low predictive reliability based on walk-forward evaluation.
2883,2026-06-08 00:11:15,2026-06-08 00:12:15,60,mag_z,Ridge,237.86,222.5784342767896,-15.281565723210434,LOW_CONFIDENCE,INFO,MODEL_RELIABILITY_WARNING,LOW,Magnetic forecasting model has low predictive reliability based on walk-forward evaluation.
2884,2026-06-08 00:11:15,2026-06-08 00:12:15,60,temperature,Persistence,45.5,45.5,0.0,NORMAL,NORMAL,NONE,HIGH,
2878,2026-06-08 00:11:15,2026-06-08 00:12:15,60,vib_x_rms,XGBoost,0.106166,0.1078682094812393,0.0017022094812393,WARNING,MEDIUM,ELEVATED_VIBRATION,MODERATE,Predicted vibration 0.107868 exceeds warning limit 0.10
2879,2026-06-08 00:11:15,2026-06-08 00:12:15,60,vib_y_rms,XGBoost,0.140489,0.1360671520233154,-0.0044218479766845,WARNING,MEDIUM,ELEVATED_VIBRATION,MODERATE,Predicted vibration 0.136067 exceeds warning limit 0.10
2880,2026-06-08 00:11:15,2026-06-08 00:12:15,60,vib_z_rms,XGBoost,0.054767,0.0631170719861984,0.0083500719861984,NORMAL,NORMAL,NONE,MODERATE,
2888,2026-06-08 00:11:16,2026-06-08 00:12:16,60,mag_x,Ridge,319.606,235.56375212878064,-84.04224787121936,LOW_CONFIDENCE,INFO,MODEL_RELIABILITY_WARNING,LOW,Magnetic forecasting model has low predictive reliability based on walk-forward evaluation.
2889,2026-06-08 00:11:16,2026-06-08 00:12:16,60,mag_y,Ridge,32.242,228.974853149682,196.732853149682,LOW_CONFIDENCE,INFO,MODEL_RELIABILITY_WARNING,LOW,Magnetic forecasting model has low predictive reliability based on walk-forward evaluation.
2890,2026-06-08 00:11:16,2026-06-08 00:12:16,60,mag_z,Ridge,161.826,231.5289136394604,69.7029136394604,LOW_CONFIDENCE,INFO,MODEL_RELIABILITY_WARNING,LOW,Magnetic forecasting model has low predictive reliability based on walk-forward evaluation.
2891,2026-06-08 00:11:16,2026-06-08 00:12:16,60,temperature,Persistence,45.5,45.5,0.0,NORMAL,NORMAL,NONE,HIGH,
2885,2026-06-08 00:11:16,2026-06-08 00:12:16,60,vib_x_rms,XGBoost,0.099369,0.1047527641057968,0.0053837641057968,WARNING,MEDIUM,ELEVATED_VIBRATION,MODERATE,Predicted vibration 0.104753 exceeds warning limit 0.10
2886,2026-06-08 00:11:16,2026-06-08 00:12:16,60,vib_y_rms,XGBoost,0.133343,0.1347702592611313,0.0014272592611312,WARNING,MEDIUM,ELEVATED_VIBRATION,MODERATE,Predicted vibration 0.134770 exceeds warning limit 0.10
2887,2026-06-08 00:11:16,2026-06-08 00:12:16,60,vib_z_rms,XGBoost,0.05914,0.0622551962733268,0.0031151962733268,NORMAL,NORMAL,NONE,MODERATE,
2895,2026-06-08 00:11:18,2026-06-08 00:12:18,60,mag_x,Ridge,104.944,239.44968962935843,134.5056896293584,LOW_CONFIDENCE,INFO,MODEL_RELIABILITY_WARNING,LOW,Magnetic forecasting model has low predictive reliability based on walk-forward evaluation.
2896,2026-06-08 00:11:18,2026-06-08 00:12:18,60,mag_y,Ridge,100.954,231.9367576062874,130.9827576062874,LOW_CONFIDENCE,INFO,MODEL_RELIABILITY_WARNING,LOW,Magnetic forecasting model has low predictive reliability based on walk-forward evaluation.
2897,2026-06-08 00:11:18,2026-06-08 00:12:18,60,mag_z,Ridge,77.644,228.89223855317616,151.24823855317618,LOW_CONFIDENCE,INFO,MODEL_RELIABILITY_WARNING,LOW,Magnetic forecasting model has low predictive reliability based on walk-forward evaluation.
2898,2026-06-08 00:11:18,2026-06-08 00:12:18,60,temperature,Persistence,45.5,45.5,0.0,NORMAL,NORMAL,NONE,HIGH,
2892,2026-06-08 00:11:18,2026-06-08 00:12:18,60,vib_x_rms,XGBoost,0.106736,0.1048070266842842,-0.0019289733157157,WARNING,MEDIUM,ELEVATED_VIBRATION,MODERATE,Predicted vibration 0.104807 exceeds warning limit 0.10
2893,2026-06-08 00:11:18,2026-06-08 00:12:18,60,vib_y_rms,XGBoost,0.149911,0.1338476985692978,-0.0160633014307021,WARNING,MEDIUM,ELEVATED_VIBRATION,MODERATE,Predicted vibration 0.133848 exceeds warning limit 0.10
2894,2026-06-08 00:11:18,2026-06-08 00:12:18,60,vib_z_rms,XGBoost,0.054665,0.0621238350868225,0.0074588350868225,NORMAL,NORMAL,NONE,MODERATE,
2902,2026-06-08 00:11:19,2026-06-08 00:12:19,60,mag_x,Ridge,130.298,239.45019943844872,109.15219943844872,LOW_CONFIDENCE,INFO,MODEL_RELIABILITY_WARNING,LOW,Magnetic forecasting model has low predictive reliability based on walk-forward evaluation.
2903,2026-06-08 00:11:19,2026-06-08 00:12:19,60,mag_y,Ridge,146.104,241.8019508221085,95.69795082210848,LOW_CONFIDENCE,INFO,MODEL_RELIABILITY_WARNING,LOW,Magnetic forecasting model has low predictive reliability based on walk-forward evaluation.
2904,2026-06-08 00:11:19,2026-06-08 00:12:19,60,mag_z,Ridge,57.232,230.37007748754883,173.13807748754886,LOW_CONFIDENCE,INFO,MODEL_RELIABILITY_WARNING,LOW,Magnetic forecasting model has low predictive reliability based on walk-forward evaluation.
2905,2026-06-08 00:11:19,2026-06-08 00:12:19,60,temperature,Persistence,45.5,45.5,0.0,NORMAL,NORMAL,NONE,HIGH,
2899,2026-06-08 00:11:19,2026-06-08 00:12:19,60,vib_x_rms,XGBoost,0.107864,0.1045634970068931,-0.0033005029931068,WARNING,MEDIUM,ELEVATED_VIBRATION,MODERATE,Predicted vibration 0.104563 exceeds warning limit 0.10
2900,2026-06-08 00:11:19,2026-06-08 00:12:19,60,vib_y_rms,XGBoost,0.146235,0.133998230099678,-0.0122367699003219,WARNING,MEDIUM,ELEVATED_VIBRATION,MODERATE,Predicted vibration 0.133998 exceeds warning limit 0.10
2901,2026-06-08 00:11:19,2026-06-08 00:12:19,60,vib_z_rms,XGBoost,0.068155,0.0628921166062355,-0.0052628833937644,NORMAL,NORMAL,NONE,MODERATE,
2909,2026-06-08 00:11:21,2026-06-08 00:12:21,60,mag_x,Ridge,355.502,237.19053378648923,-118.31146621351078,LOW_CONFIDENCE,INFO,MODEL_RELIABILITY_WARNING,LOW,Magnetic forecasting model has low predictive reliability based on walk-forward evaluation.
2910,2026-06-08 00:11:21,2026-06-08 00:12:21,60,mag_y,Ridge,359.898,237.27904290080332,-122.61895709919668,LOW_CONFIDENCE,INFO,MODEL_RELIABILITY_WARNING,LOW,Magnetic forecasting model has low predictive reliability based on walk-forward evaluation.
2911,2026-06-08 00:11:21,2026-06-08 00:12:21,60,mag_z,Ridge,408.898,229.09041174059445,-179.80758825940558,LOW_CONFIDENCE,INFO,MODEL_RELIABILITY_WARNING,LOW,Magnetic forecasting model has low predictive reliability based on walk-forward evaluation.
2912,2026-06-08 00:11:21,2026-06-08 00:12:21,60,temperature,Persistence,45.5,45.5,0.0,NORMAL,NORMAL,NONE,HIGH,
2906,2026-06-08 00:11:21,2026-06-08 00:12:21,60,vib_x_rms,XGBoost,0.098468,0.1046308130025863,0.0061628130025863,WARNING,MEDIUM,ELEVATED_VIBRATION,MODERATE,Predicted vibration 0.104631 exceeds warning limit 0.10
2907,2026-06-08 00:11:21,2026-06-08 00:12:21,60,vib_y_rms,XGBoost,0.154108,0.1344261467456817,-0.0196818532543182,WARNING,MEDIUM,ELEVATED_VIBRATION,MODERATE,Predicted vibration 0.134426 exceeds warning limit 0.10
2908,2026-06-08 00:11:21,2026-06-08 00:12:21,60,vib_z_rms,XGBoost,0.058161,0.0626494288444519,0.0044884288444519,NORMAL,NORMAL,NONE,MODERATE,
2916,2026-06-08 00:11:22,2026-06-08 00:12:22,60,mag_x,Ridge,422.87,240.76347638545263,-182.1065236145473,LOW_CONFIDENCE,INFO,MODEL_RELIABILITY_WARNING,LOW,Magnetic forecasting model has low predictive reliability based on walk-forward evaluation.
2917,2026-06-08 00:11:22,2026-06-08 00:12:22,60,mag_y,Ridge,224.798,231.3734292927965,6.5754292927964855,LOW_CONFIDENCE,INFO,MODEL_RELIABILITY_WARNING,LOW,Magnetic forecasting model has low predictive reliability based on walk-forward evaluation.
2918,2026-06-08 00:11:22,2026-06-08 00:12:22,60,mag_z,Ridge,146.146,224.4821405838259,78.33614058382591,LOW_CONFIDENCE,INFO,MODEL_RELIABILITY_WARNING,LOW,Magnetic forecasting model has low predictive reliability based on walk-forward evaluation.
2919,2026-06-08 00:11:22,2026-06-08 00:12:22,60,temperature,Persistence,45.5,45.5,0.0,NORMAL,NORMAL,NONE,HIGH,
2913,2026-06-08 00:11:22,2026-06-08 00:12:22,60,vib_x_rms,XGBoost,0.09255,0.1050647273659706,0.0125147273659706,WARNING,MEDIUM,ELEVATED_VIBRATION,MODERATE,Predicted vibration 0.105065 exceeds warning limit 0.10
2914,2026-06-08 00:11:22,2026-06-08 00:12:22,60,vib_y_rms,XGBoost,0.135999,0.1337459534406662,-0.0022530465593338,WARNING,MEDIUM,ELEVATED_VIBRATION,MODERATE,Predicted vibration 0.133746 exceeds warning limit 0.10
2915,2026-06-08 00:11:22,2026-06-08 00:12:22,60,vib_z_rms,XGBoost,0.055981,0.0631586387753486,0.0071776387753486,NORMAL,NORMAL,NONE,MODERATE,
2923,2026-06-08 00:11:24,2026-06-08 00:12:24,60,mag_x,Ridge,144.158,235.57433266239127,91.41633266239128,LOW_CONFIDENCE,INFO,MODEL_RELIABILITY_WARNING,LOW,Magnetic forecasting model has low predictive reliability based on walk-forward evaluation.
2924,2026-06-08 00:11:24,2026-06-08 00:12:24,60,mag_y,Ridge,120.232,229.07672481485807,108.84472481485808,LOW_CONFIDENCE,INFO,MODEL_RELIABILITY_WARNING,LOW,Magnetic forecasting model has low predictive reliability based on walk-forward evaluation.
2925,2026-06-08 00:11:24,2026-06-08 00:12:24,60,mag_z,Ridge,337.722,223.9957882199137,-113.72621178008626,LOW_CONFIDENCE,INFO,MODEL_RELIABILITY_WARNING,LOW,Magnetic forecasting model has low predictive reliability based on walk-forward evaluation.
2926,2026-06-08 00:11:24,2026-06-08 00:12:24,60,temperature,Persistence,45.5,45.5,0.0,NORMAL,NORMAL,NONE,HIGH,
2920,2026-06-08 00:11:24,2026-06-08 00:12:24,60,vib_x_rms,XGBoost,0.106623,0.104637399315834,-0.0019856006841659,WARNING,MEDIUM,ELEVATED_VIBRATION,MODERATE,Predicted vibration 0.104637 exceeds warning limit 0.10
2921,2026-06-08 00:11:24,2026-06-08 00:12:24,60,vib_y_rms,XGBoost,0.114346,0.134068489074707,0.019722489074707,WARNING,MEDIUM,ELEVATED_VIBRATION,MODERATE,Predicted vibration 0.134068 exceeds warning limit 0.10
2922,2026-06-08 00:11:24,2026-06-08 00:12:24,60,vib_z_rms,XGBoost,0.06881,0.0627821758389473,-0.0060278241610527,NORMAL,NORMAL,NONE,MODERATE,
2930,2026-06-08 00:11:25,2026-06-08 00:12:25,60,mag_x,Ridge,112.714,229.80823638261865,117.09423638261865,LOW_CONFIDENCE,INFO,MODEL_RELIABILITY_WARNING,LOW,Magnetic forecasting model has low predictive reliability based on walk-forward evaluation.
2931,2026-06-08 00:11:25,2026-06-08 00:12:25,60,mag_y,Ridge,457.548,235.1795161248887,-222.3684838751113,LOW_CONFIDENCE,INFO,MODEL_RELIABILITY_WARNING,LOW,Magnetic forecasting model has low predictive reliability based on walk-forward evaluation.
2932,2026-06-08 00:11:25,2026-06-08 00:12:25,60,mag_z,Ridge,45.766,225.45105150514524,179.68505150514525,LOW_CONFIDENCE,INFO,MODEL_RELIABILITY_WARNING,LOW,Magnetic forecasting model has low predictive reliability based on walk-forward evaluation.
2933,2026-06-08 00:11:25,2026-06-08 00:12:25,60,temperature,Persistence,45.5,45.5,0.0,NORMAL,NORMAL,NONE,HIGH,
2927,2026-06-08 00:11:25,2026-06-08 00:12:25,60,vib_x_rms,XGBoost,0.112622,0.1050410419702529,-0.007580958029747,WARNING,MEDIUM,ELEVATED_VIBRATION,MODERATE,Predicted vibration 0.105041 exceeds warning limit 0.10
2928,2026-06-08 00:11:25,2026-06-08 00:12:25,60,vib_y_rms,XGBoost,0.142124,0.1349634826183319,-0.007160517381668,WARNING,MEDIUM,ELEVATED_VIBRATION,MODERATE,Predicted vibration 0.134963 exceeds warning limit 0.10
2929,2026-06-08 00:11:25,2026-06-08 00:12:25,60,vib_z_rms,XGBoost,0.066588,0.0632712319493293,-0.0033167680506706,NORMAL,NORMAL,NONE,MODERATE,
2937,2026-06-08 00:11:26,2026-06-08 00:12:26,60,mag_x,Ridge,95.522,229.04724328622075,133.52524328622076,LOW_CONFIDENCE,INFO,MODEL_RELIABILITY_WARNING,LOW,Magnetic forecasting model has low predictive reliability based on walk-forward evaluation.
2938,2026-06-08 00:11:26,2026-06-08 00:12:26,60,mag_y,Ridge,49.77,229.5544528197545,179.7844528197545,LOW_CONFIDENCE,INFO,MODEL_RELIABILITY_WARNING,LOW,Magnetic forecasting model has low predictive reliability based on walk-forward evaluation.
2939,2026-06-08 00:11:26,2026-06-08 00:12:26,60,mag_z,Ridge,71.302,231.1749683526056,159.87296835260554,LOW_CONFIDENCE,INFO,MODEL_RELIABILITY_WARNING,LOW,Magnetic forecasting model has low predictive reliability based on walk-forward evaluation.
2940,2026-06-08 00:11:26,2026-06-08 00:12:26,60,temperature,Persistence,45.5,45.5,0.0,NORMAL,NORMAL,NONE,HIGH,
2934,2026-06-08 00:11:26,2026-06-08 00:12:26,60,vib_x_rms,XGBoost,0.103377,0.1051850542426109,0.0018080542426109,WARNING,MEDIUM,ELEVATED_VIBRATION,MODERATE,Predicted vibration 0.105185 exceeds warning limit 0.10
2935,2026-06-08 00:11:26,2026-06-08 00:12:26,60,vib_y_rms,XGBoost,0.141169,0.1350483000278473,-0.0061206999721526,WARNING,MEDIUM,ELEVATED_VIBRATION,MODERATE,Predicted vibration 0.135048 exceeds warning limit 0.10
2936,2026-06-08 00:11:26,2026-06-08 00:12:26,60,vib_z_rms,XGBoost,0.052585,0.0635023564100265,0.0109173564100265,NORMAL,NORMAL,NONE,MODERATE,
2944,2026-06-08 00:11:28,2026-06-08 00:12:28,60,mag_x,Ridge,362.446,231.64476903709496,-130.80123096290507,LOW_CONFIDENCE,INFO,MODEL_RELIABILITY_WARNING,LOW,Magnetic forecasting model has low predictive reliability based on walk-forward evaluation.
2945,2026-06-08 00:11:28,2026-06-08 00:12:28,60,mag_y,Ridge,443.1,239.3956567256316,-203.7043432743684,LOW_CONFIDENCE,INFO,MODEL_RELIABILITY_WARNING,LOW,Magnetic forecasting model has low predictive reliability based on walk-forward evaluation.
2946,2026-06-08 00:11:28,2026-06-08 00:12:28,60,mag_z,Ridge,308.938,231.37138021007453,-77.56661978992545,LOW_CONFIDENCE,INFO,MODEL_RELIABILITY_WARNING,LOW,Magnetic forecasting model has low predictive reliability based on walk-forward evaluation.
2947,2026-06-08 00:11:28,2026-06-08 00:12:28,60,temperature,Persistence,45.5,45.5,0.0,NORMAL,NORMAL,NONE,HIGH,
2941,2026-06-08 00:11:28,2026-06-08 00:12:28,60,vib_x_rms,XGBoost,0.087308,0.1057748571038246,0.0184668571038246,WARNING,MEDIUM,ELEVATED_VIBRATION,MODERATE,Predicted vibration 0.105775 exceeds warning limit 0.10
2942,2026-06-08 00:11:28,2026-06-08 00:12:28,60,vib_y_rms,XGBoost,0.128598,0.1342843621969223,0.0056863621969223,WARNING,MEDIUM,ELEVATED_VIBRATION,MODERATE,Predicted vibration 0.134284 exceeds warning limit 0.10
2943,2026-06-08 00:11:28,2026-06-08 00:12:28,60,vib_z_rms,XGBoost,0.058029,0.0631802380084991,0.0051512380084991,NORMAL,NORMAL,NONE,MODERATE,
2951,2026-06-08 00:11:29,2026-06-08 00:12:29,60,mag_x,Ridge,242.536,237.19622358615828,-5.339776413841719,LOW_CONFIDENCE,INFO,MODEL_RELIABILITY_WARNING,LOW,Magnetic forecasting model has low predictive reliability based on walk-forward evaluation.
2952,2026-06-08 00:11:29,2026-06-08 00:12:29,60,mag_y,Ridge,4.676,227.39548968290583,222.71948968290587,LOW_CONFIDENCE,INFO,MODEL_RELIABILITY_WARNING,LOW,Magnetic forecasting model has low predictive reliability based on walk-forward evaluation.
2953,2026-06-08 00:11:29,2026-06-08 00:12:29,60,mag_z,Ridge,15.4,232.6981686360852,217.2981686360852,LOW_CONFIDENCE,INFO,MODEL_RELIABILITY_WARNING,LOW,Magnetic forecasting model has low predictive reliability based on walk-forward evaluation.
2954,2026-06-08 00:11:29,2026-06-08 00:12:29,60,temperature,Persistence,45.5,45.5,0.0,NORMAL,NORMAL,NONE,HIGH,
2948,2026-06-08 00:11:29,2026-06-08 00:12:29,60,vib_x_rms,XGBoost,0.103056,0.1046617925167083,0.0016057925167083,WARNING,MEDIUM,ELEVATED_VIBRATION,MODERATE,Predicted vibration 0.104662 exceeds warning limit 0.10
2949,2026-06-08 00:11:29,2026-06-08 00:12:29,60,vib_y_rms,XGBoost,0.135668,0.136048212647438,0.000380212647438,WARNING,MEDIUM,ELEVATED_VIBRATION,MODERATE,Predicted vibration 0.136048 exceeds warning limit 0.10
2950,2026-06-08 00:11:29,2026-06-08 00:12:29,60,vib_z_rms,XGBoost,0.068038,0.0632948875427246,-0.0047431124572753,NORMAL,NORMAL,NONE,MODERATE,
2958,2026-06-08 00:11:31,2026-06-08 00:12:31,60,mag_x,Ridge,92.624,232.00529640998028,139.38129640998028,LOW_CONFIDENCE,INFO,MODEL_RELIABILITY_WARNING,LOW,Magnetic forecasting model has low predictive reliability based on walk-forward evaluation.
2959,2026-06-08 00:11:31,2026-06-08 00:12:31,60,mag_y,Ridge,341.754,228.51765026899488,-113.23634973100516,LOW_CONFIDENCE,INFO,MODEL_RELIABILITY_WARNING,LOW,Magnetic forecasting model has low predictive reliability based on walk-forward evaluation.
2960,2026-06-08 00:11:31,2026-06-08 00:12:31,60,mag_z,Ridge,218.176,230.69329770192985,12.517297701929865,LOW_CONFIDENCE,INFO,MODEL_RELIABILITY_WARNING,LOW,Magnetic forecasting model has low predictive reliability based on walk-forward evaluation.
2961,2026-06-08 00:11:31,2026-06-08 00:12:31,60,temperature,Persistence,45.5,45.5,0.0,NORMAL,NORMAL,NONE,HIGH,
2955,2026-06-08 00:11:31,2026-06-08 00:12:31,60,vib_x_rms,XGBoost,0.100291,0.1063589379191398,0.0060679379191398,WARNING,MEDIUM,ELEVATED_VIBRATION,MODERATE,Predicted vibration 0.106359 exceeds warning limit 0.10
2956,2026-06-08 00:11:31,2026-06-08 00:12:31,60,vib_y_rms,XGBoost,0.169797,0.1364108622074127,-0.0333861377925872,WARNING,MEDIUM,ELEVATED_VIBRATION,MODERATE,Predicted vibration 0.136411 exceeds warning limit 0.10
2957,2026-06-08 00:11:31,2026-06-08 00:12:31,60,vib_z_rms,XGBoost,0.061557,0.0627046078443527,0.0011476078443527,NORMAL,NORMAL,NONE,MODERATE,
2965,2026-06-08 00:11:32,2026-06-08 00:12:32,60,mag_x,Ridge,33.334,229.01346613087475,195.67946613087477,LOW_CONFIDENCE,INFO,MODEL_RELIABILITY_WARNING,LOW,Magnetic forecasting model has low predictive reliability based on walk-forward evaluation.
2966,2026-06-08 00:11:32,2026-06-08 00:12:32,60,mag_y,Ridge,450.366,231.3337046013341,-219.0322953986659,LOW_CONFIDENCE,INFO,MODEL_RELIABILITY_WARNING,LOW,Magnetic forecasting model has low predictive reliability based on walk-forward evaluation.
2967,2026-06-08 00:11:32,2026-06-08 00:12:32,60,mag_z,Ridge,39.354,225.6110744194421,186.2570744194421,LOW_CONFIDENCE,INFO,MODEL_RELIABILITY_WARNING,LOW,Magnetic forecasting model has low predictive reliability based on walk-forward evaluation.
2968,2026-06-08 00:11:32,2026-06-08 00:12:32,60,temperature,Persistence,45.5,45.5,0.0,NORMAL,NORMAL,NONE,HIGH,
2962,2026-06-08 00:11:32,2026-06-08 00:12:32,60,vib_x_rms,XGBoost,0.100519,0.1061581745743751,0.0056391745743751,WARNING,MEDIUM,ELEVATED_VIBRATION,MODERATE,Predicted vibration 0.106158 exceeds warning limit 0.10
2963,2026-06-08 00:11:32,2026-06-08 00:12:32,60,vib_y_rms,XGBoost,0.143213,0.13587386906147,-0.0073391309385299,WARNING,MEDIUM,ELEVATED_VIBRATION,MODERATE,Predicted vibration 0.135874 exceeds warning limit 0.10
2964,2026-06-08 00:11:32,2026-06-08 00:12:32,60,vib_z_rms,XGBoost,0.053838,0.0646011382341384,0.0107631382341384,NORMAL,NORMAL,NONE,MODERATE,
2972,2026-06-08 00:11:34,2026-06-08 00:12:34,60,mag_x,Ridge,368.13,228.94660079317447,-139.18339920682553,LOW_CONFIDENCE,INFO,MODEL_RELIABILITY_WARNING,LOW,Magnetic forecasting model has low predictive reliability based on walk-forward evaluation.
2973,2026-06-08 00:11:34,2026-06-08 00:12:34,60,mag_y,Ridge,283.43,227.20151367923188,-56.22848632076813,LOW_CONFIDENCE,INFO,MODEL_RELIABILITY_WARNING,LOW,Magnetic forecasting model has low predictive reliability based on walk-forward evaluation.
2974,2026-06-08 00:11:34,2026-06-08 00:12:34,60,mag_z,Ridge,65.464,232.930348561714,167.46634856171397,LOW_CONFIDENCE,INFO,MODEL_RELIABILITY_WARNING,LOW,Magnetic forecasting model has low predictive reliability based on walk-forward evaluation.
2975,2026-06-08 00:11:34,2026-06-08 00:12:34,60,temperature,Persistence,45.5,45.5,0.0,NORMAL,NORMAL,NONE,HIGH,
2969,2026-06-08 00:11:34,2026-06-08 00:12:34,60,vib_x_rms,XGBoost,0.104793,0.1081034317612648,0.0033104317612648,WARNING,MEDIUM,ELEVATED_VIBRATION,MODERATE,Predicted vibration 0.108103 exceeds warning limit 0.10
2970,2026-06-08 00:11:34,2026-06-08 00:12:34,60,vib_y_rms,XGBoost,0.126609,0.1352003961801529,0.0085913961801528,WARNING,MEDIUM,ELEVATED_VIBRATION,MODERATE,Predicted vibration 0.135200 exceeds warning limit 0.10
2971,2026-06-08 00:11:34,2026-06-08 00:12:34,60,vib_z_rms,XGBoost,0.064164,0.0630179718136787,-0.0011460281863212,NORMAL,NORMAL,NONE,MODERATE,
2979,2026-06-08 00:11:35,2026-06-08 00:12:35,60,mag_x,Ridge,212.058,231.01676136071876,18.95876136071874,LOW_CONFIDENCE,INFO,MODEL_RELIABILITY_WARNING,LOW,Magnetic forecasting model has low predictive reliability based on walk-forward evaluation.
2980,2026-06-08 00:11:35,2026-06-08 00:12:35,60,mag_y,Ridge,7.672,232.6788813852677,225.0068813852677,LOW_CONFIDENCE,INFO,MODEL_RELIABILITY_WARNING,LOW,Magnetic forecasting model has low predictive reliability based on walk-forward evaluation.
2981,2026-06-08 00:11:35,2026-06-08 00:12:35,60,mag_z,Ridge,44.212,237.97503215755728,193.7630321575573,LOW_CONFIDENCE,INFO,MODEL_RELIABILITY_WARNING,LOW,Magnetic forecasting model has low predictive reliability based on walk-forward evaluation.
2982,2026-06-08 00:11:35,2026-06-08 00:12:35,60,temperature,Persistence,45.5,45.5,0.0,NORMAL,NORMAL,NONE,HIGH,
2976,2026-06-08 00:11:35,2026-06-08 00:12:35,60,vib_x_rms,XGBoost,0.099706,0.1068257838487625,0.0071197838487625,WARNING,MEDIUM,ELEVATED_VIBRATION,MODERATE,Predicted vibration 0.106826 exceeds warning limit 0.10
2977,2026-06-08 00:11:35,2026-06-08 00:12:35,60,vib_y_rms,XGBoost,0.139243,0.134524792432785,-0.0047182075672149,WARNING,MEDIUM,ELEVATED_VIBRATION,MODERATE,Predicted vibration 0.134525 exceeds warning limit 0.10
2978,2026-06-08 00:11:35,2026-06-08 00:12:35,60,vib_z_rms,XGBoost,0.063985,0.0629339963197708,-0.0010510036802291,NORMAL,NORMAL,NONE,MODERATE,
2986,2026-06-08 00:11:36,2026-06-08 00:12:36,60,mag_x,Ridge,257.362,227.03325050776527,-30.32874949223475,LOW_CONFIDENCE,INFO,MODEL_RELIABILITY_WARNING,LOW,Magnetic forecasting model has low predictive reliability based on walk-forward evaluation.
2987,2026-06-08 00:11:36,2026-06-08 00:12:36,60,mag_y,Ridge,285.516,226.91984952341025,-58.59615047658977,LOW_CONFIDENCE,INFO,MODEL_RELIABILITY_WARNING,LOW,Magnetic forecasting model has low predictive reliability based on walk-forward evaluation.
2988,2026-06-08 00:11:36,2026-06-08 00:12:36,60,mag_z,Ridge,313.894,234.64802358601676,-79.24597641398327,LOW_CONFIDENCE,INFO,MODEL_RELIABILITY_WARNING,LOW,Magnetic forecasting model has low predictive reliability based on walk-forward evaluation.
2989,2026-06-08 00:11:36,2026-06-08 00:12:36,60,temperature,Persistence,45.5,45.5,0.0,NORMAL,NORMAL,NONE,HIGH,
2983,2026-06-08 00:11:36,2026-06-08 00:12:36,60,vib_x_rms,XGBoost,0.090131,0.1017117574810981,0.0115807574810981,WARNING,MEDIUM,ELEVATED_VIBRATION,MODERATE,Predicted vibration 0.101712 exceeds warning limit 0.10
2984,2026-06-08 00:11:36,2026-06-08 00:12:36,60,vib_y_rms,XGBoost,0.125799,0.1323155462741851,0.0065165462741851,WARNING,MEDIUM,ELEVATED_VIBRATION,MODERATE,Predicted vibration 0.132316 exceeds warning limit 0.10
2985,2026-06-08 00:11:36,2026-06-08 00:12:36,60,vib_z_rms,XGBoost,0.057775,0.0625737607479095,0.0047987607479095,NORMAL,NORMAL,NONE,MODERATE,
2993,2026-06-08 00:11:38,2026-06-08 00:12:38,60,mag_x,Ridge,427.168,233.989191248362,-193.178808751638,LOW_CONFIDENCE,INFO,MODEL_RELIABILITY_WARNING,LOW,Magnetic forecasting model has low predictive reliability based on walk-forward evaluation.
2994,2026-06-08 00:11:38,2026-06-08 00:12:38,60,mag_y,Ridge,228.69,225.64758768200335,-3.0424123179966216,LOW_CONFIDENCE,INFO,MODEL_RELIABILITY_WARNING,LOW,Magnetic forecasting model has low predictive reliability based on walk-forward evaluation.
2995,2026-06-08 00:11:38,2026-06-08 00:12:38,60,mag_z,Ridge,350.406,240.7840688348593,-109.62193116514068,LOW_CONFIDENCE,INFO,MODEL_RELIABILITY_WARNING,LOW,Magnetic forecasting model has low predictive reliability based on walk-forward evaluation.
2996,2026-06-08 00:11:38,2026-06-08 00:12:38,60,temperature,Persistence,45.5,45.5,0.0,NORMAL,NORMAL,NONE,HIGH,
2990,2026-06-08 00:11:38,2026-06-08 00:12:38,60,vib_x_rms,XGBoost,0.116783,0.1012777984142303,-0.0155052015857696,WARNING,MEDIUM,ELEVATED_VIBRATION,MODERATE,Predicted vibration 0.101278 exceeds warning limit 0.10
2991,2026-06-08 00:11:38,2026-06-08 00:12:38,60,vib_y_rms,XGBoost,0.139488,0.1329079717397689,-0.006580028260231,WARNING,MEDIUM,ELEVATED_VIBRATION,MODERATE,Predicted vibration 0.132908 exceeds warning limit 0.10
2992,2026-06-08 00:11:38,2026-06-08 00:12:38,60,vib_z_rms,XGBoost,0.062318,0.0614653974771499,-0.00085260252285,NORMAL,NORMAL,NONE,MODERATE,
3000,2026-06-08 00:11:39,2026-06-08 00:12:39,60,mag_x,Ridge,85.918,232.49607339174872,146.57807339174872,LOW_CONFIDENCE,INFO,MODEL_RELIABILITY_WARNING,LOW,Magnetic forecasting model has low predictive reliability based on walk-forward evaluation.
3001,2026-06-08 00:11:39,2026-06-08 00:12:39,60,mag_y,Ridge,323.806,226.28580268247077,-97.52019731752924,LOW_CONFIDENCE,INFO,MODEL_RELIABILITY_WARNING,LOW,Magnetic forecasting model has low predictive reliability based on walk-forward evaluation.
3002,2026-06-08 00:11:39,2026-06-08 00:12:39,60,mag_z,Ridge,224.392,230.3041144654763,5.912114465476293,LOW_CONFIDENCE,INFO,MODEL_RELIABILITY_WARNING,LOW,Magnetic forecasting model has low predictive reliability based on walk-forward evaluation.
3003,2026-06-08 00:11:39,2026-06-08 00:12:39,60,temperature,Persistence,45.5,45.5,0.0,NORMAL,NORMAL,NONE,HIGH,
2997,2026-06-08 00:11:39,2026-06-08 00:12:39,60,vib_x_rms,XGBoost,0.132442,0.1033931151032447,-0.0290488848967552,WARNING,MEDIUM,ELEVATED_VIBRATION,MODERATE,Predicted vibration 0.103393 exceeds warning limit 0.10
2998,2026-06-08 00:11:39,2026-06-08 00:12:39,60,vib_y_rms,XGBoost,0.139293,0.1350547522306442,-0.0042382477693557,WARNING,MEDIUM,ELEVATED_VIBRATION,MODERATE,Predicted vibration 0.135055 exceeds warning limit 0.10
2999,2026-06-08 00:11:39,2026-06-08 00:12:39,60,vib_z_rms,XGBoost,0.063061,0.0615928322076797,-0.0014681677923202,NORMAL,NORMAL,NONE,MODERATE,
3007,2026-06-08 00:11:41,2026-06-08 00:12:41,60,mag_x,Ridge,256.382,231.1163946778099,-25.265605322190112,LOW_CONFIDENCE,INFO,MODEL_RELIABILITY_WARNING,LOW,Magnetic forecasting model has low predictive reliability based on walk-forward evaluation.
3008,2026-06-08 00:11:41,2026-06-08 00:12:41,60,mag_y,Ridge,19.81,220.5321760396597,200.7221760396597,LOW_CONFIDENCE,INFO,MODEL_RELIABILITY_WARNING,LOW,Magnetic forecasting model has low predictive reliability based on walk-forward evaluation.
3009,2026-06-08 00:11:41,2026-06-08 00:12:41,60,mag_z,Ridge,390.488,235.4991598804554,-154.9888401195446,LOW_CONFIDENCE,INFO,MODEL_RELIABILITY_WARNING,LOW,Magnetic forecasting model has low predictive reliability based on walk-forward evaluation.
3010,2026-06-08 00:11:41,2026-06-08 00:12:41,60,temperature,Persistence,45.5,45.5,0.0,NORMAL,NORMAL,NONE,HIGH,
3004,2026-06-08 00:11:41,2026-06-08 00:12:41,60,vib_x_rms,XGBoost,0.10768,0.1027240306138992,-0.0049559693861007,WARNING,MEDIUM,ELEVATED_VIBRATION,MODERATE,Predicted vibration 0.102724 exceeds warning limit 0.10
3005,2026-06-08 00:11:41,2026-06-08 00:12:41,60,vib_y_rms,XGBoost,0.135025,0.1337569802999496,-0.0012680197000503,WARNING,MEDIUM,ELEVATED_VIBRATION,MODERATE,Predicted vibration 0.133757 exceeds warning limit 0.10
3006,2026-06-08 00:11:41,2026-06-08 00:12:41,60,vib_z_rms,XGBoost,0.060309,0.0607578009366989,0.0004488009366989,NORMAL,NORMAL,NONE,MODERATE,
3014,2026-06-08 00:11:42,2026-06-08 00:12:42,60,mag_x,Ridge,78.232,232.18716236543253,153.95516236543253,LOW_CONFIDENCE,INFO,MODEL_RELIABILITY_WARNING,LOW,Magnetic forecasting model has low predictive reliability based on walk-forward evaluation.
3015,2026-06-08 00:11:42,2026-06-08 00:12:42,60,mag_y,Ridge,440.3,232.4000433796296,-207.8999566203704,LOW_CONFIDENCE,INFO,MODEL_RELIABILITY_WARNING,LOW,Magnetic forecasting model has low predictive reliability based on walk-forward evaluation.
3016,2026-06-08 00:11:42,2026-06-08 00:12:42,60,mag_z,Ridge,125.65,235.9070294188072,110.25702941880716,LOW_CONFIDENCE,INFO,MODEL_RELIABILITY_WARNING,LOW,Magnetic forecasting model has low predictive reliability based on walk-forward evaluation.
3017,2026-06-08 00:11:42,2026-06-08 00:12:42,60,temperature,Persistence,45.5,45.5,0.0,NORMAL,NORMAL,NONE,HIGH,
3011,2026-06-08 00:11:42,2026-06-08 00:12:42,60,vib_x_rms,XGBoost,0.104003,0.1031774431467056,-0.0008255568532943,WARNING,MEDIUM,ELEVATED_VIBRATION,MODERATE,Predicted vibration 0.103177 exceeds warning limit 0.10
3012,2026-06-08 00:11:42,2026-06-08 00:12:42,60,vib_y_rms,XGBoost,0.113908,0.1348301619291305,0.0209221619291305,WARNING,MEDIUM,ELEVATED_VIBRATION,MODERATE,Predicted vibration 0.134830 exceeds warning limit 0.10
3013,2026-06-08 00:11:42,2026-06-08 00:12:42,60,vib_z_rms,XGBoost,0.064164,0.0606997646391391,-0.0034642353608608,NORMAL,NORMAL,NONE,MODERATE,
3021,2026-06-08 00:11:44,2026-06-08 00:12:44,60,mag_x,Ridge,302.624,229.8684153932991,-72.75558460670092,LOW_CONFIDENCE,INFO,MODEL_RELIABILITY_WARNING,LOW,Magnetic forecasting model has low predictive reliability based on walk-forward evaluation.
3022,2026-06-08 00:11:44,2026-06-08 00:12:44,60,mag_y,Ridge,324.128,237.29655777186915,-86.83144222813084,LOW_CONFIDENCE,INFO,MODEL_RELIABILITY_WARNING,LOW,Magnetic forecasting model has low predictive reliability based on walk-forward evaluation.
3023,2026-06-08 00:11:44,2026-06-08 00:12:44,60,mag_z,Ridge,129.878,238.66372757194412,108.78572757194416,LOW_CONFIDENCE,INFO,MODEL_RELIABILITY_WARNING,LOW,Magnetic forecasting model has low predictive reliability based on walk-forward evaluation.
3024,2026-06-08 00:11:44,2026-06-08 00:12:44,60,temperature,Persistence,45.5,45.5,0.0,NORMAL,NORMAL,NONE,HIGH,
3018,2026-06-08 00:11:44,2026-06-08 00:12:44,60,vib_x_rms,XGBoost,0.113089,0.102364994585514,-0.0107240054144859,WARNING,MEDIUM,ELEVATED_VIBRATION,MODERATE,Predicted vibration 0.102365 exceeds warning limit 0.10
3019,2026-06-08 00:11:44,2026-06-08 00:12:44,60,vib_y_rms,XGBoost,0.143435,0.1366280615329742,-0.0068069384670257,WARNING,MEDIUM,ELEVATED_VIBRATION,MODERATE,Predicted vibration 0.136628 exceeds warning limit 0.10
3020,2026-06-08 00:11:44,2026-06-08 00:12:44,60,vib_z_rms,XGBoost,0.06079,0.0606582574546337,-0.0001317425453662,NORMAL,NORMAL,NONE,MODERATE,
3028,2026-06-08 00:11:45,2026-06-08 00:12:45,60,mag_x,Ridge,264.418,227.86333922625093,-36.55466077374908,LOW_CONFIDENCE,INFO,MODEL_RELIABILITY_WARNING,LOW,Magnetic forecasting model has low predictive reliability based on walk-forward evaluation.
3029,2026-06-08 00:11:45,2026-06-08 00:12:45,60,mag_y,Ridge,429.352,240.92917455101693,-188.42282544898305,LOW_CONFIDENCE,INFO,MODEL_RELIABILITY_WARNING,LOW,Magnetic forecasting model has low predictive reliability based on walk-forward evaluation.
3030,2026-06-08 00:11:45,2026-06-08 00:12:45,60,mag_z,Ridge,344.652,239.8822272584332,-104.76977274156678,LOW_CONFIDENCE,INFO,MODEL_RELIABILITY_WARNING,LOW,Magnetic forecasting model has low predictive reliability based on walk-forward evaluation.
3031,2026-06-08 00:11:45,2026-06-08 00:12:45,60,temperature,Persistence,45.5,45.5,0.0,NORMAL,NORMAL,NONE,HIGH,
3025,2026-06-08 00:11:45,2026-06-08 00:12:45,60,vib_x_rms,XGBoost,0.113152,0.1036199405789375,-0.0095320594210624,WARNING,MEDIUM,ELEVATED_VIBRATION,MODERATE,Predicted vibration 0.103620 exceeds warning limit 0.10
3026,2026-06-08 00:11:45,2026-06-08 00:12:45,60,vib_y_rms,XGBoost,0.138643,0.1355273127555847,-0.0031156872444152,WARNING,MEDIUM,ELEVATED_VIBRATION,MODERATE,Predicted vibration 0.135527 exceeds warning limit 0.10
3027,2026-06-08 00:11:45,2026-06-08 00:12:45,60,vib_z_rms,XGBoost,0.061987,0.0606780759990215,-0.0013089240009784,NORMAL,NORMAL,NONE,MODERATE,
3035,2026-06-08 00:11:47,2026-06-08 00:12:47,60,mag_x,Ridge,220.304,233.63520758426063,13.331207584260625,LOW_CONFIDENCE,INFO,MODEL_RELIABILITY_WARNING,LOW,Magnetic forecasting model has low predictive reliability based on walk-forward evaluation.
3036,2026-06-08 00:11:47,2026-06-08 00:12:47,60,mag_y,Ridge,224.658,222.26753173678995,-2.390468263210039,LOW_CONFIDENCE,INFO,MODEL_RELIABILITY_WARNING,LOW,Magnetic forecasting model has low predictive reliability based on walk-forward evaluation.
3037,2026-06-08 00:11:47,2026-06-08 00:12:47,60,mag_z,Ridge,442.596,237.15695619959064,-205.43904380040937,LOW_CONFIDENCE,INFO,MODEL_RELIABILITY_WARNING,LOW,Magnetic forecasting model has low predictive reliability based on walk-forward evaluation.
3038,2026-06-08 00:11:47,2026-06-08 00:12:47,60,temperature,Persistence,45.5,45.5,0.0,NORMAL,NORMAL,NONE,HIGH,
3032,2026-06-08 00:11:47,2026-06-08 00:12:47,60,vib_x_rms,XGBoost,0.112358,0.1063598170876503,-0.0059981829123497,WARNING,MEDIUM,ELEVATED_VIBRATION,MODERATE,Predicted vibration 0.106360 exceeds warning limit 0.10
3033,2026-06-08 00:11:47,2026-06-08 00:12:47,60,vib_y_rms,XGBoost,0.155525,0.1345573812723159,-0.020967618727684,WARNING,MEDIUM,ELEVATED_VIBRATION,MODERATE,Predicted vibration 0.134557 exceeds warning limit 0.10
3034,2026-06-08 00:11:47,2026-06-08 00:12:47,60,vib_z_rms,XGBoost,0.063618,0.0599851794540882,-0.0036328205459117,NORMAL,NORMAL,NONE,MODERATE,
3042,2026-06-08 00:11:48,2026-06-08 00:12:48,60,mag_x,Ridge,297.472,231.1692550134524,-66.30274498654762,LOW_CONFIDENCE,INFO,MODEL_RELIABILITY_WARNING,LOW,Magnetic forecasting model has low predictive reliability based on walk-forward evaluation.
3043,2026-06-08 00:11:48,2026-06-08 00:12:48,60,mag_y,Ridge,50.316,223.3892843807008,173.07328438070076,LOW_CONFIDENCE,INFO,MODEL_RELIABILITY_WARNING,LOW,Magnetic forecasting model has low predictive reliability based on walk-forward evaluation.
3044,2026-06-08 00:11:48,2026-06-08 00:12:48,60,mag_z,Ridge,287.63,231.5706397668841,-56.05936023311588,LOW_CONFIDENCE,INFO,MODEL_RELIABILITY_WARNING,LOW,Magnetic forecasting model has low predictive reliability based on walk-forward evaluation.
3045,2026-06-08 00:11:48,2026-06-08 00:12:48,60,temperature,Persistence,45.5,45.5,0.0,NORMAL,NORMAL,NONE,HIGH,
3039,2026-06-08 00:11:48,2026-06-08 00:12:48,60,vib_x_rms,XGBoost,0.108734,0.1035721525549888,-0.0051618474450111,WARNING,MEDIUM,ELEVATED_VIBRATION,MODERATE,Predicted vibration 0.103572 exceeds warning limit 0.10
3040,2026-06-08 00:11:48,2026-06-08 00:12:48,60,vib_y_rms,XGBoost,0.179758,0.1351245492696762,-0.0446334507303237,WARNING,MEDIUM,ELEVATED_VIBRATION,MODERATE,Predicted vibration 0.135125 exceeds warning limit 0.10
3041,2026-06-08 00:11:48,2026-06-08 00:12:48,60,vib_z_rms,XGBoost,0.071244,0.0596437081694603,-0.0116002918305397,NORMAL,NORMAL,NONE,MODERATE,
3049,2026-06-08 00:11:49,2026-06-08 00:12:49,60,mag_x,Ridge,323.078,223.61251741800487,-99.4654825819951,LOW_CONFIDENCE,INFO,MODEL_RELIABILITY_WARNING,LOW,Magnetic forecasting model has low predictive reliability based on walk-forward evaluation.
3050,2026-06-08 00:11:49,2026-06-08 00:12:49,60,mag_y,Ridge,294.014,229.31293229513625,-64.70106770486376,LOW_CONFIDENCE,INFO,MODEL_RELIABILITY_WARNING,LOW,Magnetic forecasting model has low predictive reliability based on walk-forward evaluation.
3051,2026-06-08 00:11:49,2026-06-08 00:12:49,60,mag_z,Ridge,380.506,232.11528543706493,-148.39071456293502,LOW_CONFIDENCE,INFO,MODEL_RELIABILITY_WARNING,LOW,Magnetic forecasting model has low predictive reliability based on walk-forward evaluation.
3052,2026-06-08 00:11:49,2026-06-08 00:12:49,60,temperature,Persistence,45.5,45.5,0.0,NORMAL,NORMAL,NONE,HIGH,
3046,2026-06-08 00:11:49,2026-06-08 00:12:49,60,vib_x_rms,XGBoost,0.10079,0.1020199880003929,0.0012299880003929,WARNING,MEDIUM,ELEVATED_VIBRATION,MODERATE,Predicted vibration 0.102020 exceeds warning limit 0.10
3047,2026-06-08 00:11:49,2026-06-08 00:12:49,60,vib_y_rms,XGBoost,0.130967,0.1318575143814087,0.0008905143814086,WARNING,MEDIUM,ELEVATED_VIBRATION,MODERATE,Predicted vibration 0.131858 exceeds warning limit 0.10
3048,2026-06-08 00:11:49,2026-06-08 00:12:49,60,vib_z_rms,XGBoost,0.067625,0.0595101118087768,-0.0081148881912231,NORMAL,NORMAL,NONE,MODERATE,
3056,2026-06-08 00:11:51,2026-06-08 00:12:51,60,mag_x,Ridge,291.83,236.38039845357312,-55.44960154642686,LOW_CONFIDENCE,INFO,MODEL_RELIABILITY_WARNING,LOW,Magnetic forecasting model has low predictive reliability based on walk-forward evaluation.
3057,2026-06-08 00:11:51,2026-06-08 00:12:51,60,mag_y,Ridge,145.628,222.3150004593294,76.68700045932943,LOW_CONFIDENCE,INFO,MODEL_RELIABILITY_WARNING,LOW,Magnetic forecasting model has low predictive reliability based on walk-forward evaluation.
3058,2026-06-08 00:11:51,2026-06-08 00:12:51,60,mag_z,Ridge,422.8,238.43401321321625,-184.36598678678376,LOW_CONFIDENCE,INFO,MODEL_RELIABILITY_WARNING,LOW,Magnetic forecasting model has low predictive reliability based on walk-forward evaluation.
3059,2026-06-08 00:11:51,2026-06-08 00:12:51,60,temperature,Persistence,45.5,45.5,0.0,NORMAL,NORMAL,NONE,HIGH,
3053,2026-06-08 00:11:51,2026-06-08 00:12:51,60,vib_x_rms,XGBoost,0.10653,0.1037768125534057,-0.0027531874465942,WARNING,MEDIUM,ELEVATED_VIBRATION,MODERATE,Predicted vibration 0.103777 exceeds warning limit 0.10
3054,2026-06-08 00:11:51,2026-06-08 00:12:51,60,vib_y_rms,XGBoost,0.138661,0.1335571259260177,-0.0051038740739822,WARNING,MEDIUM,ELEVATED_VIBRATION,MODERATE,Predicted vibration 0.133557 exceeds warning limit 0.10
3055,2026-06-08 00:11:51,2026-06-08 00:12:51,60,vib_z_rms,XGBoost,0.069308,0.061115700751543,-0.0081922992484569,NORMAL,NORMAL,NONE,MODERATE,
3063,2026-06-08 00:11:52,2026-06-08 00:12:52,60,mag_x,Ridge,349.328,225.78940940952648,-123.53859059047352,LOW_CONFIDENCE,INFO,MODEL_RELIABILITY_WARNING,LOW,Magnetic forecasting model has low predictive reliability based on walk-forward evaluation.
3064,2026-06-08 00:11:52,2026-06-08 00:12:52,60,mag_y,Ridge,396.956,230.83914172302303,-166.11685827697698,LOW_CONFIDENCE,INFO,MODEL_RELIABILITY_WARNING,LOW,Magnetic forecasting model has low predictive reliability based on walk-forward evaluation.
3065,2026-06-08 00:11:52,2026-06-08 00:12:52,60,mag_z,Ridge,176.134,231.53661660822576,55.40261660822577,LOW_CONFIDENCE,INFO,MODEL_RELIABILITY_WARNING,LOW,Magnetic forecasting model has low predictive reliability based on walk-forward evaluation.
3066,2026-06-08 00:11:52,2026-06-08 00:12:52,60,temperature,Persistence,45.5,45.5,0.0,NORMAL,NORMAL,NONE,HIGH,
3060,2026-06-08 00:11:52,2026-06-08 00:12:52,60,vib_x_rms,XGBoost,0.117157,0.1031854227185249,-0.013971577281475,WARNING,MEDIUM,ELEVATED_VIBRATION,MODERATE,Predicted vibration 0.103185 exceeds warning limit 0.10
3061,2026-06-08 00:11:52,2026-06-08 00:12:52,60,vib_y_rms,XGBoost,0.145009,0.1324451863765716,-0.0125638136234283,WARNING,MEDIUM,ELEVATED_VIBRATION,MODERATE,Predicted vibration 0.132445 exceeds warning limit 0.10
3062,2026-06-08 00:11:52,2026-06-08 00:12:52,60,vib_z_rms,XGBoost,0.062033,0.0601494535803794,-0.0018835464196205,NORMAL,NORMAL,NONE,MODERATE,
3070,2026-06-08 00:11:54,2026-06-08 00:12:54,60,mag_x,Ridge,387.478,231.36858819746016,-156.10941180253982,LOW_CONFIDENCE,INFO,MODEL_RELIABILITY_WARNING,LOW,Magnetic forecasting model has low predictive reliability based on walk-forward evaluation.
3071,2026-06-08 00:11:54,2026-06-08 00:12:54,60,mag_y,Ridge,7.91,225.25636028223116,217.34636028223116,LOW_CONFIDENCE,INFO,MODEL_RELIABILITY_WARNING,LOW,Magnetic forecasting model has low predictive reliability based on walk-forward evaluation.
3072,2026-06-08 00:11:54,2026-06-08 00:12:54,60,mag_z,Ridge,400.022,235.52506348010465,-164.49693651989534,LOW_CONFIDENCE,INFO,MODEL_RELIABILITY_WARNING,LOW,Magnetic forecasting model has low predictive reliability based on walk-forward evaluation.
3073,2026-06-08 00:11:54,2026-06-08 00:12:54,60,temperature,Persistence,45.5,45.5,0.0,NORMAL,NORMAL,NONE,HIGH,
3067,2026-06-08 00:11:54,2026-06-08 00:12:54,60,vib_x_rms,XGBoost,0.113472,0.1030277535319328,-0.0104442464680671,WARNING,MEDIUM,ELEVATED_VIBRATION,MODERATE,Predicted vibration 0.103028 exceeds warning limit 0.10
3068,2026-06-08 00:11:54,2026-06-08 00:12:54,60,vib_y_rms,XGBoost,0.131083,0.133867010474205,0.002784010474205,WARNING,MEDIUM,ELEVATED_VIBRATION,MODERATE,Predicted vibration 0.133867 exceeds warning limit 0.10
3069,2026-06-08 00:11:54,2026-06-08 00:12:54,60,vib_z_rms,XGBoost,0.07362,0.0609913170337677,-0.0126286829662323,NORMAL,NORMAL,NONE,MODERATE,
3077,2026-06-08 00:11:55,2026-06-08 00:12:55,60,mag_x,Ridge,290.654,222.97265279368267,-67.68134720631733,LOW_CONFIDENCE,INFO,MODEL_RELIABILITY_WARNING,LOW,Magnetic forecasting model has low predictive reliability based on walk-forward evaluation.
3078,2026-06-08 00:11:55,2026-06-08 00:12:55,60,mag_y,Ridge,389.984,237.5892972703647,-152.39470272963527,LOW_CONFIDENCE,INFO,MODEL_RELIABILITY_WARNING,LOW,Magnetic forecasting model has low predictive reliability based on walk-forward evaluation.
3079,2026-06-08 00:11:55,2026-06-08 00:12:55,60,mag_z,Ridge,297.556,235.5131300457252,-62.04286995427478,LOW_CONFIDENCE,INFO,MODEL_RELIABILITY_WARNING,LOW,Magnetic forecasting model has low predictive reliability based on walk-forward evaluation.
3080,2026-06-08 00:11:55,2026-06-08 00:12:55,60,temperature,Persistence,45.5,45.5,0.0,NORMAL,NORMAL,NONE,HIGH,
3074,2026-06-08 00:11:55,2026-06-08 00:12:55,60,vib_x_rms,XGBoost,0.107051,0.1035268604755401,-0.0035241395244598,WARNING,MEDIUM,ELEVATED_VIBRATION,MODERATE,Predicted vibration 0.103527 exceeds warning limit 0.10
3075,2026-06-08 00:11:55,2026-06-08 00:12:55,60,vib_y_rms,XGBoost,0.13473,0.1357401460409164,0.0010101460409164,WARNING,MEDIUM,ELEVATED_VIBRATION,MODERATE,Predicted vibration 0.135740 exceeds warning limit 0.10
3076,2026-06-08 00:11:55,2026-06-08 00:12:55,60,vib_z_rms,XGBoost,0.05998,0.0607558712363243,0.0007758712363243,NORMAL,NORMAL,NONE,MODERATE,
3084,2026-06-08 00:11:56,2026-06-08 00:12:56,60,mag_x,Ridge,415.184,227.00918803127576,-188.17481196872424,LOW_CONFIDENCE,INFO,MODEL_RELIABILITY_WARNING,LOW,Magnetic forecasting model has low predictive reliability based on walk-forward evaluation.
3085,2026-06-08 00:11:56,2026-06-08 00:12:56,60,mag_y,Ridge,43.162,225.77136883280895,182.60936883280897,LOW_CONFIDENCE,INFO,MODEL_RELIABILITY_WARNING,LOW,Magnetic forecasting model has low predictive reliability based on walk-forward evaluation.
3086,2026-06-08 00:11:56,2026-06-08 00:12:56,60,mag_z,Ridge,364.812,230.7329341830321,-134.0790658169679,LOW_CONFIDENCE,INFO,MODEL_RELIABILITY_WARNING,LOW,Magnetic forecasting model has low predictive reliability based on walk-forward evaluation.
3087,2026-06-08 00:11:56,2026-06-08 00:12:56,60,temperature,Persistence,45.5,45.5,0.0,NORMAL,NORMAL,NONE,HIGH,
3081,2026-06-08 00:11:56,2026-06-08 00:12:56,60,vib_x_rms,XGBoost,0.113492,0.1035038158297538,-0.0099881841702461,WARNING,MEDIUM,ELEVATED_VIBRATION,MODERATE,Predicted vibration 0.103504 exceeds warning limit 0.10
3082,2026-06-08 00:11:56,2026-06-08 00:12:56,60,vib_y_rms,XGBoost,0.149158,0.1356003433465957,-0.0135576566534042,WARNING,MEDIUM,ELEVATED_VIBRATION,MODERATE,Predicted vibration 0.135600 exceeds warning limit 0.10
3083,2026-06-08 00:11:56,2026-06-08 00:12:56,60,vib_z_rms,XGBoost,0.064752,0.0615546517074108,-0.0031973482925891,NORMAL,NORMAL,NONE,MODERATE,
3091,2026-06-08 00:11:58,2026-06-08 00:12:58,60,mag_x,Ridge,29.47,227.23294363510223,197.76294363510223,LOW_CONFIDENCE,INFO,MODEL_RELIABILITY_WARNING,LOW,Magnetic forecasting model has low predictive reliability based on walk-forward evaluation.
3092,2026-06-08 00:11:58,2026-06-08 00:12:58,60,mag_y,Ridge,12.698,226.9187256532612,214.2207256532612,LOW_CONFIDENCE,INFO,MODEL_RELIABILITY_WARNING,LOW,Magnetic forecasting model has low predictive reliability based on walk-forward evaluation.
3093,2026-06-08 00:11:58,2026-06-08 00:12:58,60,mag_z,Ridge,105.784,224.524866851076,118.740866851076,LOW_CONFIDENCE,INFO,MODEL_RELIABILITY_WARNING,LOW,Magnetic forecasting model has low predictive reliability based on walk-forward evaluation.
3094,2026-06-08 00:11:58,2026-06-08 00:12:58,60,temperature,Persistence,45.5,45.5,0.0,NORMAL,NORMAL,NONE,HIGH,
3088,2026-06-08 00:11:58,2026-06-08 00:12:58,60,vib_x_rms,XGBoost,0.091883,0.104998342692852,0.013115342692852,WARNING,MEDIUM,ELEVATED_VIBRATION,MODERATE,Predicted vibration 0.104998 exceeds warning limit 0.10
3089,2026-06-08 00:11:58,2026-06-08 00:12:58,60,vib_y_rms,XGBoost,0.135696,0.1346474438905716,-0.0010485561094284,WARNING,MEDIUM,ELEVATED_VIBRATION,MODERATE,Predicted vibration 0.134647 exceeds warning limit 0.10
3090,2026-06-08 00:11:58,2026-06-08 00:12:58,60,vib_z_rms,XGBoost,0.064113,0.0610961690545082,-0.0030168309454917,NORMAL,NORMAL,NONE,MODERATE,
3098,2026-06-08 00:11:59,2026-06-08 00:12:59,60,mag_x,Ridge,308.238,216.77298356638585,-91.46501643361415,LOW_CONFIDENCE,INFO,MODEL_RELIABILITY_WARNING,LOW,Magnetic forecasting model has low predictive reliability based on walk-forward evaluation.
3099,2026-06-08 00:11:59,2026-06-08 00:12:59,60,mag_y,Ridge,209.328,237.9650176999692,28.637017699969192,LOW_CONFIDENCE,INFO,MODEL_RELIABILITY_WARNING,LOW,Magnetic forecasting model has low predictive reliability based on walk-forward evaluation.
3100,2026-06-08 00:11:59,2026-06-08 00:12:59,60,mag_z,Ridge,138.152,225.72174745238024,87.56974745238026,LOW_CONFIDENCE,INFO,MODEL_RELIABILITY_WARNING,LOW,Magnetic forecasting model has low predictive reliability based on walk-forward evaluation.
3101,2026-06-08 00:11:59,2026-06-08 00:12:59,60,temperature,Persistence,45.5,45.5,0.0,NORMAL,NORMAL,NONE,HIGH,
3095,2026-06-08 00:11:59,2026-06-08 00:12:59,60,vib_x_rms,XGBoost,0.107799,0.1042142882943153,-0.0035847117056846,WARNING,MEDIUM,ELEVATED_VIBRATION,MODERATE,Predicted vibration 0.104214 exceeds warning limit 0.10
3096,2026-06-08 00:11:59,2026-06-08 00:12:59,60,vib_y_rms,XGBoost,0.135599,0.1350174844264984,-0.0005815155735015,WARNING,MEDIUM,ELEVATED_VIBRATION,MODERATE,Predicted vibration 0.135017 exceeds warning limit 0.10
3097,2026-06-08 00:11:59,2026-06-08 00:12:59,60,vib_z_rms,XGBoost,0.060384,0.061001107096672,0.000617107096672,NORMAL,NORMAL,NONE,MODERATE,
3105,2026-06-08 00:12:01,2026-06-08 00:13:01,60,mag_x,Ridge,289.352,221.98706720600617,-67.3649327939938,LOW_CONFIDENCE,INFO,MODEL_RELIABILITY_WARNING,LOW,Magnetic forecasting model has low predictive reliability based on walk-forward evaluation.
3106,2026-06-08 00:12:01,2026-06-08 00:13:01,60,mag_y,Ridge,370.048,245.3508231425247,-124.69717685747533,LOW_CONFIDENCE,INFO,MODEL_RELIABILITY_WARNING,LOW,Magnetic forecasting model has low predictive reliability based on walk-forward evaluation.
3107,2026-06-08 00:12:01,2026-06-08 00:13:01,60,mag_z,Ridge,168.364,230.83915826959247,62.47515826959247,LOW_CONFIDENCE,INFO,MODEL_RELIABILITY_WARNING,LOW,Magnetic forecasting model has low predictive reliability based on walk-forward evaluation.
3108,2026-06-08 00:12:01,2026-06-08 00:13:01,60,temperature,Persistence,45.5,45.5,0.0,NORMAL,NORMAL,NONE,HIGH,
3102,2026-06-08 00:12:01,2026-06-08 00:13:01,60,vib_x_rms,XGBoost,0.116399,0.1044035330414772,-0.0119954669585227,WARNING,MEDIUM,ELEVATED_VIBRATION,MODERATE,Predicted vibration 0.104404 exceeds warning limit 0.10
3103,2026-06-08 00:12:01,2026-06-08 00:13:01,60,vib_y_rms,XGBoost,0.135186,0.1341490000486374,-0.0010369999513626,WARNING,MEDIUM,ELEVATED_VIBRATION,MODERATE,Predicted vibration 0.134149 exceeds warning limit 0.10
3104,2026-06-08 00:12:01,2026-06-08 00:13:01,60,vib_z_rms,XGBoost,0.058865,0.0612972676753997,0.0024322676753997,NORMAL,NORMAL,NONE,MODERATE,
3112,2026-06-08 00:12:02,2026-06-08 00:13:02,60,mag_x,Ridge,391.062,220.3406116609672,-170.72138833903284,LOW_CONFIDENCE,INFO,MODEL_RELIABILITY_WARNING,LOW,Magnetic forecasting model has low predictive reliability based on walk-forward evaluation.
3113,2026-06-08 00:12:02,2026-06-08 00:13:02,60,mag_y,Ridge,347.06,234.2078050440741,-112.85219495592592,LOW_CONFIDENCE,INFO,MODEL_RELIABILITY_WARNING,LOW,Magnetic forecasting model has low predictive reliability based on walk-forward evaluation.
3114,2026-06-08 00:12:02,2026-06-08 00:13:02,60,mag_z,Ridge,53.62,225.9658641129839,172.34586411298386,LOW_CONFIDENCE,INFO,MODEL_RELIABILITY_WARNING,LOW,Magnetic forecasting model has low predictive reliability based on walk-forward evaluation.
3115,2026-06-08 00:12:02,2026-06-08 00:13:02,60,temperature,Persistence,45.5,45.5,0.0,NORMAL,NORMAL,NONE,HIGH,
3109,2026-06-08 00:12:02,2026-06-08 00:13:02,60,vib_x_rms,XGBoost,0.104848,0.1034682318568229,-0.001379768143177,WARNING,MEDIUM,ELEVATED_VIBRATION,MODERATE,Predicted vibration 0.103468 exceeds warning limit 0.10
3110,2026-06-08 00:12:02,2026-06-08 00:13:02,60,vib_y_rms,XGBoost,0.138361,0.1336307972669601,-0.0047302027330398,WARNING,MEDIUM,ELEVATED_VIBRATION,MODERATE,Predicted vibration 0.133631 exceeds warning limit 0.10
3111,2026-06-08 00:12:02,2026-06-08 00:13:02,60,vib_z_rms,XGBoost,0.068895,0.0610449761152267,-0.0078500238847732,NORMAL,NORMAL,NONE,MODERATE,
3119,2026-06-08 00:12:04,2026-06-08 00:13:04,60,mag_x,Ridge,104.146,218.25281778833644,114.10681778833644,LOW_CONFIDENCE,INFO,MODEL_RELIABILITY_WARNING,LOW,Magnetic forecasting model has low predictive reliability based on walk-forward evaluation.
3120,2026-06-08 00:12:04,2026-06-08 00:13:04,60,mag_y,Ridge,394.604,239.56052921408929,-155.04347078591073,LOW_CONFIDENCE,INFO,MODEL_RELIABILITY_WARNING,LOW,Magnetic forecasting model has low predictive reliability based on walk-forward evaluation.
3121,2026-06-08 00:12:04,2026-06-08 00:13:04,60,mag_z,Ridge,52.668,233.75658539850812,181.08858539850812,LOW_CONFIDENCE,INFO,MODEL_RELIABILITY_WARNING,LOW,Magnetic forecasting model has low predictive reliability based on walk-forward evaluation.
3122,2026-06-08 00:12:04,2026-06-08 00:13:04,60,temperature,Persistence,45.5,45.5,0.0,NORMAL,NORMAL,NONE,HIGH,
3116,2026-06-08 00:12:04,2026-06-08 00:13:04,60,vib_x_rms,XGBoost,0.115871,0.1040377616882324,-0.0118332383117675,WARNING,MEDIUM,ELEVATED_VIBRATION,MODERATE,Predicted vibration 0.104038 exceeds warning limit 0.10
3117,2026-06-08 00:12:04,2026-06-08 00:13:04,60,vib_y_rms,XGBoost,0.134362,0.1329281479120254,-0.0014338520879745,WARNING,MEDIUM,ELEVATED_VIBRATION,MODERATE,Predicted vibration 0.132928 exceeds warning limit 0.10
3118,2026-06-08 00:12:04,2026-06-08 00:13:04,60,vib_z_rms,XGBoost,0.067626,0.0613781847059726,-0.0062478152940273,NORMAL,NORMAL,NONE,MODERATE,
3126,2026-06-08 00:12:05,2026-06-08 00:13:05,60,mag_x,Ridge,141.134,214.69116849308645,73.55716849308646,LOW_CONFIDENCE,INFO,MODEL_RELIABILITY_WARNING,LOW,Magnetic forecasting model has low predictive reliability based on walk-forward evaluation.
3127,2026-06-08 00:12:05,2026-06-08 00:13:05,60,mag_y,Ridge,130.858,231.10767709560477,100.24967709560474,LOW_CONFIDENCE,INFO,MODEL_RELIABILITY_WARNING,LOW,Magnetic forecasting model has low predictive reliability based on walk-forward evaluation.
3128,2026-06-08 00:12:05,2026-06-08 00:13:05,60,mag_z,Ridge,202.51,238.4264990700687,35.91649907006871,LOW_CONFIDENCE,INFO,MODEL_RELIABILITY_WARNING,LOW,Magnetic forecasting model has low predictive reliability based on walk-forward evaluation.
3129,2026-06-08 00:12:05,2026-06-08 00:13:05,60,temperature,Persistence,45.5,45.5,0.0,NORMAL,NORMAL,NONE,HIGH,
3123,2026-06-08 00:12:05,2026-06-08 00:13:05,60,vib_x_rms,XGBoost,0.116056,0.1032292619347572,-0.0128267380652427,WARNING,MEDIUM,ELEVATED_VIBRATION,MODERATE,Predicted vibration 0.103229 exceeds warning limit 0.10
3124,2026-06-08 00:12:05,2026-06-08 00:13:05,60,vib_y_rms,XGBoost,0.145954,0.1331649720668792,-0.0127890279331207,WARNING,MEDIUM,ELEVATED_VIBRATION,MODERATE,Predicted vibration 0.133165 exceeds warning limit 0.10
3125,2026-06-08 00:12:05,2026-06-08 00:13:05,60,vib_z_rms,XGBoost,0.071623,0.0608091540634632,-0.0108138459365367,NORMAL,NORMAL,NONE,MODERATE,
3133,2026-06-08 00:12:06,2026-06-08 00:13:06,60,mag_x,Ridge,68.68401,216.25963705325967,147.57562705325967,LOW_CONFIDENCE,INFO,MODEL_RELIABILITY_WARNING,LOW,Magnetic forecasting model has low predictive reliability based on walk-forward evaluation.
3134,2026-06-08 00:12:06,2026-06-08 00:13:06,60,mag_y,Ridge,433.356,236.9518886711662,-196.4041113288338,LOW_CONFIDENCE,INFO,MODEL_RELIABILITY_WARNING,LOW,Magnetic forecasting model has low predictive reliability based on walk-forward evaluation.
3135,2026-06-08 00:12:06,2026-06-08 00:13:06,60,mag_z,Ridge,29.54,227.47985935972187,197.93985935972188,LOW_CONFIDENCE,INFO,MODEL_RELIABILITY_WARNING,LOW,Magnetic forecasting model has low predictive reliability based on walk-forward evaluation.
3136,2026-06-08 00:12:06,2026-06-08 00:13:06,60,temperature,Persistence,45.5,45.5,0.0,NORMAL,NORMAL,NONE,HIGH,
3130,2026-06-08 00:12:06,2026-06-08 00:13:06,60,vib_x_rms,XGBoost,0.1072,0.1045095548033714,-0.0026904451966285,WARNING,MEDIUM,ELEVATED_VIBRATION,MODERATE,Predicted vibration 0.104510 exceeds warning limit 0.10
3131,2026-06-08 00:12:06,2026-06-08 00:13:06,60,vib_y_rms,XGBoost,0.130804,0.1336113810539245,0.0028073810539245,WARNING,MEDIUM,ELEVATED_VIBRATION,MODERATE,Predicted vibration 0.133611 exceeds warning limit 0.10
3132,2026-06-08 00:12:06,2026-06-08 00:13:06,60,vib_z_rms,XGBoost,0.05469,0.0614172145724296,0.0067272145724296,NORMAL,NORMAL,NONE,MODERATE,
3140,2026-06-08 00:12:08,2026-06-08 00:13:08,60,mag_x,Ridge,219.562,216.5750053961954,-2.986994603804618,LOW_CONFIDENCE,INFO,MODEL_RELIABILITY_WARNING,LOW,Magnetic forecasting model has low predictive reliability based on walk-forward evaluation.
3141,2026-06-08 00:12:08,2026-06-08 00:13:08,60,mag_y,Ridge,68.69801,228.41137147913665,159.7133614791367,LOW_CONFIDENCE,INFO,MODEL_RELIABILITY_WARNING,LOW,Magnetic forecasting model has low predictive reliability based on walk-forward evaluation.
3142,2026-06-08 00:12:08,2026-06-08 00:13:08,60,mag_z,Ridge,416.794,234.5931712539088,-182.2008287460912,LOW_CONFIDENCE,INFO,MODEL_RELIABILITY_WARNING,LOW,Magnetic forecasting model has low predictive reliability based on walk-forward evaluation.
3143,2026-06-08 00:12:08,2026-06-08 00:13:08,60,temperature,Persistence,45.5,45.5,0.0,NORMAL,NORMAL,NONE,HIGH,
3137,2026-06-08 00:12:08,2026-06-08 00:13:08,60,vib_x_rms,XGBoost,0.122725,0.1049089133739471,-0.0178160866260528,WARNING,MEDIUM,ELEVATED_VIBRATION,MODERATE,Predicted vibration 0.104909 exceeds warning limit 0.10
3138,2026-06-08 00:12:08,2026-06-08 00:13:08,60,vib_y_rms,XGBoost,0.124388,0.133578360080719,0.0091903600807189,WARNING,MEDIUM,ELEVATED_VIBRATION,MODERATE,Predicted vibration 0.133578 exceeds warning limit 0.10
3139,2026-06-08 00:12:08,2026-06-08 00:13:08,60,vib_z_rms,XGBoost,0.06656,0.0606449656188488,-0.0059150343811511,NORMAL,NORMAL,NONE,MODERATE,
3147,2026-06-08 00:12:09,2026-06-08 00:13:09,60,mag_x,Ridge,454.16,222.13719867480205,-232.022801325198,LOW_CONFIDENCE,INFO,MODEL_RELIABILITY_WARNING,LOW,Magnetic forecasting model has low predictive reliability based on walk-forward evaluation.
3148,2026-06-08 00:12:09,2026-06-08 00:13:09,60,mag_y,Ridge,291.214,229.5358912127013,-61.6781087872987,LOW_CONFIDENCE,INFO,MODEL_RELIABILITY_WARNING,LOW,Magnetic forecasting model has low predictive reliability based on walk-forward evaluation.
3149,2026-06-08 00:12:09,2026-06-08 00:13:09,60,mag_z,Ridge,457.268,227.92443826461977,-229.3435617353802,LOW_CONFIDENCE,INFO,MODEL_RELIABILITY_WARNING,LOW,Magnetic forecasting model has low predictive reliability based on walk-forward evaluation.
3150,2026-06-08 00:12:09,2026-06-08 00:13:09,60,temperature,Persistence,45.5,45.5,0.0,NORMAL,NORMAL,NONE,HIGH,
3144,2026-06-08 00:12:09,2026-06-08 00:13:09,60,vib_x_rms,XGBoost,0.120382,0.1034566760063171,-0.0169253239936828,WARNING,MEDIUM,ELEVATED_VIBRATION,MODERATE,Predicted vibration 0.103457 exceeds warning limit 0.10
3145,2026-06-08 00:12:09,2026-06-08 00:13:09,60,vib_y_rms,XGBoost,0.142333,0.1334580034017563,-0.0088749965982437,WARNING,MEDIUM,ELEVATED_VIBRATION,MODERATE,Predicted vibration 0.133458 exceeds warning limit 0.10
3146,2026-06-08 00:12:09,2026-06-08 00:13:09,60,vib_z_rms,XGBoost,0.066532,0.0604070536792278,-0.0061249463207721,NORMAL,NORMAL,NONE,MODERATE,
3154,2026-06-08 00:12:11,2026-06-08 00:13:11,60,mag_x,Ridge,153.986,226.9882738443995,73.0022738443995,LOW_CONFIDENCE,INFO,MODEL_RELIABILITY_WARNING,LOW,Magnetic forecasting model has low predictive reliability based on walk-forward evaluation.
3155,2026-06-08 00:12:11,2026-06-08 00:13:11,60,mag_y,Ridge,299.082,226.51588013005136,-72.56611986994864,LOW_CONFIDENCE,INFO,MODEL_RELIABILITY_WARNING,LOW,Magnetic forecasting model has low predictive reliability based on walk-forward evaluation.
3156,2026-06-08 00:12:11,2026-06-08 00:13:11,60,mag_z,Ridge,343.7,229.94147767254023,-113.75852232745976,LOW_CONFIDENCE,INFO,MODEL_RELIABILITY_WARNING,LOW,Magnetic forecasting model has low predictive reliability based on walk-forward evaluation.
3157,2026-06-08 00:12:11,2026-06-08 00:13:11,60,temperature,Persistence,45.5,45.5,0.0,NORMAL,NORMAL,NONE,HIGH,
3151,2026-06-08 00:12:11,2026-06-08 00:13:11,60,vib_x_rms,XGBoost,0.10791,0.1044086515903472,-0.0035013484096527,WARNING,MEDIUM,ELEVATED_VIBRATION,MODERATE,Predicted vibration 0.104409 exceeds warning limit 0.10
3152,2026-06-08 00:12:11,2026-06-08 00:13:11,60,vib_y_rms,XGBoost,0.126127,0.1351306587457656,0.0090036587457656,WARNING,MEDIUM,ELEVATED_VIBRATION,MODERATE,Predicted vibration 0.135131 exceeds warning limit 0.10
3153,2026-06-08 00:12:11,2026-06-08 00:13:11,60,vib_z_rms,XGBoost,0.052697,0.0615713708102703,0.0088743708102703,NORMAL,NORMAL,NONE,MODERATE,
3161,2026-06-08 00:12:12,2026-06-08 00:13:12,60,mag_x,Ridge,204.736,224.8435641740731,20.107564174073104,LOW_CONFIDENCE,INFO,MODEL_RELIABILITY_WARNING,LOW,Magnetic forecasting model has low predictive reliability based on walk-forward evaluation.
3162,2026-06-08 00:12:12,2026-06-08 00:13:12,60,mag_y,Ridge,304.934,230.3553593142024,-74.57864068579767,LOW_CONFIDENCE,INFO,MODEL_RELIABILITY_WARNING,LOW,Magnetic forecasting model has low predictive reliability based on walk-forward evaluation.
3163,2026-06-08 00:12:12,2026-06-08 00:13:12,60,mag_z,Ridge,117.572,225.8555334104317,108.28353341043167,LOW_CONFIDENCE,INFO,MODEL_RELIABILITY_WARNING,LOW,Magnetic forecasting model has low predictive reliability based on walk-forward evaluation.
3164,2026-06-08 00:12:12,2026-06-08 00:13:12,60,temperature,Persistence,45.5,45.5,0.0,NORMAL,NORMAL,NONE,HIGH,
3158,2026-06-08 00:12:12,2026-06-08 00:13:12,60,vib_x_rms,XGBoost,0.101697,0.1052570715546608,0.0035600715546608,WARNING,MEDIUM,ELEVATED_VIBRATION,MODERATE,Predicted vibration 0.105257 exceeds warning limit 0.10
3159,2026-06-08 00:12:12,2026-06-08 00:13:12,60,vib_y_rms,XGBoost,0.138062,0.1324625760316848,-0.0055994239683151,WARNING,MEDIUM,ELEVATED_VIBRATION,MODERATE,Predicted vibration 0.132463 exceeds warning limit 0.10
3160,2026-06-08 00:12:12,2026-06-08 00:13:12,60,vib_z_rms,XGBoost,0.052192,0.0605184510350227,0.0083264510350227,NORMAL,NORMAL,NONE,MODERATE,
3168,2026-06-08 00:12:14,2026-06-08 00:13:14,60,mag_x,Ridge,223.496,226.05123516042903,2.555235160429021,LOW_CONFIDENCE,INFO,MODEL_RELIABILITY_WARNING,LOW,Magnetic forecasting model has low predictive reliability based on walk-forward evaluation.
3169,2026-06-08 00:12:14,2026-06-08 00:13:14,60,mag_y,Ridge,130.998,226.5107336723948,95.51273367239476,LOW_CONFIDENCE,INFO,MODEL_RELIABILITY_WARNING,LOW,Magnetic forecasting model has low predictive reliability based on walk-forward evaluation.
3170,2026-06-08 00:12:14,2026-06-08 00:13:14,60,mag_z,Ridge,240.24,229.90251917868736,-10.337480821312624,LOW_CONFIDENCE,INFO,MODEL_RELIABILITY_WARNING,LOW,Magnetic forecasting model has low predictive reliability based on walk-forward evaluation.
3171,2026-06-08 00:12:14,2026-06-08 00:13:14,60,temperature,Persistence,45.5,45.5,0.0,NORMAL,NORMAL,NONE,HIGH,
3165,2026-06-08 00:12:14,2026-06-08 00:13:14,60,vib_x_rms,XGBoost,0.114656,0.1036609187722206,-0.0109950812277793,WARNING,MEDIUM,ELEVATED_VIBRATION,MODERATE,Predicted vibration 0.103661 exceeds warning limit 0.10
3166,2026-06-08 00:12:14,2026-06-08 00:13:14,60,vib_y_rms,XGBoost,0.135367,0.1331070959568023,-0.0022599040431976,WARNING,MEDIUM,ELEVATED_VIBRATION,MODERATE,Predicted vibration 0.133107 exceeds warning limit 0.10
3167,2026-06-08 00:12:14,2026-06-08 00:13:14,60,vib_z_rms,XGBoost,0.060398,0.059093315154314,-0.0013046848456859,NORMAL,NORMAL,NONE,MODERATE,
3175,2026-06-08 00:12:15,2026-06-08 00:13:15,60,mag_x,Ridge,51.044,233.8988981401573,182.85489814015733,LOW_CONFIDENCE,INFO,MODEL_RELIABILITY_WARNING,LOW,Magnetic forecasting model has low predictive reliability based on walk-forward evaluation.
3176,2026-06-08 00:12:15,2026-06-08 00:13:15,60,mag_y,Ridge,349.244,234.46826861652693,-114.7757313834731,LOW_CONFIDENCE,INFO,MODEL_RELIABILITY_WARNING,LOW,Magnetic forecasting model has low predictive reliability based on walk-forward evaluation.
3177,2026-06-08 00:12:15,2026-06-08 00:13:15,60,mag_z,Ridge,207.592,229.74017689443355,22.148176894433533,LOW_CONFIDENCE,INFO,MODEL_RELIABILITY_WARNING,LOW,Magnetic forecasting model has low predictive reliability based on walk-forward evaluation.
3178,2026-06-08 00:12:15,2026-06-08 00:13:15,60,temperature,Persistence,45.5,45.5,0.0,NORMAL,NORMAL,NONE,HIGH,
3172,2026-06-08 00:12:15,2026-06-08 00:13:15,60,vib_x_rms,XGBoost,0.105915,0.1044041663408279,-0.001510833659172,WARNING,MEDIUM,ELEVATED_VIBRATION,MODERATE,Predicted vibration 0.104404 exceeds warning limit 0.10
3173,2026-06-08 00:12:15,2026-06-08 00:13:15,60,vib_y_rms,XGBoost,0.142684,0.1353677958250045,-0.0073162041749954,WARNING,MEDIUM,ELEVATED_VIBRATION,MODERATE,Predicted vibration 0.135368 exceeds warning limit 0.10
3174,2026-06-08 00:12:15,2026-06-08 00:13:15,60,vib_z_rms,XGBoost,0.069606,0.0597293935716152,-0.0098766064283847,NORMAL,NORMAL,NONE,MODERATE,
3182,2026-06-08 00:12:16,2026-06-08 00:13:16,60,mag_x,Ridge,419.622,232.74851708524557,-186.87348291475448,LOW_CONFIDENCE,INFO,MODEL_RELIABILITY_WARNING,LOW,Magnetic forecasting model has low predictive reliability based on walk-forward evaluation.
3183,2026-06-08 00:12:16,2026-06-08 00:13:16,60,mag_y,Ridge,13.594,230.0076252936008,216.4136252936008,LOW_CONFIDENCE,INFO,MODEL_RELIABILITY_WARNING,LOW,Magnetic forecasting model has low predictive reliability based on walk-forward evaluation.
3184,2026-06-08 00:12:16,2026-06-08 00:13:16,60,mag_z,Ridge,218.036,234.22351042507177,16.187510425071764,LOW_CONFIDENCE,INFO,MODEL_RELIABILITY_WARNING,LOW,Magnetic forecasting model has low predictive reliability based on walk-forward evaluation.
3185,2026-06-08 00:12:16,2026-06-08 00:13:16,60,temperature,Persistence,45.5,45.5,0.0,NORMAL,NORMAL,NONE,HIGH,
3179,2026-06-08 00:12:16,2026-06-08 00:13:16,60,vib_x_rms,XGBoost,0.114715,0.1079258918762207,-0.0067891081237792,WARNING,MEDIUM,ELEVATED_VIBRATION,MODERATE,Predicted vibration 0.107926 exceeds warning limit 0.10
3180,2026-06-08 00:12:16,2026-06-08 00:13:16,60,vib_y_rms,XGBoost,0.153865,0.1362143158912658,-0.0176506841087341,WARNING,MEDIUM,ELEVATED_VIBRATION,MODERATE,Predicted vibration 0.136214 exceeds warning limit 0.10
3181,2026-06-08 00:12:16,2026-06-08 00:13:16,60,vib_z_rms,XGBoost,0.064619,0.0607629604637622,-0.0038560395362377,NORMAL,NORMAL,NONE,MODERATE,
3189,2026-06-08 00:12:18,2026-06-08 00:13:18,60,mag_x,Ridge,162.652,232.36561658083383,69.71361658083384,LOW_CONFIDENCE,INFO,MODEL_RELIABILITY_WARNING,LOW,Magnetic forecasting model has low predictive reliability based on walk-forward evaluation.
3190,2026-06-08 00:12:18,2026-06-08 00:13:18,60,mag_y,Ridge,374.052,233.94372072635,-140.10827927365006,LOW_CONFIDENCE,INFO,MODEL_RELIABILITY_WARNING,LOW,Magnetic forecasting model has low predictive reliability based on walk-forward evaluation.
3191,2026-06-08 00:12:18,2026-06-08 00:13:18,60,mag_z,Ridge,356.608,229.1814713595969,-127.42652864040306,LOW_CONFIDENCE,INFO,MODEL_RELIABILITY_WARNING,LOW,Magnetic forecasting model has low predictive reliability based on walk-forward evaluation.
3192,2026-06-08 00:12:18,2026-06-08 00:13:18,60,temperature,Persistence,45.5,45.5,0.0,NORMAL,NORMAL,NONE,HIGH,
3186,2026-06-08 00:12:18,2026-06-08 00:13:18,60,vib_x_rms,XGBoost,0.110832,0.106890395283699,-0.0039416047163009,WARNING,MEDIUM,ELEVATED_VIBRATION,MODERATE,Predicted vibration 0.106890 exceeds warning limit 0.10
3187,2026-06-08 00:12:18,2026-06-08 00:13:18,60,vib_y_rms,XGBoost,0.147152,0.1361194550991058,-0.0110325449008941,WARNING,MEDIUM,ELEVATED_VIBRATION,MODERATE,Predicted vibration 0.136119 exceeds warning limit 0.10
3188,2026-06-08 00:12:18,2026-06-08 00:13:18,60,vib_z_rms,XGBoost,0.063837,0.0609459578990936,-0.0028910421009063,NORMAL,NORMAL,NONE,MODERATE,
3196,2026-06-08 00:12:19,2026-06-08 00:13:19,60,mag_x,Ridge,407.274,232.14022293241405,-175.13377706758595,LOW_CONFIDENCE,INFO,MODEL_RELIABILITY_WARNING,LOW,Magnetic forecasting model has low predictive reliability based on walk-forward evaluation.
3197,2026-06-08 00:12:19,2026-06-08 00:13:19,60,mag_y,Ridge,448.616,227.97346704324735,-220.6425329567526,LOW_CONFIDENCE,INFO,MODEL_RELIABILITY_WARNING,LOW,Magnetic forecasting model has low predictive reliability based on walk-forward evaluation.
3198,2026-06-08 00:12:19,2026-06-08 00:13:19,60,mag_z,Ridge,81.144,229.57597003753196,148.43197003753193,LOW_CONFIDENCE,INFO,MODEL_RELIABILITY_WARNING,LOW,Magnetic forecasting model has low predictive reliability based on walk-forward evaluation.
3199,2026-06-08 00:12:19,2026-06-08 00:13:19,60,temperature,Persistence,45.5,45.5,0.0,NORMAL,NORMAL,NONE,HIGH,
3193,2026-06-08 00:12:19,2026-06-08 00:13:19,60,vib_x_rms,XGBoost,0.107247,0.1077808514237403,0.0005338514237403,WARNING,MEDIUM,ELEVATED_VIBRATION,MODERATE,Predicted vibration 0.107781 exceeds warning limit 0.10
3194,2026-06-08 00:12:19,2026-06-08 00:13:19,60,vib_y_rms,XGBoost,0.123264,0.1360407918691635,0.0127767918691635,WARNING,MEDIUM,ELEVATED_VIBRATION,MODERATE,Predicted vibration 0.136041 exceeds warning limit 0.10
3195,2026-06-08 00:12:19,2026-06-08 00:13:19,60,vib_z_rms,XGBoost,0.066659,0.0605532750487327,-0.0061057249512672,NORMAL,NORMAL,NONE,MODERATE,
3203,2026-06-08 00:12:21,2026-06-08 00:13:21,60,mag_x,Ridge,394.17,224.2863074972724,-169.88369250272763,LOW_CONFIDENCE,INFO,MODEL_RELIABILITY_WARNING,LOW,Magnetic forecasting model has low predictive reliability based on walk-forward evaluation.
3204,2026-06-08 00:12:21,2026-06-08 00:13:21,60,mag_y,Ridge,151.718,232.81513147520977,81.09713147520978,LOW_CONFIDENCE,INFO,MODEL_RELIABILITY_WARNING,LOW,Magnetic forecasting model has low predictive reliability based on walk-forward evaluation.
3205,2026-06-08 00:12:21,2026-06-08 00:13:21,60,mag_z,Ridge,250.376,239.23301664185607,-11.142983358143937,LOW_CONFIDENCE,INFO,MODEL_RELIABILITY_WARNING,LOW,Magnetic forecasting model has low predictive reliability based on walk-forward evaluation.
3206,2026-06-08 00:12:21,2026-06-08 00:13:21,60,temperature,Persistence,45.5,45.5,0.0,NORMAL,NORMAL,NONE,HIGH,
3200,2026-06-08 00:12:21,2026-06-08 00:13:21,60,vib_x_rms,XGBoost,0.09025,0.1064813360571861,0.0162313360571861,WARNING,MEDIUM,ELEVATED_VIBRATION,MODERATE,Predicted vibration 0.106481 exceeds warning limit 0.10
3201,2026-06-08 00:12:21,2026-06-08 00:13:21,60,vib_y_rms,XGBoost,0.124554,0.1377979218959808,0.0132439218959808,WARNING,MEDIUM,ELEVATED_VIBRATION,MODERATE,Predicted vibration 0.137798 exceeds warning limit 0.10
3202,2026-06-08 00:12:21,2026-06-08 00:13:21,60,vib_z_rms,XGBoost,0.058482,0.0605975687503814,0.0021155687503814,NORMAL,NORMAL,NONE,MODERATE,
3210,2026-06-08 00:12:22,2026-06-08 00:13:22,60,mag_x,Ridge,444.22,224.9341186102977,-219.28588138970235,LOW_CONFIDENCE,INFO,MODEL_RELIABILITY_WARNING,LOW,Magnetic forecasting model has low predictive reliability based on walk-forward evaluation.
3211,2026-06-08 00:12:22,2026-06-08 00:13:22,60,mag_y,Ridge,176.26,230.08945491615404,53.82945491615405,LOW_CONFIDENCE,INFO,MODEL_RELIABILITY_WARNING,LOW,Magnetic forecasting model has low predictive reliability based on walk-forward evaluation.
3212,2026-06-08 00:12:22,2026-06-08 00:13:22,60,mag_z,Ridge,440.034,236.68983953802496,-203.34416046197504,LOW_CONFIDENCE,INFO,MODEL_RELIABILITY_WARNING,LOW,Magnetic forecasting model has low predictive reliability based on walk-forward evaluation.
3213,2026-06-08 00:12:22,2026-06-08 00:13:22,60,temperature,Persistence,45.5,45.5,0.0,NORMAL,NORMAL,NONE,HIGH,
3207,2026-06-08 00:12:22,2026-06-08 00:13:22,60,vib_x_rms,XGBoost,0.11048,0.1073790192604065,-0.0031009807395935,WARNING,MEDIUM,ELEVATED_VIBRATION,MODERATE,Predicted vibration 0.107379 exceeds warning limit 0.10
3208,2026-06-08 00:12:22,2026-06-08 00:13:22,60,vib_y_rms,XGBoost,0.129169,0.1390471458435058,0.0098781458435058,WARNING,MEDIUM,ELEVATED_VIBRATION,MODERATE,Predicted vibration 0.139047 exceeds warning limit 0.10
3209,2026-06-08 00:12:22,2026-06-08 00:13:22,60,vib_z_rms,XGBoost,0.062091,0.0610900856554508,-0.0010009143445491,NORMAL,NORMAL,NONE,MODERATE,
3217,2026-06-08 00:12:24,2026-06-08 00:13:24,60,mag_x,Ridge,302.61,232.52412161930923,-70.08587838069079,LOW_CONFIDENCE,INFO,MODEL_RELIABILITY_WARNING,LOW,Magnetic forecasting model has low predictive reliability based on walk-forward evaluation.
3218,2026-06-08 00:12:24,2026-06-08 00:13:24,60,mag_y,Ridge,200.326,226.2309058365164,25.904905836516377,LOW_CONFIDENCE,INFO,MODEL_RELIABILITY_WARNING,LOW,Magnetic forecasting model has low predictive reliability based on walk-forward evaluation.
3219,2026-06-08 00:12:24,2026-06-08 00:13:24,60,mag_z,Ridge,288.75,228.36857406904105,-60.38142593095898,LOW_CONFIDENCE,INFO,MODEL_RELIABILITY_WARNING,LOW,Magnetic forecasting model has low predictive reliability based on walk-forward evaluation.
3220,2026-06-08 00:12:24,2026-06-08 00:13:24,60,temperature,Persistence,45.5,45.5,0.0,NORMAL,NORMAL,NONE,HIGH,
3214,2026-06-08 00:12:24,2026-06-08 00:13:24,60,vib_x_rms,XGBoost,0.110975,0.1078155785799026,-0.0031594214200973,WARNING,MEDIUM,ELEVATED_VIBRATION,MODERATE,Predicted vibration 0.107816 exceeds warning limit 0.10
3215,2026-06-08 00:12:24,2026-06-08 00:13:24,60,vib_y_rms,XGBoost,0.148626,0.1366079896688461,-0.0120180103311538,WARNING,MEDIUM,ELEVATED_VIBRATION,MODERATE,Predicted vibration 0.136608 exceeds warning limit 0.10
3216,2026-06-08 00:12:24,2026-06-08 00:13:24,60,vib_z_rms,XGBoost,0.063743,0.0608345530927181,-0.0029084469072818,NORMAL,NORMAL,NONE,MODERATE,
3224,2026-06-08 00:12:25,2026-06-08 00:13:25,60,mag_x,Ridge,267.232,234.76890353374415,-32.46309646625585,LOW_CONFIDENCE,INFO,MODEL_RELIABILITY_WARNING,LOW,Magnetic forecasting model has low predictive reliability based on walk-forward evaluation.
3225,2026-06-08 00:12:25,2026-06-08 00:13:25,60,mag_y,Ridge,81.522,220.0356961203989,138.5136961203989,LOW_CONFIDENCE,INFO,MODEL_RELIABILITY_WARNING,LOW,Magnetic forecasting model has low predictive reliability based on walk-forward evaluation.
3226,2026-06-08 00:12:25,2026-06-08 00:13:25,60,mag_z,Ridge,360.556,231.3981136868959,-129.1578863131041,LOW_CONFIDENCE,INFO,MODEL_RELIABILITY_WARNING,LOW,Magnetic forecasting model has low predictive reliability based on walk-forward evaluation.
3227,2026-06-08 00:12:25,2026-06-08 00:13:25,60,temperature,Persistence,45.5,45.5,0.0,NORMAL,NORMAL,NONE,HIGH,
3221,2026-06-08 00:12:25,2026-06-08 00:13:25,60,vib_x_rms,XGBoost,0.125912,0.1077891513705253,-0.0181228486294746,WARNING,MEDIUM,ELEVATED_VIBRATION,MODERATE,Predicted vibration 0.107789 exceeds warning limit 0.10
3222,2026-06-08 00:12:25,2026-06-08 00:13:25,60,vib_y_rms,XGBoost,0.134001,0.1380296945571899,0.0040286945571899,WARNING,MEDIUM,ELEVATED_VIBRATION,MODERATE,Predicted vibration 0.138030 exceeds warning limit 0.10
3223,2026-06-08 00:12:25,2026-06-08 00:13:25,60,vib_z_rms,XGBoost,0.054628,0.0620954446494579,0.0074674446494579,NORMAL,NORMAL,NONE,MODERATE,
3231,2026-06-08 00:12:27,2026-06-08 00:13:27,60,mag_x,Ridge,434.672,231.3025773591451,-203.3694226408549,LOW_CONFIDENCE,INFO,MODEL_RELIABILITY_WARNING,LOW,Magnetic forecasting model has low predictive reliability based on walk-forward evaluation.
3232,2026-06-08 00:12:27,2026-06-08 00:13:27,60,mag_y,Ridge,36.372,220.2219270484812,183.8499270484812,LOW_CONFIDENCE,INFO,MODEL_RELIABILITY_WARNING,LOW,Magnetic forecasting model has low predictive reliability based on walk-forward evaluation.
3233,2026-06-08 00:12:27,2026-06-08 00:13:27,60,mag_z,Ridge,111.048,228.75257368364905,117.70457368364902,LOW_CONFIDENCE,INFO,MODEL_RELIABILITY_WARNING,LOW,Magnetic forecasting model has low predictive reliability based on walk-forward evaluation.
3234,2026-06-08 00:12:27,2026-06-08 00:13:27,60,temperature,Persistence,45.5,45.5,0.0,NORMAL,NORMAL,NONE,HIGH,
3228,2026-06-08 00:12:27,2026-06-08 00:13:27,60,vib_x_rms,XGBoost,0.105505,0.1054638773202896,-4.112267971038974e-05,WARNING,MEDIUM,ELEVATED_VIBRATION,MODERATE,Predicted vibration 0.105464 exceeds warning limit 0.10
3229,2026-06-08 00:12:27,2026-06-08 00:13:27,60,vib_y_rms,XGBoost,0.137686,0.1363079249858856,-0.0013780750141143,WARNING,MEDIUM,ELEVATED_VIBRATION,MODERATE,Predicted vibration 0.136308 exceeds warning limit 0.10
3230,2026-06-08 00:12:27,2026-06-08 00:13:27,60,vib_z_rms,XGBoost,0.060116,0.0615771189332008,0.0014611189332008,NORMAL,NORMAL,NONE,MODERATE,
3238,2026-06-08 00:12:28,2026-06-08 00:13:28,60,mag_x,Ridge,401.478,230.8402973937257,-170.6377026062743,LOW_CONFIDENCE,INFO,MODEL_RELIABILITY_WARNING,LOW,Magnetic forecasting model has low predictive reliability based on walk-forward evaluation.
3239,2026-06-08 00:12:28,2026-06-08 00:13:28,60,mag_y,Ridge,215.138,227.08413376511484,11.946133765114835,LOW_CONFIDENCE,INFO,MODEL_RELIABILITY_WARNING,LOW,Magnetic forecasting model has low predictive reliability based on walk-forward evaluation.
3240,2026-06-08 00:12:28,2026-06-08 00:13:28,60,mag_z,Ridge,324.492,233.58570555205807,-90.90629444794196,LOW_CONFIDENCE,INFO,MODEL_RELIABILITY_WARNING,LOW,Magnetic forecasting model has low predictive reliability based on walk-forward evaluation.
3241,2026-06-08 00:12:28,2026-06-08 00:13:28,60,temperature,Persistence,45.5,45.5,0.0,NORMAL,NORMAL,NONE,HIGH,
3235,2026-06-08 00:12:28,2026-06-08 00:13:28,60,vib_x_rms,XGBoost,0.117362,0.1063921377062797,-0.0109698622937202,WARNING,MEDIUM,ELEVATED_VIBRATION,MODERATE,Predicted vibration 0.106392 exceeds warning limit 0.10
3236,2026-06-08 00:12:28,2026-06-08 00:13:28,60,vib_y_rms,XGBoost,0.124629,0.1378195136785507,0.0131905136785507,WARNING,MEDIUM,ELEVATED_VIBRATION,MODERATE,Predicted vibration 0.137820 exceeds warning limit 0.10
3237,2026-06-08 00:12:28,2026-06-08 00:13:28,60,vib_z_rms,XGBoost,0.068814,0.0615160800516605,-0.0072979199483394,NORMAL,NORMAL,NONE,MODERATE,
3245,2026-06-08 00:12:29,2026-06-08 00:13:29,60,mag_x,Ridge,161.014,233.5191834417126,72.5051834417126,LOW_CONFIDENCE,INFO,MODEL_RELIABILITY_WARNING,LOW,Magnetic forecasting model has low predictive reliability based on walk-forward evaluation.
3246,2026-06-08 00:12:29,2026-06-08 00:13:29,60,mag_y,Ridge,31.444,228.404819820411,196.96081982041105,LOW_CONFIDENCE,INFO,MODEL_RELIABILITY_WARNING,LOW,Magnetic forecasting model has low predictive reliability based on walk-forward evaluation.
3247,2026-06-08 00:12:29,2026-06-08 00:13:29,60,mag_z,Ridge,304.206,229.0868878507386,-75.11911214926141,LOW_CONFIDENCE,INFO,MODEL_RELIABILITY_WARNING,LOW,Magnetic forecasting model has low predictive reliability based on walk-forward evaluation.
3248,2026-06-08 00:12:29,2026-06-08 00:13:29,60,temperature,Persistence,45.5,45.5,0.0,NORMAL,NORMAL,NONE,HIGH,
3242,2026-06-08 00:12:29,2026-06-08 00:13:29,60,vib_x_rms,XGBoost,0.11421,0.107236199080944,-0.0069738009190559,WARNING,MEDIUM,ELEVATED_VIBRATION,MODERATE,Predicted vibration 0.107236 exceeds warning limit 0.10
3243,2026-06-08 00:12:29,2026-06-08 00:13:29,60,vib_y_rms,XGBoost,0.134297,0.1369447559118271,0.002647755911827,WARNING,MEDIUM,ELEVATED_VIBRATION,MODERATE,Predicted vibration 0.136945 exceeds warning limit 0.10
3244,2026-06-08 00:12:29,2026-06-08 00:13:29,60,vib_z_rms,XGBoost,0.068571,0.0612456984817981,-0.0073253015182018,NORMAL,NORMAL,NONE,MODERATE,
3252,2026-06-08 00:12:31,2026-06-08 00:13:31,60,mag_x,Ridge,347.396,224.253858167838,-123.14214183216204,LOW_CONFIDENCE,INFO,MODEL_RELIABILITY_WARNING,LOW,Magnetic forecasting model has low predictive reliability based on walk-forward evaluation.
3253,2026-06-08 00:12:31,2026-06-08 00:13:31,60,mag_y,Ridge,234.402,233.9884661037609,-0.4135338962390449,LOW_CONFIDENCE,INFO,MODEL_RELIABILITY_WARNING,LOW,Magnetic forecasting model has low predictive reliability based on walk-forward evaluation.
3254,2026-06-08 00:12:31,2026-06-08 00:13:31,60,mag_z,Ridge,403.312,229.9117100027921,-173.40028999720795,LOW_CONFIDENCE,INFO,MODEL_RELIABILITY_WARNING,LOW,Magnetic forecasting model has low predictive reliability based on walk-forward evaluation.
3255,2026-06-08 00:12:31,2026-06-08 00:13:31,60,temperature,Persistence,45.5,45.5,0.0,NORMAL,NORMAL,NONE,HIGH,
3249,2026-06-08 00:12:31,2026-06-08 00:13:31,60,vib_x_rms,XGBoost,0.103384,0.1069303229451179,0.0035463229451179,WARNING,MEDIUM,ELEVATED_VIBRATION,MODERATE,Predicted vibration 0.106930 exceeds warning limit 0.10
3250,2026-06-08 00:12:31,2026-06-08 00:13:31,60,vib_y_rms,XGBoost,0.136706,0.1365295797586441,-0.0001764202413558,WARNING,MEDIUM,ELEVATED_VIBRATION,MODERATE,Predicted vibration 0.136530 exceeds warning limit 0.10
3251,2026-06-08 00:12:31,2026-06-08 00:13:31,60,vib_z_rms,XGBoost,0.062748,0.061497151851654,-0.0012508481483459,NORMAL,NORMAL,NONE,MODERATE,
3259,2026-06-08 00:12:32,2026-06-08 00:13:32,60,mag_x,Ridge,298.9,231.93163501902,-66.96836498098,LOW_CONFIDENCE,INFO,MODEL_RELIABILITY_WARNING,LOW,Magnetic forecasting model has low predictive reliability based on walk-forward evaluation.
3260,2026-06-08 00:12:32,2026-06-08 00:13:32,60,mag_y,Ridge,74.214,235.3264156134547,161.11241561345471,LOW_CONFIDENCE,INFO,MODEL_RELIABILITY_WARNING,LOW,Magnetic forecasting model has low predictive reliability based on walk-forward evaluation.
3261,2026-06-08 00:12:32,2026-06-08 00:13:32,60,mag_z,Ridge,325.304,232.59614919488973,-92.70785080511024,LOW_CONFIDENCE,INFO,MODEL_RELIABILITY_WARNING,LOW,Magnetic forecasting model has low predictive reliability based on walk-forward evaluation.
3262,2026-06-08 00:12:32,2026-06-08 00:13:32,60,temperature,Persistence,45.5,45.5,0.0,NORMAL,NORMAL,NONE,HIGH,
3256,2026-06-08 00:12:32,2026-06-08 00:13:32,60,vib_x_rms,XGBoost,0.123273,0.1060286685824394,-0.0172443314175605,WARNING,MEDIUM,ELEVATED_VIBRATION,MODERATE,Predicted vibration 0.106029 exceeds warning limit 0.10
3257,2026-06-08 00:12:32,2026-06-08 00:13:32,60,vib_y_rms,XGBoost,0.134145,0.1386677175760269,0.0045227175760269,WARNING,MEDIUM,ELEVATED_VIBRATION,MODERATE,Predicted vibration 0.138668 exceeds warning limit 0.10
3258,2026-06-08 00:12:32,2026-06-08 00:13:32,60,vib_z_rms,XGBoost,0.070966,0.0617772042751312,-0.0091887957248687,NORMAL,NORMAL,NONE,MODERATE,
3266,2026-06-08 00:12:34,2026-06-08 00:13:34,60,mag_x,Ridge,86.24001,230.8212499265126,144.58123992651258,LOW_CONFIDENCE,INFO,MODEL_RELIABILITY_WARNING,LOW,Magnetic forecasting model has low predictive reliability based on walk-forward evaluation.
3267,2026-06-08 00:12:34,2026-06-08 00:13:34,60,mag_y,Ridge,335.328,227.66364172590883,-107.66435827409114,LOW_CONFIDENCE,INFO,MODEL_RELIABILITY_WARNING,LOW,Magnetic forecasting model has low predictive reliability based on walk-forward evaluation.
3268,2026-06-08 00:12:34,2026-06-08 00:13:34,60,mag_z,Ridge,383.474,223.23956070654464,-160.23443929345535,LOW_CONFIDENCE,INFO,MODEL_RELIABILITY_WARNING,LOW,Magnetic forecasting model has low predictive reliability based on walk-forward evaluation.
3269,2026-06-08 00:12:34,2026-06-08 00:13:34,60,temperature,Persistence,45.5,45.5,0.0,NORMAL,NORMAL,NONE,HIGH,
3263,2026-06-08 00:12:34,2026-06-08 00:13:34,60,vib_x_rms,XGBoost,0.111773,0.1051495149731636,-0.0066234850268363,WARNING,MEDIUM,ELEVATED_VIBRATION,MODERATE,Predicted vibration 0.105150 exceeds warning limit 0.10
3264,2026-06-08 00:12:34,2026-06-08 00:13:34,60,vib_y_rms,XGBoost,0.145646,0.1395967006683349,-0.006049299331665,WARNING,MEDIUM,ELEVATED_VIBRATION,MODERATE,Predicted vibration 0.139597 exceeds warning limit 0.10
3265,2026-06-08 00:12:34,2026-06-08 00:13:34,60,vib_z_rms,XGBoost,0.06328,0.0617193505167961,-0.0015606494832038,NORMAL,NORMAL,NONE,MODERATE,
3273,2026-06-08 00:12:35,2026-06-08 00:13:35,60,mag_x,Ridge,380.072,230.85696274546012,-149.21503725453985,LOW_CONFIDENCE,INFO,MODEL_RELIABILITY_WARNING,LOW,Magnetic forecasting model has low predictive reliability based on walk-forward evaluation.
3274,2026-06-08 00:12:35,2026-06-08 00:13:35,60,mag_y,Ridge,112.714,229.48837490202604,116.77437490202604,LOW_CONFIDENCE,INFO,MODEL_RELIABILITY_WARNING,LOW,Magnetic forecasting model has low predictive reliability based on walk-forward evaluation.
3275,2026-06-08 00:12:35,2026-06-08 00:13:35,60,mag_z,Ridge,377.468,233.26422792988325,-144.20377207011677,LOW_CONFIDENCE,INFO,MODEL_RELIABILITY_WARNING,LOW,Magnetic forecasting model has low predictive reliability based on walk-forward evaluation.
3276,2026-06-08 00:12:35,2026-06-08 00:13:35,60,temperature,Persistence,45.5,45.5,0.0,NORMAL,NORMAL,NONE,HIGH,
3270,2026-06-08 00:12:35,2026-06-08 00:13:35,60,vib_x_rms,XGBoost,0.104076,0.1067703366279602,0.0026943366279602,WARNING,MEDIUM,ELEVATED_VIBRATION,MODERATE,Predicted vibration 0.106770 exceeds warning limit 0.10
3271,2026-06-08 00:12:35,2026-06-08 00:13:35,60,vib_y_rms,XGBoost,0.132456,0.1354362219572067,0.0029802219572067,WARNING,MEDIUM,ELEVATED_VIBRATION,MODERATE,Predicted vibration 0.135436 exceeds warning limit 0.10
3272,2026-06-08 00:12:35,2026-06-08 00:13:35,60,vib_z_rms,XGBoost,0.055662,0.0615459680557251,0.005883968055725,NORMAL,NORMAL,NONE,MODERATE,
3280,2026-06-08 00:12:37,2026-06-08 00:13:37,60,mag_x,Ridge,379.666,227.376664257645,-152.289335742355,LOW_CONFIDENCE,INFO,MODEL_RELIABILITY_WARNING,LOW,Magnetic forecasting model has low predictive reliability based on walk-forward evaluation.
3281,2026-06-08 00:12:37,2026-06-08 00:13:37,60,mag_y,Ridge,159.754,234.632597626554,74.87859762655398,LOW_CONFIDENCE,INFO,MODEL_RELIABILITY_WARNING,LOW,Magnetic forecasting model has low predictive reliability based on walk-forward evaluation.
3282,2026-06-08 00:12:37,2026-06-08 00:13:37,60,mag_z,Ridge,141.932,230.42169233081185,88.48969233081183,LOW_CONFIDENCE,INFO,MODEL_RELIABILITY_WARNING,LOW,Magnetic forecasting model has low predictive reliability based on walk-forward evaluation.
3283,2026-06-08 00:12:37,2026-06-08 00:13:37,60,temperature,Persistence,45.5,45.5,0.0,NORMAL,NORMAL,NONE,HIGH,
3277,2026-06-08 00:12:37,2026-06-08 00:13:37,60,vib_x_rms,XGBoost,0.104991,0.1053136736154556,0.0003226736154556,WARNING,MEDIUM,ELEVATED_VIBRATION,MODERATE,Predicted vibration 0.105314 exceeds warning limit 0.10
3278,2026-06-08 00:12:37,2026-06-08 00:13:37,60,vib_y_rms,XGBoost,0.137819,0.1383382827043533,0.0005192827043533,WARNING,MEDIUM,ELEVATED_VIBRATION,MODERATE,Predicted vibration 0.138338 exceeds warning limit 0.10
3279,2026-06-08 00:12:37,2026-06-08 00:13:37,60,vib_z_rms,XGBoost,0.0634,0.0612125918269157,-0.0021874081730842,NORMAL,NORMAL,NONE,MODERATE,
3287,2026-06-08 00:12:38,2026-06-08 00:13:38,60,mag_x,Ridge,344.498,229.04697207447887,-115.45102792552112,LOW_CONFIDENCE,INFO,MODEL_RELIABILITY_WARNING,LOW,Magnetic forecasting model has low predictive reliability based on walk-forward evaluation.
3288,2026-06-08 00:12:38,2026-06-08 00:13:38,60,mag_y,Ridge,241.752,235.50756260874195,-6.24443739125806,LOW_CONFIDENCE,INFO,MODEL_RELIABILITY_WARNING,LOW,Magnetic forecasting model has low predictive reliability based on walk-forward evaluation.
3289,2026-06-08 00:12:38,2026-06-08 00:13:38,60,mag_z,Ridge,210.784,228.30702424613725,17.523024246137254,LOW_CONFIDENCE,INFO,MODEL_RELIABILITY_WARNING,LOW,Magnetic forecasting model has low predictive reliability based on walk-forward evaluation.
3290,2026-06-08 00:12:38,2026-06-08 00:13:38,60,temperature,Persistence,45.55,45.55,0.0,NORMAL,NORMAL,NONE,HIGH,
3284,2026-06-08 00:12:38,2026-06-08 00:13:38,60,vib_x_rms,XGBoost,0.108081,0.1056575700640678,-0.0024234299359321,WARNING,MEDIUM,ELEVATED_VIBRATION,MODERATE,Predicted vibration 0.105658 exceeds warning limit 0.10
3285,2026-06-08 00:12:38,2026-06-08 00:13:38,60,vib_y_rms,XGBoost,0.127139,0.1367770731449127,0.0096380731449127,WARNING,MEDIUM,ELEVATED_VIBRATION,MODERATE,Predicted vibration 0.136777 exceeds warning limit 0.10
3286,2026-06-08 00:12:38,2026-06-08 00:13:38,60,vib_z_rms,XGBoost,0.068066,0.0628772005438804,-0.0051887994561195,NORMAL,NORMAL,NONE,MODERATE,
3294,2026-06-08 00:12:39,2026-06-08 00:13:39,60,mag_x,Ridge,248.542,224.1909810102518,-24.35101898974821,LOW_CONFIDENCE,INFO,MODEL_RELIABILITY_WARNING,LOW,Magnetic forecasting model has low predictive reliability based on walk-forward evaluation.
3295,2026-06-08 00:12:39,2026-06-08 00:13:39,60,mag_y,Ridge,384.09,237.60145624816727,-146.4885437518327,LOW_CONFIDENCE,INFO,MODEL_RELIABILITY_WARNING,LOW,Magnetic forecasting model has low predictive reliability based on walk-forward evaluation.
3296,2026-06-08 00:12:39,2026-06-08 00:13:39,60,mag_z,Ridge,92.12,228.42749948351852,136.30749948351854,LOW_CONFIDENCE,INFO,MODEL_RELIABILITY_WARNING,LOW,Magnetic forecasting model has low predictive reliability based on walk-forward evaluation.
3297,2026-06-08 00:12:39,2026-06-08 00:13:39,60,temperature,Persistence,45.54,45.54,0.0,NORMAL,NORMAL,NONE,HIGH,
3291,2026-06-08 00:12:39,2026-06-08 00:13:39,60,vib_x_rms,XGBoost,0.109778,0.1027406379580497,-0.0070373620419502,WARNING,MEDIUM,ELEVATED_VIBRATION,MODERATE,Predicted vibration 0.102741 exceeds warning limit 0.10
3292,2026-06-08 00:12:39,2026-06-08 00:13:39,60,vib_y_rms,XGBoost,0.16113,0.1313028633594513,-0.0298271366405487,WARNING,MEDIUM,ELEVATED_VIBRATION,MODERATE,Predicted vibration 0.131303 exceeds warning limit 0.10
3293,2026-06-08 00:12:39,2026-06-08 00:13:39,60,vib_z_rms,XGBoost,0.066919,0.059673186391592,-0.0072458136084079,NORMAL,NORMAL,NONE,MODERATE,
3301,2026-06-08 00:12:41,2026-06-08 00:13:41,60,mag_x,Ridge,63.966,223.3595175130228,159.3935175130228,LOW_CONFIDENCE,INFO,MODEL_RELIABILITY_WARNING,LOW,Magnetic forecasting model has low predictive reliability based on walk-forward evaluation.
3302,2026-06-08 00:12:41,2026-06-08 00:13:41,60,mag_y,Ridge,281.442,235.9961254581016,-45.445874541898434,LOW_CONFIDENCE,INFO,MODEL_RELIABILITY_WARNING,LOW,Magnetic forecasting model has low predictive reliability based on walk-forward evaluation.
3303,2026-06-08 00:12:41,2026-06-08 00:13:41,60,mag_z,Ridge,56.154,223.1747676735402,167.0207676735402,LOW_CONFIDENCE,INFO,MODEL_RELIABILITY_WARNING,LOW,Magnetic forecasting model has low predictive reliability based on walk-forward evaluation.
3304,2026-06-08 00:12:41,2026-06-08 00:13:41,60,temperature,Persistence,45.532,45.532,0.0,NORMAL,NORMAL,NONE,HIGH,
3298,2026-06-08 00:12:41,2026-06-08 00:13:41,60,vib_x_rms,XGBoost,0.108278,0.1028034538030624,-0.0054745461969375,WARNING,MEDIUM,ELEVATED_VIBRATION,MODERATE,Predicted vibration 0.102803 exceeds warning limit 0.10
3299,2026-06-08 00:12:41,2026-06-08 00:13:41,60,vib_y_rms,XGBoost,0.13554,0.1307739019393921,-0.0047660980606079,WARNING,MEDIUM,ELEVATED_VIBRATION,MODERATE,Predicted vibration 0.130774 exceeds warning limit 0.10
3300,2026-06-08 00:12:41,2026-06-08 00:13:41,60,vib_z_rms,XGBoost,0.064804,0.0601653382182121,-0.0046386617817878,NORMAL,NORMAL,NONE,MODERATE,
3308,2026-06-08 00:12:42,2026-06-08 00:13:42,60,mag_x,Ridge,247.478,224.29273559224836,-23.185264407751674,LOW_CONFIDENCE,INFO,MODEL_RELIABILITY_WARNING,LOW,Magnetic forecasting model has low predictive reliability based on walk-forward evaluation.
3309,2026-06-08 00:12:42,2026-06-08 00:13:42,60,mag_y,Ridge,151.634,233.87294200133297,82.23894200133299,LOW_CONFIDENCE,INFO,MODEL_RELIABILITY_WARNING,LOW,Magnetic forecasting model has low predictive reliability based on walk-forward evaluation.
3310,2026-06-08 00:12:42,2026-06-08 00:13:42,60,mag_z,Ridge,203.252,225.63713586913,22.385135869129986,LOW_CONFIDENCE,INFO,MODEL_RELIABILITY_WARNING,LOW,Magnetic forecasting model has low predictive reliability based on walk-forward evaluation.
3311,2026-06-08 00:12:42,2026-06-08 00:13:42,60,temperature,Persistence,45.5256,45.5256,0.0,NORMAL,NORMAL,NONE,HIGH,
3305,2026-06-08 00:12:42,2026-06-08 00:13:42,60,vib_x_rms,XGBoost,0.114374,0.1042053550481796,-0.0101686449518203,WARNING,MEDIUM,ELEVATED_VIBRATION,MODERATE,Predicted vibration 0.104205 exceeds warning limit 0.10
3306,2026-06-08 00:12:42,2026-06-08 00:13:42,60,vib_y_rms,XGBoost,0.150036,0.1309346705675125,-0.0191013294324874,WARNING,MEDIUM,ELEVATED_VIBRATION,MODERATE,Predicted vibration 0.130935 exceeds warning limit 0.10
3307,2026-06-08 00:12:42,2026-06-08 00:13:42,60,vib_z_rms,XGBoost,0.056588,0.0599832348525524,0.0033952348525524,NORMAL,NORMAL,NONE,MODERATE,
3315,2026-06-08 00:12:44,2026-06-08 00:13:44,60,mag_x,Ridge,413.532,226.55709261506087,-186.97490738493903,LOW_CONFIDENCE,INFO,MODEL_RELIABILITY_WARNING,LOW,Magnetic forecasting model has low predictive reliability based on walk-forward evaluation.
3316,2026-06-08 00:12:44,2026-06-08 00:13:44,60,mag_y,Ridge,255.668,227.94448292515568,-27.723517074844324,LOW_CONFIDENCE,INFO,MODEL_RELIABILITY_WARNING,LOW,Magnetic forecasting model has low predictive reliability based on walk-forward evaluation.
3317,2026-06-08 00:12:44,2026-06-08 00:13:44,60,mag_z,Ridge,75.418,227.7437596305472,152.32575963054717,LOW_CONFIDENCE,INFO,MODEL_RELIABILITY_WARNING,LOW,Magnetic forecasting model has low predictive reliability based on walk-forward evaluation.
3318,2026-06-08 00:12:44,2026-06-08 00:13:44,60,temperature,Persistence,45.52048,45.52048,0.0,NORMAL,NORMAL,NONE,HIGH,
3312,2026-06-08 00:12:44,2026-06-08 00:13:44,60,vib_x_rms,XGBoost,0.08983,0.1048691794276237,0.0150391794276237,WARNING,MEDIUM,ELEVATED_VIBRATION,MODERATE,Predicted vibration 0.104869 exceeds warning limit 0.10
3313,2026-06-08 00:12:44,2026-06-08 00:13:44,60,vib_y_rms,XGBoost,0.151233,0.1307399570941925,-0.0204930429058075,WARNING,MEDIUM,ELEVATED_VIBRATION,MODERATE,Predicted vibration 0.130740 exceeds warning limit 0.10
3314,2026-06-08 00:12:44,2026-06-08 00:13:44,60,vib_z_rms,XGBoost,0.057875,0.0594917200505733,0.0016167200505733,NORMAL,NORMAL,NONE,MODERATE,
3322,2026-06-08 00:12:45,2026-06-08 00:13:45,60,mag_x,Ridge,376.586,232.00831579114856,-144.57768420885145,LOW_CONFIDENCE,INFO,MODEL_RELIABILITY_WARNING,LOW,Magnetic forecasting model has low predictive reliability based on walk-forward evaluation.
3323,2026-06-08 00:12:45,2026-06-08 00:13:45,60,mag_y,Ridge,277.158,227.5596113821749,-49.59838861782509,LOW_CONFIDENCE,INFO,MODEL_RELIABILITY_WARNING,LOW,Magnetic forecasting model has low predictive reliability based on walk-forward evaluation.
3324,2026-06-08 00:12:45,2026-06-08 00:13:45,60,mag_z,Ridge,257.81,230.2601331281009,-27.5498668718991,LOW_CONFIDENCE,INFO,MODEL_RELIABILITY_WARNING,LOW,Magnetic forecasting model has low predictive reliability based on walk-forward evaluation.
3325,2026-06-08 00:12:45,2026-06-08 00:13:45,60,temperature,Persistence,45.516384,45.516384,0.0,NORMAL,NORMAL,NONE,HIGH,
3319,2026-06-08 00:12:45,2026-06-08 00:13:45,60,vib_x_rms,XGBoost,0.079503,0.1041021719574928,0.0245991719574928,WARNING,MEDIUM,ELEVATED_VIBRATION,MODERATE,Predicted vibration 0.104102 exceeds warning limit 0.10
3320,2026-06-08 00:12:45,2026-06-08 00:13:45,60,vib_y_rms,XGBoost,0.147545,0.1298579424619674,-0.0176870575380325,WARNING,MEDIUM,ELEVATED_VIBRATION,MODERATE,Predicted vibration 0.129858 exceeds warning limit 0.10
3321,2026-06-08 00:12:45,2026-06-08 00:13:45,60,vib_z_rms,XGBoost,0.050903,0.0601522661745548,0.0092492661745548,NORMAL,NORMAL,NONE,MODERATE,
3329,2026-06-08 00:12:47,2026-06-08 00:13:47,60,mag_x,Ridge,364.112,228.23324336861413,-135.8787566313859,LOW_CONFIDENCE,INFO,MODEL_RELIABILITY_WARNING,LOW,Magnetic forecasting model has low predictive reliability based on walk-forward evaluation.
3330,2026-06-08 00:12:47,2026-06-08 00:13:47,60,mag_y,Ridge,140.91,225.0402133828072,84.13021338280717,LOW_CONFIDENCE,INFO,MODEL_RELIABILITY_WARNING,LOW,Magnetic forecasting model has low predictive reliability based on walk-forward evaluation.
3331,2026-06-08 00:12:47,2026-06-08 00:13:47,60,mag_z,Ridge,189.056,229.21879088326588,40.16279088326587,LOW_CONFIDENCE,INFO,MODEL_RELIABILITY_WARNING,LOW,Magnetic forecasting model has low predictive reliability based on walk-forward evaluation.
3332,2026-06-08 00:12:47,2026-06-08 00:13:47,60,temperature,Persistence,45.5131072,45.5131072,0.0,NORMAL,NORMAL,NONE,HIGH,
3326,2026-06-08 00:12:47,2026-06-08 00:13:47,60,vib_x_rms,XGBoost,0.115635,0.1035132184624672,-0.0121217815375328,WARNING,MEDIUM,ELEVATED_VIBRATION,MODERATE,Predicted vibration 0.103513 exceeds warning limit 0.10
3327,2026-06-08 00:12:47,2026-06-08 00:13:47,60,vib_y_rms,XGBoost,0.134947,0.1302820444107055,-0.0046649555892944,WARNING,MEDIUM,ELEVATED_VIBRATION,MODERATE,Predicted vibration 0.130282 exceeds warning limit 0.10
3328,2026-06-08 00:12:47,2026-06-08 00:13:47,60,vib_z_rms,XGBoost,0.065368,0.0602119117975235,-0.0051560882024764,NORMAL,NORMAL,NONE,MODERATE,
3336,2026-06-08 00:12:48,2026-06-08 00:13:48,60,mag_x,Ridge,374.458,230.36945890576396,-144.0885410942361,LOW_CONFIDENCE,INFO,MODEL_RELIABILITY_WARNING,LOW,Magnetic forecasting model has low predictive reliability based on walk-forward evaluation.
3337,2026-06-08 00:12:48,2026-06-08 00:13:48,60,mag_y,Ridge,76.272,222.80944783953032,146.53744783953033,LOW_CONFIDENCE,INFO,MODEL_RELIABILITY_WARNING,LOW,Magnetic forecasting model has low predictive reliability based on walk-forward evaluation.
3338,2026-06-08 00:12:48,2026-06-08 00:13:48,60,mag_z,Ridge,246.652,231.34013262928215,-15.311867370717806,LOW_CONFIDENCE,INFO,MODEL_RELIABILITY_WARNING,LOW,Magnetic forecasting model has low predictive reliability based on walk-forward evaluation.
3339,2026-06-08 00:12:48,2026-06-08 00:13:48,60,temperature,Persistence,45.51048576,45.51048576,0.0,NORMAL,NORMAL,NONE,HIGH,
3333,2026-06-08 00:12:48,2026-06-08 00:13:48,60,vib_x_rms,XGBoost,0.128262,0.1038822084665298,-0.0243797915334701,WARNING,MEDIUM,ELEVATED_VIBRATION,MODERATE,Predicted vibration 0.103882 exceeds warning limit 0.10
3334,2026-06-08 00:12:48,2026-06-08 00:13:48,60,vib_y_rms,XGBoost,0.152631,0.1315050572156906,-0.0211259427843093,WARNING,MEDIUM,ELEVATED_VIBRATION,MODERATE,Predicted vibration 0.131505 exceeds warning limit 0.10
3335,2026-06-08 00:12:48,2026-06-08 00:13:48,60,vib_z_rms,XGBoost,0.067799,0.0600323528051376,-0.0077666471948623,NORMAL,NORMAL,NONE,MODERATE,
3343,2026-06-08 00:12:49,2026-06-08 00:13:49,60,mag_x,Ridge,361.97,234.05015391019649,-127.91984608980356,LOW_CONFIDENCE,INFO,MODEL_RELIABILITY_WARNING,LOW,Magnetic forecasting model has low predictive reliability based on walk-forward evaluation.
3344,2026-06-08 00:12:49,2026-06-08 00:13:49,60,mag_y,Ridge,338.324,225.19290199214777,-113.13109800785224,LOW_CONFIDENCE,INFO,MODEL_RELIABILITY_WARNING,LOW,Magnetic forecasting model has low predictive reliability based on walk-forward evaluation.
3345,2026-06-08 00:12:49,2026-06-08 00:13:49,60,mag_z,Ridge,38.094,229.8016895652388,191.7076895652388,LOW_CONFIDENCE,INFO,MODEL_RELIABILITY_WARNING,LOW,Magnetic forecasting model has low predictive reliability based on walk-forward evaluation.
3346,2026-06-08 00:12:49,2026-06-08 00:13:49,60,temperature,Persistence,45.50838861,45.50838861,0.0,NORMAL,NORMAL,NONE,HIGH,
3340,2026-06-08 00:12:49,2026-06-08 00:13:49,60,vib_x_rms,XGBoost,0.093893,0.1037052944302558,0.0098122944302558,WARNING,MEDIUM,ELEVATED_VIBRATION,MODERATE,Predicted vibration 0.103705 exceeds warning limit 0.10
3341,2026-06-08 00:12:49,2026-06-08 00:13:49,60,vib_y_rms,XGBoost,0.136803,0.1285836547613144,-0.0082193452386856,WARNING,MEDIUM,ELEVATED_VIBRATION,MODERATE,Predicted vibration 0.128584 exceeds warning limit 0.10
3342,2026-06-08 00:12:49,2026-06-08 00:13:49,60,vib_z_rms,XGBoost,0.061342,0.0607698187232017,-0.0005721812767982,NORMAL,NORMAL,NONE,MODERATE,
3350,2026-06-08 00:12:51,2026-06-08 00:13:51,60,mag_x,Ridge,334.796,234.6654248983668,-100.1305751016332,LOW_CONFIDENCE,INFO,MODEL_RELIABILITY_WARNING,LOW,Magnetic forecasting model has low predictive reliability based on walk-forward evaluation.
3351,2026-06-08 00:12:51,2026-06-08 00:13:51,60,mag_y,Ridge,332.122,220.43315178322567,-111.68884821677436,LOW_CONFIDENCE,INFO,MODEL_RELIABILITY_WARNING,LOW,Magnetic forecasting model has low predictive reliability based on walk-forward evaluation.
3352,2026-06-08 00:12:51,2026-06-08 00:13:51,60,mag_z,Ridge,246.61,229.71174485715636,-16.89825514284368,LOW_CONFIDENCE,INFO,MODEL_RELIABILITY_WARNING,LOW,Magnetic forecasting model has low predictive reliability based on walk-forward evaluation.
3353,2026-06-08 00:12:51,2026-06-08 00:13:51,60,temperature,Persistence,45.50671089,45.50671089,0.0,NORMAL,NORMAL,NONE,HIGH,
3347,2026-06-08 00:12:51,2026-06-08 00:13:51,60,vib_x_rms,XGBoost,0.097694,0.1033083945512771,0.0056143945512771,WARNING,MEDIUM,ELEVATED_VIBRATION,MODERATE,Predicted vibration 0.103308 exceeds warning limit 0.10
3348,2026-06-08 00:12:51,2026-06-08 00:13:51,60,vib_y_rms,XGBoost,0.13184,0.1335126608610153,0.0016726608610153,WARNING,MEDIUM,ELEVATED_VIBRATION,MODERATE,Predicted vibration 0.133513 exceeds warning limit 0.10
3349,2026-06-08 00:12:51,2026-06-08 00:13:51,60,vib_z_rms,XGBoost,0.066363,0.0610434636473655,-0.0053195363526344,NORMAL,NORMAL,NONE,MODERATE,
3357,2026-06-08 00:12:52,2026-06-08 00:13:52,60,mag_x,Ridge,87.89201,240.0656323922769,152.1736223922769,LOW_CONFIDENCE,INFO,MODEL_RELIABILITY_WARNING,LOW,Magnetic forecasting model has low predictive reliability based on walk-forward evaluation.
3358,2026-06-08 00:12:52,2026-06-08 00:13:52,60,mag_y,Ridge,316.344,223.1498314037026,-93.1941685962974,LOW_CONFIDENCE,INFO,MODEL_RELIABILITY_WARNING,LOW,Magnetic forecasting model has low predictive reliability based on walk-forward evaluation.
3359,2026-06-08 00:12:52,2026-06-08 00:13:52,60,mag_z,Ridge,310.24,232.3686082118404,-77.8713917881596,LOW_CONFIDENCE,INFO,MODEL_RELIABILITY_WARNING,LOW,Magnetic forecasting model has low predictive reliability based on walk-forward evaluation.
3360,2026-06-08 00:12:52,2026-06-08 00:13:52,60,temperature,Persistence,45.50536871,45.50536871,0.0,NORMAL,NORMAL,NONE,HIGH,
3354,2026-06-08 00:12:52,2026-06-08 00:13:52,60,vib_x_rms,XGBoost,0.108996,0.103883184492588,-0.0051128155074119,WARNING,MEDIUM,ELEVATED_VIBRATION,MODERATE,Predicted vibration 0.103883 exceeds warning limit 0.10
3355,2026-06-08 00:12:52,2026-06-08 00:13:52,60,vib_y_rms,XGBoost,0.134357,0.1336075663566589,-0.000749433643341,WARNING,MEDIUM,ELEVATED_VIBRATION,MODERATE,Predicted vibration 0.133608 exceeds warning limit 0.10
3356,2026-06-08 00:12:52,2026-06-08 00:13:52,60,vib_z_rms,XGBoost,0.064669,0.0606449916958808,-0.0040240083041191,NORMAL,NORMAL,NONE,MODERATE,
3364,2026-06-08 00:12:54,2026-06-08 00:13:54,60,mag_x,Ridge,424.452,230.677922869138,-193.77407713086205,LOW_CONFIDENCE,INFO,MODEL_RELIABILITY_WARNING,LOW,Magnetic forecasting model has low predictive reliability based on walk-forward evaluation.
3365,2026-06-08 00:12:54,2026-06-08 00:13:54,60,mag_y,Ridge,276.01,230.2362297422886,-45.77377025771139,LOW_CONFIDENCE,INFO,MODEL_RELIABILITY_WARNING,LOW,Magnetic forecasting model has low predictive reliability based on walk-forward evaluation.
3366,2026-06-08 00:12:54,2026-06-08 00:13:54,60,mag_z,Ridge,106.246,229.5767638710069,123.33076387100692,LOW_CONFIDENCE,INFO,MODEL_RELIABILITY_WARNING,LOW,Magnetic forecasting model has low predictive reliability based on walk-forward evaluation.
3367,2026-06-08 00:12:54,2026-06-08 00:13:54,60,temperature,Persistence,45.50429497,45.50429497,0.0,NORMAL,NORMAL,NONE,HIGH,
3361,2026-06-08 00:12:54,2026-06-08 00:13:54,60,vib_x_rms,XGBoost,0.112373,0.1031998321413993,-0.0091731678586006,WARNING,MEDIUM,ELEVATED_VIBRATION,MODERATE,Predicted vibration 0.103200 exceeds warning limit 0.10
3362,2026-06-08 00:12:54,2026-06-08 00:13:54,60,vib_y_rms,XGBoost,0.131903,0.1347313076257705,0.0028283076257705,WARNING,MEDIUM,ELEVATED_VIBRATION,MODERATE,Predicted vibration 0.134731 exceeds warning limit 0.10
3363,2026-06-08 00:12:54,2026-06-08 00:13:54,60,vib_z_rms,XGBoost,0.061217,0.0612312220036983,1.4222003698348418e-05,NORMAL,NORMAL,NONE,MODERATE,
3371,2026-06-08 00:12:55,2026-06-08 00:13:55,60,mag_x,Ridge,76.748,240.4577797828436,163.70977978284355,LOW_CONFIDENCE,INFO,MODEL_RELIABILITY_WARNING,LOW,Magnetic forecasting model has low predictive reliability based on walk-forward evaluation.
3372,2026-06-08 00:12:55,2026-06-08 00:13:55,60,mag_y,Ridge,187.922,226.95761367843988,39.03561367843989,LOW_CONFIDENCE,INFO,MODEL_RELIABILITY_WARNING,LOW,Magnetic forecasting model has low predictive reliability based on walk-forward evaluation.
3373,2026-06-08 00:12:55,2026-06-08 00:13:55,60,mag_z,Ridge,219.142,228.06374681415423,8.921746814154233,LOW_CONFIDENCE,INFO,MODEL_RELIABILITY_WARNING,LOW,Magnetic forecasting model has low predictive reliability based on walk-forward evaluation.
3374,2026-06-08 00:12:55,2026-06-08 00:13:55,60,temperature,Persistence,45.50343597,45.50343597,0.0,NORMAL,NORMAL,NONE,HIGH,
3368,2026-06-08 00:12:55,2026-06-08 00:13:55,60,vib_x_rms,XGBoost,0.115043,0.1031355261802673,-0.0119074738197326,WARNING,MEDIUM,ELEVATED_VIBRATION,MODERATE,Predicted vibration 0.103136 exceeds warning limit 0.10
3369,2026-06-08 00:12:55,2026-06-08 00:13:55,60,vib_y_rms,XGBoost,0.142151,0.134345069527626,-0.0078059304723739,WARNING,MEDIUM,ELEVATED_VIBRATION,MODERATE,Predicted vibration 0.134345 exceeds warning limit 0.10
3370,2026-06-08 00:12:55,2026-06-08 00:13:55,60,vib_z_rms,XGBoost,0.064526,0.0609678998589515,-0.0035581001410484,NORMAL,NORMAL,NONE,MODERATE,
3378,2026-06-08 00:12:57,2026-06-08 00:13:57,60,mag_x,Ridge,407.134,230.72543692275855,-176.40856307724144,LOW_CONFIDENCE,INFO,MODEL_RELIABILITY_WARNING,LOW,Magnetic forecasting model has low predictive reliability based on walk-forward evaluation.
3379,2026-06-08 00:12:57,2026-06-08 00:13:57,60,mag_y,Ridge,37.17,229.3811761393616,192.2111761393616,LOW_CONFIDENCE,INFO,MODEL_RELIABILITY_WARNING,LOW,Magnetic forecasting model has low predictive reliability based on walk-forward evaluation.
3380,2026-06-08 00:12:57,2026-06-08 00:13:57,60,mag_z,Ridge,310.562,232.9162976016017,-77.64570239839827,LOW_CONFIDENCE,INFO,MODEL_RELIABILITY_WARNING,LOW,Magnetic forecasting model has low predictive reliability based on walk-forward evaluation.
3381,2026-06-08 00:12:57,2026-06-08 00:13:57,60,temperature,Persistence,45.55274878,45.55274878,0.0,NORMAL,NORMAL,NONE,HIGH,
3375,2026-06-08 00:12:57,2026-06-08 00:13:57,60,vib_x_rms,XGBoost,0.107606,0.1079554334282875,0.0003494334282875,WARNING,MEDIUM,ELEVATED_VIBRATION,MODERATE,Predicted vibration 0.107955 exceeds warning limit 0.10
3376,2026-06-08 00:12:57,2026-06-08 00:13:57,60,vib_y_rms,XGBoost,0.155133,0.1350087970495224,-0.0201242029504775,WARNING,MEDIUM,ELEVATED_VIBRATION,MODERATE,Predicted vibration 0.135009 exceeds warning limit 0.10
3377,2026-06-08 00:12:57,2026-06-08 00:13:57,60,vib_z_rms,XGBoost,0.062266,0.0604017898440361,-0.0018642101559638,NORMAL,NORMAL,NONE,MODERATE,
3385,2026-06-08 00:12:58,2026-06-08 00:13:58,60,mag_x,Ridge,53.536,241.17633037419324,187.64033037419324,LOW_CONFIDENCE,INFO,MODEL_RELIABILITY_WARNING,LOW,Magnetic forecasting model has low predictive reliability based on walk-forward evaluation.
3386,2026-06-08 00:12:58,2026-06-08 00:13:58,60,mag_y,Ridge,217.91,231.0613270022947,13.151327002294693,LOW_CONFIDENCE,INFO,MODEL_RELIABILITY_WARNING,LOW,Magnetic forecasting model has low predictive reliability based on walk-forward evaluation.
3387,2026-06-08 00:12:58,2026-06-08 00:13:58,60,mag_z,Ridge,405.538,231.3737761260724,-174.16422387392765,LOW_CONFIDENCE,INFO,MODEL_RELIABILITY_WARNING,LOW,Magnetic forecasting model has low predictive reliability based on walk-forward evaluation.
3388,2026-06-08 00:12:58,2026-06-08 00:13:58,60,temperature,Persistence,45.54219902,45.54219902,0.0,NORMAL,NORMAL,NONE,HIGH,
3382,2026-06-08 00:12:58,2026-06-08 00:13:58,60,vib_x_rms,XGBoost,0.097662,0.1071866825222969,0.0095246825222969,WARNING,MEDIUM,ELEVATED_VIBRATION,MODERATE,Predicted vibration 0.107187 exceeds warning limit 0.10
3383,2026-06-08 00:12:58,2026-06-08 00:13:58,60,vib_y_rms,XGBoost,0.155875,0.1301739364862442,-0.0257010635137558,WARNING,MEDIUM,ELEVATED_VIBRATION,MODERATE,Predicted vibration 0.130174 exceeds warning limit 0.10
3384,2026-06-08 00:12:58,2026-06-08 00:13:58,60,vib_z_rms,XGBoost,0.062087,0.0612780340015888,-0.0008089659984111,NORMAL,NORMAL,NONE,MODERATE,
3392,2026-06-08 00:12:59,2026-06-08 00:13:59,60,mag_x,Ridge,450.772,231.82057659622768,-218.9514234037723,LOW_CONFIDENCE,INFO,MODEL_RELIABILITY_WARNING,LOW,Magnetic forecasting model has low predictive reliability based on walk-forward evaluation.
3393,2026-06-08 00:12:59,2026-06-08 00:13:59,60,mag_y,Ridge,55.874,232.1121302251058,176.2381302251058,LOW_CONFIDENCE,INFO,MODEL_RELIABILITY_WARNING,LOW,Magnetic forecasting model has low predictive reliability based on walk-forward evaluation.
3394,2026-06-08 00:12:59,2026-06-08 00:13:59,60,mag_z,Ridge,95.606,231.48172300935263,135.87572300935267,LOW_CONFIDENCE,INFO,MODEL_RELIABILITY_WARNING,LOW,Magnetic forecasting model has low predictive reliability based on walk-forward evaluation.
3395,2026-06-08 00:12:59,2026-06-08 00:13:59,60,temperature,Persistence,45.53375922,45.53375922,0.0,NORMAL,NORMAL,NONE,HIGH,
3389,2026-06-08 00:12:59,2026-06-08 00:13:59,60,vib_x_rms,XGBoost,0.081143,0.1087988391518592,0.0276558391518592,WARNING,MEDIUM,ELEVATED_VIBRATION,MODERATE,Predicted vibration 0.108799 exceeds warning limit 0.10
3390,2026-06-08 00:12:59,2026-06-08 00:13:59,60,vib_y_rms,XGBoost,0.148437,0.1393577605485916,-0.0090792394514084,WARNING,MEDIUM,ELEVATED_VIBRATION,MODERATE,Predicted vibration 0.139358 exceeds warning limit 0.10
3391,2026-06-08 00:12:59,2026-06-08 00:13:59,60,vib_z_rms,XGBoost,0.062331,0.0609036274254322,-0.0014273725745677,NORMAL,NORMAL,NONE,MODERATE,
3399,2026-06-08 00:13:01,2026-06-08 00:14:01,60,mag_x,Ridge,326.83,234.69531563811415,-92.1346843618858,LOW_CONFIDENCE,INFO,MODEL_RELIABILITY_WARNING,LOW,Magnetic forecasting model has low predictive reliability based on walk-forward evaluation.
3400,2026-06-08 00:13:01,2026-06-08 00:14:01,60,mag_y,Ridge,181.902,230.20160807175068,48.2996080717507,LOW_CONFIDENCE,INFO,MODEL_RELIABILITY_WARNING,LOW,Magnetic forecasting model has low predictive reliability based on walk-forward evaluation.
3401,2026-06-08 00:13:01,2026-06-08 00:14:01,60,mag_z,Ridge,137.382,226.21716090010295,88.83516090010298,LOW_CONFIDENCE,INFO,MODEL_RELIABILITY_WARNING,LOW,Magnetic forecasting model has low predictive reliability based on walk-forward evaluation.
3402,2026-06-08 00:13:01,2026-06-08 00:14:01,60,temperature,Persistence,45.52700737,45.52700737,0.0,NORMAL,NORMAL,NONE,HIGH,
3396,2026-06-08 00:13:01,2026-06-08 00:14:01,60,vib_x_rms,XGBoost,0.10753,0.1093462035059928,0.0018162035059928,WARNING,MEDIUM,ELEVATED_VIBRATION,MODERATE,Predicted vibration 0.109346 exceeds warning limit 0.10
3397,2026-06-08 00:13:01,2026-06-08 00:14:01,60,vib_y_rms,XGBoost,0.147177,0.1385173499584198,-0.0086596500415802,WARNING,MEDIUM,ELEVATED_VIBRATION,MODERATE,Predicted vibration 0.138517 exceeds warning limit 0.10
3398,2026-06-08 00:13:01,2026-06-08 00:14:01,60,vib_z_rms,XGBoost,0.066838,0.0614440515637397,-0.0053939484362602,NORMAL,NORMAL,NONE,MODERATE,
3406,2026-06-08 00:13:02,2026-06-08 00:14:02,60,mag_x,Ridge,233.38,235.9391032347441,2.5591032347441,LOW_CONFIDENCE,INFO,MODEL_RELIABILITY_WARNING,LOW,Magnetic forecasting model has low predictive reliability based on walk-forward evaluation.
3407,2026-06-08 00:13:02,2026-06-08 00:14:02,60,mag_y,Ridge,393.134,231.91929173850772,-161.21470826149226,LOW_CONFIDENCE,INFO,MODEL_RELIABILITY_WARNING,LOW,Magnetic forecasting model has low predictive reliability based on walk-forward evaluation.
3408,2026-06-08 00:13:02,2026-06-08 00:14:02,60,mag_z,Ridge,454.482,232.4956029913953,-221.9863970086048,LOW_CONFIDENCE,INFO,MODEL_RELIABILITY_WARNING,LOW,Magnetic forecasting model has low predictive reliability based on walk-forward evaluation.
3409,2026-06-08 00:13:02,2026-06-08 00:14:02,60,temperature,Persistence,45.5216059,45.5216059,0.0,NORMAL,NORMAL,NONE,HIGH,
3403,2026-06-08 00:13:02,2026-06-08 00:14:02,60,vib_x_rms,XGBoost,0.118834,0.1093445792794227,-0.0094894207205772,WARNING,MEDIUM,ELEVATED_VIBRATION,MODERATE,Predicted vibration 0.109345 exceeds warning limit 0.10
3404,2026-06-08 00:13:02,2026-06-08 00:14:02,60,vib_y_rms,XGBoost,0.129186,0.1453903168439865,0.0162043168439865,WARNING,MEDIUM,ELEVATED_VIBRATION,MODERATE,Predicted vibration 0.145390 exceeds warning limit 0.10
3405,2026-06-08 00:13:02,2026-06-08 00:14:02,60,vib_z_rms,XGBoost,0.069665,0.0614066533744335,-0.0082583466255664,NORMAL,NORMAL,NONE,MODERATE,
3413,2026-06-08 00:13:04,2026-06-08 00:14:04,60,mag_x,Ridge,404.152,235.61304681509557,-168.53895318490444,LOW_CONFIDENCE,INFO,MODEL_RELIABILITY_WARNING,LOW,Magnetic forecasting model has low predictive reliability based on walk-forward evaluation.
3414,2026-06-08 00:13:04,2026-06-08 00:14:04,60,mag_y,Ridge,309.19,228.44155501699728,-80.74844498300274,LOW_CONFIDENCE,INFO,MODEL_RELIABILITY_WARNING,LOW,Magnetic forecasting model has low predictive reliability based on walk-forward evaluation.
3415,2026-06-08 00:13:04,2026-06-08 00:14:04,60,mag_z,Ridge,409.766,228.7875265465051,-180.97847345349493,LOW_CONFIDENCE,INFO,MODEL_RELIABILITY_WARNING,LOW,Magnetic forecasting model has low predictive reliability based on walk-forward evaluation.
3416,2026-06-08 00:13:04,2026-06-08 00:14:04,60,temperature,Persistence,45.51728472,45.51728472,0.0,NORMAL,NORMAL,NONE,HIGH,
3410,2026-06-08 00:13:04,2026-06-08 00:14:04,60,vib_x_rms,XGBoost,0.119268,0.1110764667391777,-0.0081915332608222,WARNING,MEDIUM,ELEVATED_VIBRATION,MODERATE,Predicted vibration 0.111076 exceeds warning limit 0.10
3411,2026-06-08 00:13:04,2026-06-08 00:14:04,60,vib_y_rms,XGBoost,0.164037,0.1390857398509979,-0.024951260149002,WARNING,MEDIUM,ELEVATED_VIBRATION,MODERATE,Predicted vibration 0.139086 exceeds warning limit 0.10
3412,2026-06-08 00:13:04,2026-06-08 00:14:04,60,vib_z_rms,XGBoost,0.070373,0.0623109750449657,-0.0080620249550342,NORMAL,NORMAL,NONE,MODERATE,
3420,2026-06-08 00:13:05,2026-06-08 00:14:05,60,mag_x,Ridge,303.954,232.1875613212501,-71.76643867874995,LOW_CONFIDENCE,INFO,MODEL_RELIABILITY_WARNING,LOW,Magnetic forecasting model has low predictive reliability based on walk-forward evaluation.
3421,2026-06-08 00:13:05,2026-06-08 00:14:05,60,mag_y,Ridge,137.802,230.09066210222952,92.28866210222952,LOW_CONFIDENCE,INFO,MODEL_RELIABILITY_WARNING,LOW,Magnetic forecasting model has low predictive reliability based on walk-forward evaluation.
3422,2026-06-08 00:13:05,2026-06-08 00:14:05,60,mag_z,Ridge,149.324,233.6374996934482,84.3134996934482,LOW_CONFIDENCE,INFO,MODEL_RELIABILITY_WARNING,LOW,Magnetic forecasting model has low predictive reliability based on walk-forward evaluation.
3423,2026-06-08 00:13:05,2026-06-08 00:14:05,60,temperature,Persistence,45.51382778,45.51382778,0.0,NORMAL,NORMAL,NONE,HIGH,
3417,2026-06-08 00:13:05,2026-06-08 00:14:05,60,vib_x_rms,XGBoost,0.129922,0.1069041416049003,-0.0230178583950996,WARNING,MEDIUM,ELEVATED_VIBRATION,MODERATE,Predicted vibration 0.106904 exceeds warning limit 0.10
3418,2026-06-08 00:13:05,2026-06-08 00:14:05,60,vib_y_rms,XGBoost,0.147379,0.1408617198467254,-0.0065172801532745,WARNING,MEDIUM,ELEVATED_VIBRATION,MODERATE,Predicted vibration 0.140862 exceeds warning limit 0.10
3419,2026-06-08 00:13:05,2026-06-08 00:14:05,60,vib_z_rms,XGBoost,0.05766,0.061467207968235,0.003807207968235,NORMAL,NORMAL,NONE,MODERATE,
3427,2026-06-08 00:13:07,2026-06-08 00:14:07,60,mag_x,Ridge,71.582,234.4760169826021,162.89401698260207,LOW_CONFIDENCE,INFO,MODEL_RELIABILITY_WARNING,LOW,Magnetic forecasting model has low predictive reliability based on walk-forward evaluation.
3428,2026-06-08 00:13:07,2026-06-08 00:14:07,60,mag_y,Ridge,216.902,225.98818714674564,9.086187146745658,LOW_CONFIDENCE,INFO,MODEL_RELIABILITY_WARNING,LOW,Magnetic forecasting model has low predictive reliability based on walk-forward evaluation.
3429,2026-06-08 00:13:07,2026-06-08 00:14:07,60,mag_z,Ridge,201.824,226.42607082459665,24.60207082459664,LOW_CONFIDENCE,INFO,MODEL_RELIABILITY_WARNING,LOW,Magnetic forecasting model has low predictive reliability based on walk-forward evaluation.
3430,2026-06-08 00:13:07,2026-06-08 00:14:07,60,temperature,Persistence,45.51106222,45.51106222,0.0,NORMAL,NORMAL,NONE,HIGH,
3424,2026-06-08 00:13:07,2026-06-08 00:14:07,60,vib_x_rms,XGBoost,0.113161,0.1065097972750663,-0.0066512027249336,WARNING,MEDIUM,ELEVATED_VIBRATION,MODERATE,Predicted vibration 0.106510 exceeds warning limit 0.10
3425,2026-06-08 00:13:07,2026-06-08 00:14:07,60,vib_y_rms,XGBoost,0.119484,0.1341341137886047,0.0146501137886047,WARNING,MEDIUM,ELEVATED_VIBRATION,MODERATE,Predicted vibration 0.134134 exceeds warning limit 0.10
3426,2026-06-08 00:13:07,2026-06-08 00:14:07,60,vib_z_rms,XGBoost,0.064749,0.061248030513525,-0.0035009694864749,NORMAL,NORMAL,NONE,MODERATE,
3434,2026-06-08 00:13:08,2026-06-08 00:14:08,60,mag_x,Ridge,44.996,232.98622014353236,187.99022014353235,LOW_CONFIDENCE,INFO,MODEL_RELIABILITY_WARNING,LOW,Magnetic forecasting model has low predictive reliability based on walk-forward evaluation.
3435,2026-06-08 00:13:08,2026-06-08 00:14:08,60,mag_y,Ridge,79.366,227.03366507699684,147.66766507699683,LOW_CONFIDENCE,INFO,MODEL_RELIABILITY_WARNING,LOW,Magnetic forecasting model has low predictive reliability based on walk-forward evaluation.
3436,2026-06-08 00:13:08,2026-06-08 00:14:08,60,mag_z,Ridge,308.07,228.88440358917975,-79.18559641082021,LOW_CONFIDENCE,INFO,MODEL_RELIABILITY_WARNING,LOW,Magnetic forecasting model has low predictive reliability based on walk-forward evaluation.
3437,2026-06-08 00:13:08,2026-06-08 00:14:08,60,temperature,Persistence,45.50884978,45.50884978,0.0,NORMAL,NORMAL,NONE,HIGH,
3431,2026-06-08 00:13:08,2026-06-08 00:14:08,60,vib_x_rms,XGBoost,0.107236,0.1080506145954132,0.0008146145954132,WARNING,MEDIUM,ELEVATED_VIBRATION,MODERATE,Predicted vibration 0.108051 exceeds warning limit 0.10
3432,2026-06-08 00:13:08,2026-06-08 00:14:08,60,vib_y_rms,XGBoost,0.150963,0.1361594647169113,-0.0148035352830886,WARNING,MEDIUM,ELEVATED_VIBRATION,MODERATE,Predicted vibration 0.136159 exceeds warning limit 0.10
3433,2026-06-08 00:13:08,2026-06-08 00:14:08,60,vib_z_rms,XGBoost,0.056835,0.0619048289954662,0.0050698289954662,NORMAL,NORMAL,NONE,MODERATE,
3441,2026-06-08 00:13:09,2026-06-08 00:14:09,60,mag_x,Ridge,315.364,229.02081182342957,-86.34318817657044,LOW_CONFIDENCE,INFO,MODEL_RELIABILITY_WARNING,LOW,Magnetic forecasting model has low predictive reliability based on walk-forward evaluation.
3442,2026-06-08 00:13:09,2026-06-08 00:14:09,60,mag_y,Ridge,303.24,238.75474477028692,-64.48525522971306,LOW_CONFIDENCE,INFO,MODEL_RELIABILITY_WARNING,LOW,Magnetic forecasting model has low predictive reliability based on walk-forward evaluation.
3443,2026-06-08 00:13:09,2026-06-08 00:14:09,60,mag_z,Ridge,129.472,229.2067922725114,99.73479227251138,LOW_CONFIDENCE,INFO,MODEL_RELIABILITY_WARNING,LOW,Magnetic forecasting model has low predictive reliability based on walk-forward evaluation.
3444,2026-06-08 00:13:09,2026-06-08 00:14:09,60,temperature,Persistence,45.50707982,45.50707982,0.0,NORMAL,NORMAL,NONE,HIGH,
3438,2026-06-08 00:13:09,2026-06-08 00:14:09,60,vib_x_rms,XGBoost,0.104965,0.1075512170791626,0.0025862170791625,WARNING,MEDIUM,ELEVATED_VIBRATION,MODERATE,Predicted vibration 0.107551 exceeds warning limit 0.10
3439,2026-06-08 00:13:09,2026-06-08 00:14:09,60,vib_y_rms,XGBoost,0.124225,0.1379333436489105,0.0137083436489105,WARNING,MEDIUM,ELEVATED_VIBRATION,MODERATE,Predicted vibration 0.137933 exceeds warning limit 0.10
3440,2026-06-08 00:13:09,2026-06-08 00:14:09,60,vib_z_rms,XGBoost,0.053705,0.0612568520009517,0.0075518520009517,NORMAL,NORMAL,NONE,MODERATE,
3448,2026-06-08 00:13:11,2026-06-08 00:14:11,60,mag_x,Ridge,105.714,231.48043717549447,125.76643717549447,LOW_CONFIDENCE,INFO,MODEL_RELIABILITY_WARNING,LOW,Magnetic forecasting model has low predictive reliability based on walk-forward evaluation.
3449,2026-06-08 00:13:11,2026-06-08 00:14:11,60,mag_y,Ridge,324.254,237.1956518287261,-87.0583481712739,LOW_CONFIDENCE,INFO,MODEL_RELIABILITY_WARNING,LOW,Magnetic forecasting model has low predictive reliability based on walk-forward evaluation.
3450,2026-06-08 00:13:11,2026-06-08 00:14:11,60,mag_z,Ridge,115.374,232.34493244442865,116.97093244442866,LOW_CONFIDENCE,INFO,MODEL_RELIABILITY_WARNING,LOW,Magnetic forecasting model has low predictive reliability based on walk-forward evaluation.
3451,2026-06-08 00:13:11,2026-06-08 00:14:11,60,temperature,Persistence,45.50566386,45.50566386,0.0,NORMAL,NORMAL,NONE,HIGH,
3445,2026-06-08 00:13:11,2026-06-08 00:14:11,60,vib_x_rms,XGBoost,0.098639,0.1055367961525917,0.0068977961525917,WARNING,MEDIUM,ELEVATED_VIBRATION,MODERATE,Predicted vibration 0.105537 exceeds warning limit 0.10
3446,2026-06-08 00:13:11,2026-06-08 00:14:11,60,vib_y_rms,XGBoost,0.146666,0.1345344930887222,-0.0121315069112777,WARNING,MEDIUM,ELEVATED_VIBRATION,MODERATE,Predicted vibration 0.134534 exceeds warning limit 0.10
3447,2026-06-08 00:13:11,2026-06-08 00:14:11,60,vib_z_rms,XGBoost,0.053853,0.0608167797327041,0.0069637797327041,NORMAL,NORMAL,NONE,MODERATE,
3455,2026-06-08 00:13:12,2026-06-08 00:14:12,60,mag_x,Ridge,288.414,222.2129278128897,-66.20107218711027,LOW_CONFIDENCE,INFO,MODEL_RELIABILITY_WARNING,LOW,Magnetic forecasting model has low predictive reliability based on walk-forward evaluation.
3456,2026-06-08 00:13:12,2026-06-08 00:14:12,60,mag_y,Ridge,455.574,236.38946663795863,-219.18453336204135,LOW_CONFIDENCE,INFO,MODEL_RELIABILITY_WARNING,LOW,Magnetic forecasting model has low predictive reliability based on walk-forward evaluation.
3457,2026-06-08 00:13:12,2026-06-08 00:14:12,60,mag_z,Ridge,16.352,226.69727312662368,210.34527312662365,LOW_CONFIDENCE,INFO,MODEL_RELIABILITY_WARNING,LOW,Magnetic forecasting model has low predictive reliability based on walk-forward evaluation.
3458,2026-06-08 00:13:12,2026-06-08 00:14:12,60,temperature,Persistence,45.50453109,45.50453109,0.0,NORMAL,NORMAL,NONE,HIGH,
3452,2026-06-08 00:13:12,2026-06-08 00:14:12,60,vib_x_rms,XGBoost,0.095311,0.1043718233704567,0.0090608233704566,WARNING,MEDIUM,ELEVATED_VIBRATION,MODERATE,Predicted vibration 0.104372 exceeds warning limit 0.10
3453,2026-06-08 00:13:12,2026-06-08 00:14:12,60,vib_y_rms,XGBoost,0.141689,0.1380259245634079,-0.0036630754365921,WARNING,MEDIUM,ELEVATED_VIBRATION,MODERATE,Predicted vibration 0.138026 exceeds warning limit 0.10
3454,2026-06-08 00:13:12,2026-06-08 00:14:12,60,vib_z_rms,XGBoost,0.065065,0.0575613565742969,-0.007503643425703,NORMAL,NORMAL,NONE,MODERATE,
3462,2026-06-08 00:13:14,2026-06-08 00:14:14,60,mag_x,Ridge,48.23,226.29402064911173,178.06402064911174,LOW_CONFIDENCE,INFO,MODEL_RELIABILITY_WARNING,LOW,Magnetic forecasting model has low predictive reliability based on walk-forward evaluation.
3463,2026-06-08 00:13:14,2026-06-08 00:14:14,60,mag_y,Ridge,131.88,223.75649138229787,91.87649138229789,LOW_CONFIDENCE,INFO,MODEL_RELIABILITY_WARNING,LOW,Magnetic forecasting model has low predictive reliability based on walk-forward evaluation.
3464,2026-06-08 00:13:14,2026-06-08 00:14:14,60,mag_z,Ridge,426.006,229.71291728999216,-196.2930827100078,LOW_CONFIDENCE,INFO,MODEL_RELIABILITY_WARNING,LOW,Magnetic forecasting model has low predictive reliability based on walk-forward evaluation.
3465,2026-06-08 00:13:14,2026-06-08 00:14:14,60,temperature,Persistence,45.50362487,45.50362487,0.0,NORMAL,NORMAL,NONE,HIGH,
3459,2026-06-08 00:13:14,2026-06-08 00:14:14,60,vib_x_rms,XGBoost,0.09394,0.1066400930285453,0.0127000930285453,WARNING,MEDIUM,ELEVATED_VIBRATION,MODERATE,Predicted vibration 0.106640 exceeds warning limit 0.10
3460,2026-06-08 00:13:14,2026-06-08 00:14:14,60,vib_y_rms,XGBoost,0.126005,0.1366461217403412,0.0106411217403411,WARNING,MEDIUM,ELEVATED_VIBRATION,MODERATE,Predicted vibration 0.136646 exceeds warning limit 0.10
3461,2026-06-08 00:13:14,2026-06-08 00:14:14,60,vib_z_rms,XGBoost,0.065308,0.0590802393853664,-0.0062277606146335,NORMAL,NORMAL,NONE,MODERATE,
3469,2026-06-08 00:13:15,2026-06-08 00:14:15,60,mag_x,Ridge,192.192,227.0763208679092,34.88432086790917,LOW_CONFIDENCE,INFO,MODEL_RELIABILITY_WARNING,LOW,Magnetic forecasting model has low predictive reliability based on walk-forward evaluation.
3470,2026-06-08 00:13:15,2026-06-08 00:14:15,60,mag_y,Ridge,39.186,227.6023167283429,188.4163167283429,LOW_CONFIDENCE,INFO,MODEL_RELIABILITY_WARNING,LOW,Magnetic forecasting model has low predictive reliability based on walk-forward evaluation.
3471,2026-06-08 00:13:15,2026-06-08 00:14:15,60,mag_z,Ridge,271.768,226.206867777302,-45.561132222698006,LOW_CONFIDENCE,INFO,MODEL_RELIABILITY_WARNING,LOW,Magnetic forecasting model has low predictive reliability based on walk-forward evaluation.
3472,2026-06-08 00:13:15,2026-06-08 00:14:15,60,temperature,Persistence,45.50289989,45.50289989,0.0,NORMAL,NORMAL,NONE,HIGH,
3466,2026-06-08 00:13:15,2026-06-08 00:14:15,60,vib_x_rms,XGBoost,0.105446,0.1042283698916435,-0.0012176301083564,WARNING,MEDIUM,ELEVATED_VIBRATION,MODERATE,Predicted vibration 0.104228 exceeds warning limit 0.10
3467,2026-06-08 00:13:15,2026-06-08 00:14:15,60,vib_y_rms,XGBoost,0.139196,0.13387431204319,-0.0053216879568099,WARNING,MEDIUM,ELEVATED_VIBRATION,MODERATE,Predicted vibration 0.133874 exceeds warning limit 0.10
3468,2026-06-08 00:13:15,2026-06-08 00:14:15,60,vib_z_rms,XGBoost,0.074268,0.0602373629808425,-0.0140306370191574,NORMAL,NORMAL,NONE,MODERATE,
3476,2026-06-08 00:13:17,2026-06-08 00:14:17,60,mag_x,Ridge,441.91,230.7792555845528,-211.13074441544725,LOW_CONFIDENCE,INFO,MODEL_RELIABILITY_WARNING,LOW,Magnetic forecasting model has low predictive reliability based on walk-forward evaluation.
3477,2026-06-08 00:13:17,2026-06-08 00:14:17,60,mag_y,Ridge,76.468,219.53152817433696,143.06352817433697,LOW_CONFIDENCE,INFO,MODEL_RELIABILITY_WARNING,LOW,Magnetic forecasting model has low predictive reliability based on walk-forward evaluation.
3478,2026-06-08 00:13:17,2026-06-08 00:14:17,60,mag_z,Ridge,453.306,225.29119906285823,-228.01480093714173,LOW_CONFIDENCE,INFO,MODEL_RELIABILITY_WARNING,LOW,Magnetic forecasting model has low predictive reliability based on walk-forward evaluation.
3479,2026-06-08 00:13:17,2026-06-08 00:14:17,60,temperature,Persistence,45.50231992,45.50231992,0.0,NORMAL,NORMAL,NONE,HIGH,
3473,2026-06-08 00:13:17,2026-06-08 00:14:17,60,vib_x_rms,XGBoost,0.096921,0.1036972105503082,0.0067762105503082,WARNING,MEDIUM,ELEVATED_VIBRATION,MODERATE,Predicted vibration 0.103697 exceeds warning limit 0.10
3474,2026-06-08 00:13:17,2026-06-08 00:14:17,60,vib_y_rms,XGBoost,0.13782,0.1369317919015884,-0.0008882080984115,WARNING,MEDIUM,ELEVATED_VIBRATION,MODERATE,Predicted vibration 0.136932 exceeds warning limit 0.10
3475,2026-06-08 00:13:17,2026-06-08 00:14:17,60,vib_z_rms,XGBoost,0.056083,0.0611160472035408,0.0050330472035408,NORMAL,NORMAL,NONE,MODERATE,
3483,2026-06-08 00:13:18,2026-06-08 00:14:18,60,mag_x,Ridge,85.204,232.18879818403067,146.9847981840307,LOW_CONFIDENCE,INFO,MODEL_RELIABILITY_WARNING,LOW,Magnetic forecasting model has low predictive reliability based on walk-forward evaluation.
3484,2026-06-08 00:13:18,2026-06-08 00:14:18,60,mag_y,Ridge,110.278,225.48879441469504,115.21079441469506,LOW_CONFIDENCE,INFO,MODEL_RELIABILITY_WARNING,LOW,Magnetic forecasting model has low predictive reliability based on walk-forward evaluation.
3485,2026-06-08 00:13:18,2026-06-08 00:14:18,60,mag_z,Ridge,24.542,223.05504851818424,198.51304851818423,LOW_CONFIDENCE,INFO,MODEL_RELIABILITY_WARNING,LOW,Magnetic forecasting model has low predictive reliability based on walk-forward evaluation.
3486,2026-06-08 00:13:18,2026-06-08 00:14:18,60,temperature,Persistence,45.50185593,45.50185593,0.0,NORMAL,NORMAL,NONE,HIGH,
3480,2026-06-08 00:13:18,2026-06-08 00:14:18,60,vib_x_rms,XGBoost,0.096969,0.1025485470890998,0.0055795470890998,WARNING,MEDIUM,ELEVATED_VIBRATION,MODERATE,Predicted vibration 0.102549 exceeds warning limit 0.10
3481,2026-06-08 00:13:18,2026-06-08 00:14:18,60,vib_y_rms,XGBoost,0.135506,0.1353748142719268,-0.0001311857280731,WARNING,MEDIUM,ELEVATED_VIBRATION,MODERATE,Predicted vibration 0.135375 exceeds warning limit 0.10
3482,2026-06-08 00:13:18,2026-06-08 00:14:18,60,vib_z_rms,XGBoost,0.061494,0.0608459487557411,-0.0006480512442588,NORMAL,NORMAL,NONE,MODERATE,
3490,2026-06-08 00:13:20,2026-06-08 00:14:20,60,mag_x,Ridge,235.872,225.6714295911953,-10.200570408804708,LOW_CONFIDENCE,INFO,MODEL_RELIABILITY_WARNING,LOW,Magnetic forecasting model has low predictive reliability based on walk-forward evaluation.
3491,2026-06-08 00:13:20,2026-06-08 00:14:20,60,mag_y,Ridge,261.772,228.31682608522323,-33.455173914776765,LOW_CONFIDENCE,INFO,MODEL_RELIABILITY_WARNING,LOW,Magnetic forecasting model has low predictive reliability based on walk-forward evaluation.
3492,2026-06-08 00:13:20,2026-06-08 00:14:20,60,mag_z,Ridge,90.818,220.9292126942154,130.1112126942154,LOW_CONFIDENCE,INFO,MODEL_RELIABILITY_WARNING,LOW,Magnetic forecasting model has low predictive reliability based on walk-forward evaluation.
3493,2026-06-08 00:13:20,2026-06-08 00:14:20,60,temperature,Persistence,45.50148475,45.50148475,0.0,NORMAL,NORMAL,NONE,HIGH,
3487,2026-06-08 00:13:20,2026-06-08 00:14:20,60,vib_x_rms,XGBoost,0.117682,0.1023380756378173,-0.0153439243621826,WARNING,MEDIUM,ELEVATED_VIBRATION,MODERATE,Predicted vibration 0.102338 exceeds warning limit 0.10
3488,2026-06-08 00:13:20,2026-06-08 00:14:20,60,vib_y_rms,XGBoost,0.155401,0.1355947703123092,-0.0198062296876907,WARNING,MEDIUM,ELEVATED_VIBRATION,MODERATE,Predicted vibration 0.135595 exceeds warning limit 0.10
3489,2026-06-08 00:13:20,2026-06-08 00:14:20,60,vib_z_rms,XGBoost,0.075168,0.0607201196253299,-0.01444788037467,NORMAL,NORMAL,NONE,MODERATE,
3497,2026-06-08 00:13:21,2026-06-08 00:14:21,60,mag_x,Ridge,27.468,230.55409257321423,203.08609257321424,LOW_CONFIDENCE,INFO,MODEL_RELIABILITY_WARNING,LOW,Magnetic forecasting model has low predictive reliability based on walk-forward evaluation.
3498,2026-06-08 00:13:21,2026-06-08 00:14:21,60,mag_y,Ridge,397.25,237.93805836436115,-159.31194163563885,LOW_CONFIDENCE,INFO,MODEL_RELIABILITY_WARNING,LOW,Magnetic forecasting model has low predictive reliability based on walk-forward evaluation.
3499,2026-06-08 00:13:21,2026-06-08 00:14:21,60,mag_z,Ridge,19.978,231.5080420638321,211.53004206383213,LOW_CONFIDENCE,INFO,MODEL_RELIABILITY_WARNING,LOW,Magnetic forecasting model has low predictive reliability based on walk-forward evaluation.
3500,2026-06-08 00:13:21,2026-06-08 00:14:21,60,temperature,Persistence,45.5011878,45.5011878,0.0,NORMAL,NORMAL,NONE,HIGH,
3494,2026-06-08 00:13:21,2026-06-08 00:14:21,60,vib_x_rms,XGBoost,0.112304,0.1024248152971267,-0.0098791847028732,WARNING,MEDIUM,ELEVATED_VIBRATION,MODERATE,Predicted vibration 0.102425 exceeds warning limit 0.10
3495,2026-06-08 00:13:21,2026-06-08 00:14:21,60,vib_y_rms,XGBoost,0.143887,0.1329704523086547,-0.0109165476913452,WARNING,MEDIUM,ELEVATED_VIBRATION,MODERATE,Predicted vibration 0.132970 exceeds warning limit 0.10
3496,2026-06-08 00:13:21,2026-06-08 00:14:21,60,vib_z_rms,XGBoost,0.06775,0.0603441223502159,-0.007405877649784,NORMAL,NORMAL,NONE,MODERATE,
