id,feature_timestamp,forecast_timestamp,horizon_seconds,sensor,model,current_value,predicted_value,change_from_current,absolute_change,percentage_change,alert_type,severity,alert_reason
6,2026-06-08 00:01:26,2026-06-08 00:02:26,60,mag_z,Ridge,4.928,222.61420083311344,217.68620083311345,217.68620083311345,4417.3336208018145,LARGE_PREDICTION_CHANGE,HIGH,Prediction changed by 4417.33% (threshold 50.00%)
18,2026-06-08 00:01:29,2026-06-08 00:02:29,60,mag_x,Ridge,147.518,232.42886977425837,84.91086977425834,84.91086977425837,57.55966714181208,LARGE_PREDICTION_CHANGE,HIGH,Prediction changed by 57.56% (threshold 50.00%)
25,2026-06-08 00:01:31,2026-06-08 00:02:31,60,mag_x,Ridge,103.306,224.205099389686,120.899099389686,120.89909938968601,117.0300847866397,LARGE_PREDICTION_CHANGE,HIGH,Prediction changed by 117.03% (threshold 50.00%)
27,2026-06-08 00:01:31,2026-06-08 00:02:31,60,mag_z,Ridge,77.966,225.9638084229124,147.9978084229124,147.99780842291239,189.82352361659238,LARGE_PREDICTION_CHANGE,HIGH,Prediction changed by 189.82% (threshold 50.00%)
34,2026-06-08 00:01:32,2026-06-08 00:02:32,60,mag_z,Ridge,456.932,223.44859949444395,-233.4834005055561,233.48340050555606,-51.098062842076295,LARGE_PREDICTION_CHANGE,HIGH,Prediction changed by 51.10% (threshold 50.00%)
39,2026-06-08 00:01:34,2026-06-08 00:02:34,60,mag_x,Ridge,40.754,229.6975423085192,188.94354230851923,188.9435423085192,463.61962582450616,LARGE_PREDICTION_CHANGE,HIGH,Prediction changed by 463.62% (threshold 50.00%)
40,2026-06-08 00:01:34,2026-06-08 00:02:34,60,mag_y,Ridge,137.438,227.67175040361897,90.23375040361898,90.23375040361898,65.65414980108775,LARGE_PREDICTION_CHANGE,HIGH,Prediction changed by 65.65% (threshold 50.00%)
41,2026-06-08 00:01:34,2026-06-08 00:02:34,60,mag_z,Ridge,34.23,227.7666068971729,193.53660689717293,193.5366068971729,565.400546004011,LARGE_PREDICTION_CHANGE,HIGH,Prediction changed by 565.40% (threshold 50.00%)
46,2026-06-08 00:01:35,2026-06-08 00:02:35,60,mag_x,Ridge,37.59,226.2202133361312,188.6302133361312,188.6302133361312,501.80955928739337,LARGE_PREDICTION_CHANGE,HIGH,Prediction changed by 501.81% (threshold 50.00%)
47,2026-06-08 00:01:35,2026-06-08 00:02:35,60,mag_y,Ridge,49.336,231.02037048639917,181.68437048639916,181.6843704863992,368.2592234603518,LARGE_PREDICTION_CHANGE,HIGH,Prediction changed by 368.26% (threshold 50.00%)
53,2026-06-08 00:01:37,2026-06-08 00:02:37,60,mag_x,Ridge,92.708,230.68122803071537,137.97322803071538,137.97322803071538,148.82559005772467,LARGE_PREDICTION_CHANGE,HIGH,Prediction changed by 148.83% (threshold 50.00%)
68,2026-06-08 00:01:39,2026-06-08 00:02:39,60,mag_y,Ridge,54.306,227.9994848320165,173.6934848320165,173.6934848320165,319.8421626192622,LARGE_PREDICTION_CHANGE,HIGH,Prediction changed by 319.84% (threshold 50.00%)
76,2026-06-08 00:01:41,2026-06-08 00:02:41,60,mag_z,Ridge,20.79,223.9378232916374,203.14782329163745,203.1478232916374,977.1420071747833,LARGE_PREDICTION_CHANGE,HIGH,Prediction changed by 977.14% (threshold 50.00%)
89,2026-06-08 00:01:44,2026-06-08 00:02:44,60,mag_y,Ridge,125.832,228.8931725757236,103.0611725757236,103.06117257572362,81.903786457915,LARGE_PREDICTION_CHANGE,HIGH,Prediction changed by 81.90% (threshold 50.00%)
103,2026-06-08 00:01:47,2026-06-08 00:02:47,60,mag_y,Ridge,12.768,227.3240753993682,214.5560753993682,214.5560753993682,1680.4203900326456,LARGE_PREDICTION_CHANGE,HIGH,Prediction changed by 1680.42% (threshold 50.00%)
116,2026-06-08 00:01:49,2026-06-08 00:02:49,60,mag_x,Ridge,94.318,231.3131112602641,136.99511126026408,136.99511126026408,145.24810880241745,LARGE_PREDICTION_CHANGE,HIGH,Prediction changed by 145.25% (threshold 50.00%)
124,2026-06-08 00:01:51,2026-06-08 00:02:51,60,mag_y,Ridge,91.658,236.48055335126296,144.82255335126297,144.82255335126297,158.0031785018907,LARGE_PREDICTION_CHANGE,HIGH,Prediction changed by 158.00% (threshold 50.00%)
139,2026-06-08 00:01:54,2026-06-08 00:02:54,60,mag_z,Ridge,39.62,218.62318069428164,179.00318069428164,179.00318069428164,451.8000522319072,LARGE_PREDICTION_CHANGE,HIGH,Prediction changed by 451.80% (threshold 50.00%)
153,2026-06-08 00:01:57,2026-06-08 00:02:57,60,mag_z,Ridge,133.644,222.7223127960728,89.0783127960728,89.0783127960728,66.65343210026099,LARGE_PREDICTION_CHANGE,HIGH,Prediction changed by 66.65% (threshold 50.00%)
167,2026-06-08 00:01:59,2026-06-08 00:02:59,60,mag_z,Ridge,70.756,226.25039107548145,155.49439107548145,155.49439107548145,219.7614210462455,LARGE_PREDICTION_CHANGE,HIGH,Prediction changed by 219.76% (threshold 50.00%)
200,2026-06-08 00:02:07,2026-06-08 00:03:07,60,mag_x,Ridge,38.206,230.64211682300547,192.43611682300548,192.43611682300548,503.68035602524594,LARGE_PREDICTION_CHANGE,HIGH,Prediction changed by 503.68% (threshold 50.00%)
215,2026-06-08 00:02:09,2026-06-08 00:03:09,60,mag_y,Ridge,143.948,230.69643587210732,86.74843587210734,86.74843587210731,60.263731258584585,LARGE_PREDICTION_CHANGE,HIGH,Prediction changed by 60.26% (threshold 50.00%)
216,2026-06-08 00:02:09,2026-06-08 00:03:09,60,mag_z,Ridge,106.022,225.34818035715347,119.32618035715346,119.32618035715346,112.54850913692766,LARGE_PREDICTION_CHANGE,HIGH,Prediction changed by 112.55% (threshold 50.00%)
221,2026-06-08 00:02:11,2026-06-08 00:03:11,60,mag_x,Ridge,7.294,231.79888872011688,224.50488872011687,224.50488872011687,3077.9392476023704,LARGE_PREDICTION_CHANGE,HIGH,Prediction changed by 3077.94% (threshold 50.00%)
223,2026-06-08 00:02:11,2026-06-08 00:03:11,60,mag_z,Ridge,44.898,227.613384244212,182.715384244212,182.715384244212,406.95662221972475,LARGE_PREDICTION_CHANGE,HIGH,Prediction changed by 406.96% (threshold 50.00%)
228,2026-06-08 00:02:12,2026-06-08 00:03:12,60,mag_x,Ridge,48.678,227.6423759591904,178.9643759591904,178.9643759591904,367.6494021101738,LARGE_PREDICTION_CHANGE,HIGH,Prediction changed by 367.65% (threshold 50.00%)
229,2026-06-08 00:02:12,2026-06-08 00:03:12,60,mag_y,Ridge,119.126,228.74515211101024,109.61915211101024,109.61915211101024,92.0195021330442,LARGE_PREDICTION_CHANGE,HIGH,Prediction changed by 92.02% (threshold 50.00%)
230,2026-06-08 00:02:12,2026-06-08 00:03:12,60,mag_z,Ridge,21.322,229.32368547740447,208.0016854774045,208.00168547740446,975.526148941959,LARGE_PREDICTION_CHANGE,HIGH,Prediction changed by 975.53% (threshold 50.00%)
236,2026-06-08 00:02:14,2026-06-08 00:03:14,60,mag_y,Ridge,148.834,226.99084940779343,78.15684940779343,78.15684940779343,52.51276550236735,LARGE_PREDICTION_CHANGE,HIGH,Prediction changed by 52.51% (threshold 50.00%)
242,2026-06-08 00:02:15,2026-06-08 00:03:15,60,mag_x,Ridge,1.106,238.28738275590655,237.18138275590655,237.18138275590655,21444.971316085583,LARGE_PREDICTION_CHANGE,HIGH,Prediction changed by 21444.97% (threshold 50.00%)
244,2026-06-08 00:02:15,2026-06-08 00:03:15,60,mag_z,Ridge,58.926,225.790195909454,166.864195909454,166.864195909454,283.1758407315175,LARGE_PREDICTION_CHANGE,HIGH,Prediction changed by 283.18% (threshold 50.00%)
251,2026-06-08 00:02:17,2026-06-08 00:03:17,60,mag_z,Ridge,136.808,222.7417024590706,85.93370245907062,85.93370245907062,62.8133606653636,LARGE_PREDICTION_CHANGE,HIGH,Prediction changed by 62.81% (threshold 50.00%)
263,2026-06-08 00:02:19,2026-06-08 00:03:19,60,mag_x,Ridge,31.556,238.15735727244373,206.6013572724437,206.60135727244372,654.7133897592968,LARGE_PREDICTION_CHANGE,HIGH,Prediction changed by 654.71% (threshold 50.00%)
264,2026-06-08 00:02:19,2026-06-08 00:03:19,60,mag_y,Ridge,144.676,220.1507804632228,75.47478046322277,75.4747804632228,52.16814154609111,LARGE_PREDICTION_CHANGE,HIGH,Prediction changed by 52.17% (threshold 50.00%)
272,2026-06-08 00:02:21,2026-06-08 00:03:21,60,mag_z,Ridge,45.038,230.89254175638985,185.85454175638984,185.85454175638984,412.6616229770191,LARGE_PREDICTION_CHANGE,HIGH,Prediction changed by 412.66% (threshold 50.00%)
293,2026-06-08 00:02:25,2026-06-08 00:03:25,60,mag_z,Ridge,149.66,232.4232738630648,82.76327386306482,82.7632738630648,55.30086453498919,LARGE_PREDICTION_CHANGE,HIGH,Prediction changed by 55.30% (threshold 50.00%)
306,2026-06-08 00:02:28,2026-06-08 00:03:28,60,mag_y,Ridge,128.142,223.7446287185429,95.60262871854292,95.60262871854292,74.60678678227507,LARGE_PREDICTION_CHANGE,HIGH,Prediction changed by 74.61% (threshold 50.00%)
307,2026-06-08 00:02:28,2026-06-08 00:03:28,60,mag_z,Ridge,35.182,231.54167561610583,196.35967561610585,196.35967561610585,558.1253925760498,LARGE_PREDICTION_CHANGE,HIGH,Prediction changed by 558.13% (threshold 50.00%)
312,2026-06-08 00:02:30,2026-06-08 00:03:30,60,mag_x,Ridge,112.07,233.8952834495725,121.82528344957252,121.82528344957251,108.70463411222677,LARGE_PREDICTION_CHANGE,HIGH,Prediction changed by 108.70% (threshold 50.00%)
326,2026-06-08 00:02:32,2026-06-08 00:03:32,60,mag_x,Ridge,153.538,235.8829421575548,82.34494215755478,82.34494215755478,53.63163657046124,LARGE_PREDICTION_CHANGE,HIGH,Prediction changed by 53.63% (threshold 50.00%)
328,2026-06-08 00:02:32,2026-06-08 00:03:32,60,mag_z,Ridge,38.92,223.76239747612428,184.8423974761243,184.8423974761243,474.92907881840773,LARGE_PREDICTION_CHANGE,HIGH,Prediction changed by 474.93% (threshold 50.00%)
333,2026-06-08 00:02:34,2026-06-08 00:03:34,60,mag_x,Ridge,108.64,230.6089403713512,121.96894037135122,121.9689403713512,112.26890682193596,LARGE_PREDICTION_CHANGE,HIGH,Prediction changed by 112.27% (threshold 50.00%)
341,2026-06-08 00:02:35,2026-06-08 00:03:35,60,mag_y,Ridge,67.872,226.8336144162037,158.9616144162037,158.9616144162037,234.20794203236048,LARGE_PREDICTION_CHANGE,HIGH,Prediction changed by 234.21% (threshold 50.00%)
342,2026-06-08 00:02:35,2026-06-08 00:03:35,60,mag_z,Ridge,63.938,231.5869114172928,167.64891141729282,167.64891141729282,262.20543560526266,LARGE_PREDICTION_CHANGE,HIGH,Prediction changed by 262.21% (threshold 50.00%)
355,2026-06-08 00:02:38,2026-06-08 00:03:38,60,mag_y,Ridge,17.962,224.2477718661484,206.2857718661484,206.28577186614842,1148.4565853810734,LARGE_PREDICTION_CHANGE,HIGH,Prediction changed by 1148.46% (threshold 50.00%)
361,2026-06-08 00:02:40,2026-06-08 00:03:40,60,mag_x,Ridge,14.35,232.278351706876,217.928351706876,217.92835170687601,1518.66447182492,LARGE_PREDICTION_CHANGE,HIGH,Prediction changed by 1518.66% (threshold 50.00%)
375,2026-06-08 00:02:42,2026-06-08 00:03:42,60,mag_x,Ridge,6.216,230.8850304032792,224.6690304032792,224.66903040327918,3614.366640979395,LARGE_PREDICTION_CHANGE,HIGH,Prediction changed by 3614.37% (threshold 50.00%)
384,2026-06-08 00:02:44,2026-06-08 00:03:44,60,mag_z,Ridge,93.464,234.979692525091,141.515692525091,141.515692525091,151.4119795055754,LARGE_PREDICTION_CHANGE,HIGH,Prediction changed by 151.41% (threshold 50.00%)
396,2026-06-08 00:02:47,2026-06-08 00:03:47,60,mag_x,Ridge,68.558,230.23386332868043,161.6758633286804,161.6758633286804,235.82348278637122,LARGE_PREDICTION_CHANGE,HIGH,Prediction changed by 235.82% (threshold 50.00%)
403,2026-06-08 00:02:48,2026-06-08 00:03:48,60,mag_x,Ridge,5.628,227.72657869276023,222.09857869276027,222.0985786927602,3946.3144757064724,LARGE_PREDICTION_CHANGE,HIGH,Prediction changed by 3946.31% (threshold 50.00%)
410,2026-06-08 00:02:50,2026-06-08 00:03:50,60,mag_x,Ridge,126.49,225.3245764211537,98.83457642115368,98.8345764211537,78.13627671843916,LARGE_PREDICTION_CHANGE,HIGH,Prediction changed by 78.14% (threshold 50.00%)
411,2026-06-08 00:02:50,2026-06-08 00:03:50,60,mag_y,Ridge,54.362,226.45781548456895,172.095815484569,172.09581548456896,316.5737380607207,LARGE_PREDICTION_CHANGE,HIGH,Prediction changed by 316.57% (threshold 50.00%)
417,2026-06-08 00:02:51,2026-06-08 00:03:51,60,mag_x,Ridge,148.232,224.5837081245171,76.3517081245171,76.3517081245171,51.50824931493679,LARGE_PREDICTION_CHANGE,HIGH,Prediction changed by 51.51% (threshold 50.00%)
419,2026-06-08 00:02:51,2026-06-08 00:03:51,60,mag_z,Ridge,127.68,230.76064513733385,103.08064513733382,103.08064513733385,80.73358798350078,LARGE_PREDICTION_CHANGE,HIGH,Prediction changed by 80.73% (threshold 50.00%)
431,2026-06-08 00:02:54,2026-06-08 00:03:54,60,mag_x,Ridge,54.978,230.8059638667341,175.8279638667341,175.82796386673408,319.81513308365913,LARGE_PREDICTION_CHANGE,HIGH,Prediction changed by 319.82% (threshold 50.00%)
432,2026-06-08 00:02:54,2026-06-08 00:03:54,60,mag_y,Ridge,139.944,224.4754062255368,84.53140622553681,84.53140622553681,60.40373737033158,LARGE_PREDICTION_CHANGE,HIGH,Prediction changed by 60.40% (threshold 50.00%)
445,2026-06-08 00:02:57,2026-06-08 00:03:57,60,mag_x,Ridge,87.654,232.7549385843588,145.1009385843588,145.1009385843588,165.53829669422822,LARGE_PREDICTION_CHANGE,HIGH,Prediction changed by 165.54% (threshold 50.00%)
447,2026-06-08 00:02:57,2026-06-08 00:03:57,60,mag_z,Ridge,11.718,232.38732799529367,220.66932799529368,220.66932799529368,1883.1654548156146,LARGE_PREDICTION_CHANGE,HIGH,Prediction changed by 1883.17% (threshold 50.00%)
452,2026-06-08 00:02:58,2026-06-08 00:03:58,60,mag_x,Ridge,39.844,221.60630205936536,181.76230205936537,181.76230205936537,456.18487616545866,LARGE_PREDICTION_CHANGE,HIGH,Prediction changed by 456.18% (threshold 50.00%)
459,2026-06-08 00:03:00,2026-06-08 00:04:00,60,mag_x,Ridge,28.63,228.6587794469505,200.0287794469505,200.0287794469505,698.6684577259884,LARGE_PREDICTION_CHANGE,HIGH,Prediction changed by 698.67% (threshold 50.00%)
468,2026-06-08 00:03:01,2026-06-08 00:04:01,60,mag_z,Ridge,119.028,234.3348371355352,115.30683713553516,115.30683713553519,96.87370798092478,LARGE_PREDICTION_CHANGE,HIGH,Prediction changed by 96.87% (threshold 50.00%)
475,2026-06-08 00:03:02,2026-06-08 00:04:02,60,mag_z,Ridge,7.196,234.4712196957203,227.27521969572027,227.2752196957203,3158.35491517121,LARGE_PREDICTION_CHANGE,HIGH,Prediction changed by 3158.35% (threshold 50.00%)
516,2026-06-08 00:03:11,2026-06-08 00:04:11,60,mag_y,Ridge,92.834,226.3328968972145,133.4988968972145,133.4988968972145,143.8038831648044,LARGE_PREDICTION_CHANGE,HIGH,Prediction changed by 143.80% (threshold 50.00%)
522,2026-06-08 00:03:12,2026-06-08 00:04:12,60,mag_x,Ridge,99.484,235.047223948675,135.563223948675,135.563223948675,136.26635835780127,LARGE_PREDICTION_CHANGE,HIGH,Prediction changed by 136.27% (threshold 50.00%)
530,2026-06-08 00:03:14,2026-06-08 00:04:14,60,mag_y,Ridge,47.628,235.6918734216878,188.0638734216878,188.0638734216878,394.8599005242458,LARGE_PREDICTION_CHANGE,HIGH,Prediction changed by 394.86% (threshold 50.00%)
566,2026-06-08 00:03:21,2026-06-08 00:04:21,60,mag_z,Ridge,104.188,227.7965739650939,123.6085739650939,123.6085739650939,118.63993354809949,LARGE_PREDICTION_CHANGE,HIGH,Prediction changed by 118.64% (threshold 50.00%)
571,2026-06-08 00:03:22,2026-06-08 00:04:22,60,mag_x,Ridge,78.652,232.6265127620173,153.97451276201735,153.9745127620173,195.76681173017514,LARGE_PREDICTION_CHANGE,HIGH,Prediction changed by 195.77% (threshold 50.00%)
572,2026-06-08 00:03:22,2026-06-08 00:04:22,60,mag_y,Ridge,23.086,232.267532789376,209.18153278937604,209.18153278937598,906.0969106357795,LARGE_PREDICTION_CHANGE,HIGH,Prediction changed by 906.10% (threshold 50.00%)
579,2026-06-08 00:03:24,2026-06-08 00:04:24,60,mag_y,Ridge,117.95,240.6390182642856,122.68901826428556,122.6890182642856,104.0178196390721,LARGE_PREDICTION_CHANGE,HIGH,Prediction changed by 104.02% (threshold 50.00%)
580,2026-06-08 00:03:24,2026-06-08 00:04:24,60,mag_z,Ridge,38.066,234.8672146777771,196.8012146777771,196.8012146777771,516.9999860184339,LARGE_PREDICTION_CHANGE,HIGH,Prediction changed by 517.00% (threshold 50.00%)
586,2026-06-08 00:03:25,2026-06-08 00:04:25,60,mag_y,Ridge,84.168,228.64149761328315,144.47349761328314,144.47349761328314,171.64896114115,LARGE_PREDICTION_CHANGE,HIGH,Prediction changed by 171.65% (threshold 50.00%)
592,2026-06-08 00:03:27,2026-06-08 00:04:27,60,mag_x,Ridge,85.246,229.366021380529,144.120021380529,144.120021380529,169.06367616137885,LARGE_PREDICTION_CHANGE,HIGH,Prediction changed by 169.06% (threshold 50.00%)
613,2026-06-08 00:03:31,2026-06-08 00:04:31,60,mag_x,Ridge,115.878,225.3197226178312,109.44172261783116,109.44172261783119,94.44564336442738,LARGE_PREDICTION_CHANGE,HIGH,Prediction changed by 94.45% (threshold 50.00%)
615,2026-06-08 00:03:31,2026-06-08 00:04:31,60,mag_z,Ridge,141.498,224.07381200687357,82.57581200687355,82.57581200687358,58.35828916795541,LARGE_PREDICTION_CHANGE,HIGH,Prediction changed by 58.36% (threshold 50.00%)
622,2026-06-08 00:03:33,2026-06-08 00:04:33,60,mag_z,Ridge,19.222,223.232955095522,204.010955095522,204.01095509552198,1061.340937964426,LARGE_PREDICTION_CHANGE,HIGH,Prediction changed by 1061.34% (threshold 50.00%)
635,2026-06-08 00:03:35,2026-06-08 00:04:35,60,mag_y,Ridge,54.768,221.7824687725034,167.0144687725034,167.0144687725034,304.94900082621854,LARGE_PREDICTION_CHANGE,HIGH,Prediction changed by 304.95% (threshold 50.00%)
636,2026-06-08 00:03:35,2026-06-08 00:04:35,60,mag_z,Ridge,83.118,230.44477999915213,147.32677999915214,147.32677999915214,177.25015038758409,LARGE_PREDICTION_CHANGE,HIGH,Prediction changed by 177.25% (threshold 50.00%)
641,2026-06-08 00:03:37,2026-06-08 00:04:37,60,mag_x,Ridge,11.606,225.60457932518503,213.99857932518503,213.99857932518503,1843.861617483931,LARGE_PREDICTION_CHANGE,HIGH,Prediction changed by 1843.86% (threshold 50.00%)
642,2026-06-08 00:03:37,2026-06-08 00:04:37,60,mag_y,Ridge,106.484,225.97983208075084,119.49583208075084,119.49583208075084,112.21951850113712,LARGE_PREDICTION_CHANGE,HIGH,Prediction changed by 112.22% (threshold 50.00%)
670,2026-06-08 00:03:43,2026-06-08 00:04:43,60,mag_y,Ridge,142.128,219.21913094471,77.09113094471002,77.09113094471002,54.24063586676097,LARGE_PREDICTION_CHANGE,HIGH,Prediction changed by 54.24% (threshold 50.00%)
677,2026-06-08 00:03:44,2026-06-08 00:04:44,60,mag_y,Ridge,107.618,224.6094748270901,116.99147482709012,116.99147482709012,108.70995077690546,LARGE_PREDICTION_CHANGE,HIGH,Prediction changed by 108.71% (threshold 50.00%)
678,2026-06-08 00:03:44,2026-06-08 00:04:44,60,mag_z,Ridge,42.798,233.63691305173427,190.83891305173427,190.83891305173427,445.90614760440735,LARGE_PREDICTION_CHANGE,HIGH,Prediction changed by 445.91% (threshold 50.00%)
684,2026-06-08 00:03:45,2026-06-08 00:04:45,60,mag_y,Ridge,46.648,226.73402986534987,180.08602986534987,180.08602986534987,386.05305664840904,LARGE_PREDICTION_CHANGE,HIGH,Prediction changed by 386.05% (threshold 50.00%)
685,2026-06-08 00:03:45,2026-06-08 00:04:45,60,mag_z,Ridge,39.718,235.914263932991,196.19626393299097,196.19626393299097,493.9731706858123,LARGE_PREDICTION_CHANGE,HIGH,Prediction changed by 493.97% (threshold 50.00%)
692,2026-06-08 00:03:47,2026-06-08 00:04:47,60,mag_z,Ridge,22.386,230.66415156246325,208.27815156246325,208.27815156246325,930.3946732889452,LARGE_PREDICTION_CHANGE,HIGH,Prediction changed by 930.39% (threshold 50.00%)
698,2026-06-08 00:03:48,2026-06-08 00:04:48,60,mag_y,Ridge,122.29,218.6299349294951,96.3399349294951,96.3399349294951,78.77989609084561,LARGE_PREDICTION_CHANGE,HIGH,Prediction changed by 78.78% (threshold 50.00%)
705,2026-06-08 00:03:50,2026-06-08 00:04:50,60,mag_y,Ridge,83.79,219.18873723098253,135.39873723098253,135.39873723098253,161.5929552822324,LARGE_PREDICTION_CHANGE,HIGH,Prediction changed by 161.59% (threshold 50.00%)
725,2026-06-08 00:03:54,2026-06-08 00:04:54,60,mag_x,Ridge,67.928,233.55739124458125,165.62939124458123,165.62939124458126,243.83080797989228,LARGE_PREDICTION_CHANGE,HIGH,Prediction changed by 243.83% (threshold 50.00%)
739,2026-06-08 00:03:57,2026-06-08 00:04:57,60,mag_x,Ridge,29.33,224.6733663608373,195.34336636083725,195.3433663608373,666.0189783867619,LARGE_PREDICTION_CHANGE,HIGH,Prediction changed by 666.02% (threshold 50.00%)
740,2026-06-08 00:03:57,2026-06-08 00:04:57,60,mag_y,Ridge,15.218,236.8235649924748,221.6055649924748,221.6055649924748,1456.206893103396,LARGE_PREDICTION_CHANGE,HIGH,Prediction changed by 1456.21% (threshold 50.00%)
741,2026-06-08 00:03:57,2026-06-08 00:04:57,60,mag_z,Ridge,41.678,227.945869025356,186.267869025356,186.267869025356,446.9213230609818,LARGE_PREDICTION_CHANGE,HIGH,Prediction changed by 446.92% (threshold 50.00%)
754,2026-06-08 00:04:00,2026-06-08 00:05:00,60,mag_y,Ridge,65.744,228.18911882864413,162.44511882864415,162.44511882864413,247.08736740789146,LARGE_PREDICTION_CHANGE,HIGH,Prediction changed by 247.09% (threshold 50.00%)
762,2026-06-08 00:04:01,2026-06-08 00:05:01,60,mag_z,Ridge,140.42,225.9493107648562,85.5293107648562,85.5293107648562,60.90963592426735,LARGE_PREDICTION_CHANGE,HIGH,Prediction changed by 60.91% (threshold 50.00%)
768,2026-06-08 00:04:03,2026-06-08 00:05:03,60,mag_y,Ridge,3.71,222.2480225009684,218.5380225009684,218.5380225009684,5890.512735875159,LARGE_PREDICTION_CHANGE,HIGH,Prediction changed by 5890.51% (threshold 50.00%)
775,2026-06-08 00:04:04,2026-06-08 00:05:04,60,mag_y,Ridge,1.54,222.52383276008365,220.9838327600837,220.98383276008366,14349.599529875564,LARGE_PREDICTION_CHANGE,HIGH,Prediction changed by 14349.60% (threshold 50.00%)
776,2026-06-08 00:04:04,2026-06-08 00:05:04,60,mag_z,Ridge,120.778,229.67901105128468,108.90101105128468,108.90101105128467,90.1662645939531,LARGE_PREDICTION_CHANGE,HIGH,Prediction changed by 90.17% (threshold 50.00%)
782,2026-06-08 00:04:05,2026-06-08 00:05:05,60,mag_y,Ridge,76.384,228.23467062736077,151.85067062736073,151.85067062736078,198.7990555971941,LARGE_PREDICTION_CHANGE,HIGH,Prediction changed by 198.80% (threshold 50.00%)
790,2026-06-08 00:04:07,2026-06-08 00:05:07,60,mag_z,Ridge,36.442,226.31173068803125,189.86973068803124,189.86973068803124,521.018963525688,LARGE_PREDICTION_CHANGE,HIGH,Prediction changed by 521.02% (threshold 50.00%)
795,2026-06-08 00:04:08,2026-06-08 00:05:08,60,mag_x,Ridge,91.84,224.47569961973971,132.63569961973974,132.6356996197397,144.42040463821834,LARGE_PREDICTION_CHANGE,HIGH,Prediction changed by 144.42% (threshold 50.00%)
796,2026-06-08 00:04:08,2026-06-08 00:05:08,60,mag_y,Ridge,128.674,226.07240533415984,97.39840533415985,97.39840533415983,75.69392832597094,LARGE_PREDICTION_CHANGE,HIGH,Prediction changed by 75.69% (threshold 50.00%)
797,2026-06-08 00:04:08,2026-06-08 00:05:08,60,mag_z,Ridge,1.54,235.71044842854988,234.1704484285499,234.1704484285499,15205.873274581163,LARGE_PREDICTION_CHANGE,HIGH,Prediction changed by 15205.87% (threshold 50.00%)
816,2026-06-08 00:04:13,2026-06-08 00:05:13,60,mag_x,Ridge,136.36,228.1891153269908,91.82911532699076,91.82911532699077,67.34314705704807,LARGE_PREDICTION_CHANGE,HIGH,Prediction changed by 67.34% (threshold 50.00%)
830,2026-06-08 00:04:16,2026-06-08 00:05:16,60,mag_x,Ridge,34.048,236.7882213939636,202.7402213939636,202.7402213939636,595.4541276843386,LARGE_PREDICTION_CHANGE,HIGH,Prediction changed by 595.45% (threshold 50.00%)
831,2026-06-08 00:04:16,2026-06-08 00:05:16,60,mag_y,Ridge,48.384,215.1516533943724,166.76765339437242,166.76765339437242,344.67520956178157,LARGE_PREDICTION_CHANGE,HIGH,Prediction changed by 344.68% (threshold 50.00%)
839,2026-06-08 00:04:17,2026-06-08 00:05:17,60,mag_z,Ridge,66.22,229.2441280357484,163.02412803574836,163.0241280357484,246.1856358135735,LARGE_PREDICTION_CHANGE,HIGH,Prediction changed by 246.19% (threshold 50.00%)
844,2026-06-08 00:04:18,2026-06-08 00:05:18,60,mag_x,Ridge,37.268,232.96580386159252,195.69780386159252,195.69780386159252,525.1094876612442,LARGE_PREDICTION_CHANGE,HIGH,Prediction changed by 525.11% (threshold 50.00%)
846,2026-06-08 00:04:18,2026-06-08 00:05:18,60,mag_z,Ridge,61.936,227.47536059538132,165.53936059538134,165.5393605953813,267.274865337415,LARGE_PREDICTION_CHANGE,HIGH,Prediction changed by 267.27% (threshold 50.00%)
851,2026-06-08 00:04:20,2026-06-08 00:05:20,60,mag_x,Ridge,23.1,230.16233404062697,207.06233404062695,207.06233404062698,896.3737404356145,LARGE_PREDICTION_CHANGE,HIGH,Prediction changed by 896.37% (threshold 50.00%)
865,2026-06-08 00:04:23,2026-06-08 00:05:23,60,mag_x,Ridge,99.792,236.20849168658955,136.41649168658955,136.41649168658955,136.70082941176602,LARGE_PREDICTION_CHANGE,HIGH,Prediction changed by 136.70% (threshold 50.00%)
867,2026-06-08 00:04:23,2026-06-08 00:05:23,60,mag_z,Ridge,66.052,225.71265160292023,159.66065160292027,159.6606516029202,241.71963241524898,LARGE_PREDICTION_CHANGE,HIGH,Prediction changed by 241.72% (threshold 50.00%)
873,2026-06-08 00:04:24,2026-06-08 00:05:24,60,mag_y,Ridge,34.636,221.99600781689344,187.36000781689344,187.36000781689344,540.9400849315551,LARGE_PREDICTION_CHANGE,HIGH,Prediction changed by 540.94% (threshold 50.00%)
881,2026-06-08 00:04:26,2026-06-08 00:05:26,60,mag_z,Ridge,46.816,232.46556338154625,185.64956338154624,185.64956338154624,396.5515280706302,LARGE_PREDICTION_CHANGE,HIGH,Prediction changed by 396.55% (threshold 50.00%)
908,2026-06-08 00:04:31,2026-06-08 00:05:31,60,mag_y,Ridge,96.82401,222.3258112931489,125.50180129314889,125.50180129314889,129.6184709692863,LARGE_PREDICTION_CHANGE,HIGH,Prediction changed by 129.62% (threshold 50.00%)
935,2026-06-08 00:04:37,2026-06-08 00:05:37,60,mag_x,Ridge,47.432,227.31660886084452,179.88460886084454,179.88460886084454,379.24736224667845,LARGE_PREDICTION_CHANGE,HIGH,Prediction changed by 379.25% (threshold 50.00%)
936,2026-06-08 00:04:37,2026-06-08 00:05:37,60,mag_y,Ridge,65.044,221.7792736352665,156.73527363526654,156.73527363526648,240.96807335844437,LARGE_PREDICTION_CHANGE,HIGH,Prediction changed by 240.97% (threshold 50.00%)
944,2026-06-08 00:04:38,2026-06-08 00:05:38,60,mag_z,Ridge,122.318,233.67651371462824,111.35851371462824,111.35851371462824,91.0401688342094,LARGE_PREDICTION_CHANGE,HIGH,Prediction changed by 91.04% (threshold 50.00%)
950,2026-06-08 00:04:40,2026-06-08 00:05:40,60,mag_y,Ridge,39.242,229.7125296051863,190.4705296051863,190.4705296051863,485.37416442889327,LARGE_PREDICTION_CHANGE,HIGH,Prediction changed by 485.37% (threshold 50.00%)
951,2026-06-08 00:04:40,2026-06-08 00:05:40,60,mag_z,Ridge,108.178,226.36417452633876,118.18617452633872,118.18617452633876,109.2515802902057,LARGE_PREDICTION_CHANGE,HIGH,Prediction changed by 109.25% (threshold 50.00%)
957,2026-06-08 00:04:41,2026-06-08 00:05:41,60,mag_y,Ridge,121.814,237.34231203439265,115.52831203439266,115.52831203439266,94.83992975716474,LARGE_PREDICTION_CHANGE,HIGH,Prediction changed by 94.84% (threshold 50.00%)
958,2026-06-08 00:04:41,2026-06-08 00:05:41,60,mag_z,Ridge,47.25,233.214380174684,185.964380174684,185.964380174684,393.57540777710904,LARGE_PREDICTION_CHANGE,HIGH,Prediction changed by 393.58% (threshold 50.00%)
964,2026-06-08 00:04:43,2026-06-08 00:05:43,60,mag_y,Ridge,57.232,234.41292572082543,177.18092572082546,177.18092572082543,309.58366948704474,LARGE_PREDICTION_CHANGE,HIGH,Prediction changed by 309.58% (threshold 50.00%)
970,2026-06-08 00:04:44,2026-06-08 00:05:44,60,mag_x,Ridge,50.19,231.7740338993428,181.5840338993428,181.5840338993428,361.7932534356302,LARGE_PREDICTION_CHANGE,HIGH,Prediction changed by 361.79% (threshold 50.00%)
971,2026-06-08 00:04:44,2026-06-08 00:05:44,60,mag_y,Ridge,46.438,232.3576030179583,185.9196030179583,185.9196030179583,400.36091782152187,LARGE_PREDICTION_CHANGE,HIGH,Prediction changed by 400.36% (threshold 50.00%)
978,2026-06-08 00:04:46,2026-06-08 00:05:46,60,mag_y,Ridge,87.556,233.7448264246984,146.1888264246984,146.1888264246984,166.96608619020785,LARGE_PREDICTION_CHANGE,HIGH,Prediction changed by 166.97% (threshold 50.00%)
985,2026-06-08 00:04:47,2026-06-08 00:05:47,60,mag_y,Ridge,115.584,229.03466399007388,113.45066399007388,113.45066399007388,98.15429816416967,LARGE_PREDICTION_CHANGE,HIGH,Prediction changed by 98.15% (threshold 50.00%)
991,2026-06-08 00:04:48,2026-06-08 00:05:48,60,mag_x,Ridge,80.92001,230.27047966188127,149.35046966188133,149.35046966188128,184.5655600658988,LARGE_PREDICTION_CHANGE,HIGH,Prediction changed by 184.57% (threshold 50.00%)
992,2026-06-08 00:04:48,2026-06-08 00:05:48,60,mag_y,Ridge,3.542,236.45927683934977,232.91727683934977,232.91727683934977,6575.868911331163,LARGE_PREDICTION_CHANGE,HIGH,Prediction changed by 6575.87% (threshold 50.00%)
993,2026-06-08 00:04:48,2026-06-08 00:05:48,60,mag_z,Ridge,47.67,228.84505550535624,181.17505550535623,181.17505550535623,380.0609513433107,LARGE_PREDICTION_CHANGE,HIGH,Prediction changed by 380.06% (threshold 50.00%)
998,2026-06-08 00:04:50,2026-06-08 00:05:50,60,mag_x,Ridge,129.85,235.60476495480225,105.75476495480224,105.75476495480225,81.4437928030822,LARGE_PREDICTION_CHANGE,HIGH,Prediction changed by 81.44% (threshold 50.00%)
1012,2026-06-08 00:04:53,2026-06-08 00:05:53,60,mag_x,Ridge,33.922,232.84658476375895,198.924584763759,198.92458476375896,586.417619137312,LARGE_PREDICTION_CHANGE,HIGH,Prediction changed by 586.42% (threshold 50.00%)
1013,2026-06-08 00:04:53,2026-06-08 00:05:53,60,mag_y,Ridge,83.034,230.255134293468,147.22113429346797,147.22113429346797,177.30223076506968,LARGE_PREDICTION_CHANGE,HIGH,Prediction changed by 177.30% (threshold 50.00%)
1014,2026-06-08 00:04:53,2026-06-08 00:05:53,60,mag_z,Ridge,151.69,232.5755812606041,80.88558126060411,80.88558126060411,53.32294894891167,LARGE_PREDICTION_CHANGE,HIGH,Prediction changed by 53.32% (threshold 50.00%)
1020,2026-06-08 00:04:54,2026-06-08 00:05:54,60,mag_y,Ridge,120.792,231.80870222665908,111.01670222665908,111.01670222665908,91.90733014327031,LARGE_PREDICTION_CHANGE,HIGH,Prediction changed by 91.91% (threshold 50.00%)
1026,2026-06-08 00:04:56,2026-06-08 00:05:56,60,mag_x,Ridge,34.356,232.34899555354127,197.99299555354128,197.99299555354128,576.2981591382619,LARGE_PREDICTION_CHANGE,HIGH,Prediction changed by 576.30% (threshold 50.00%)
1034,2026-06-08 00:04:57,2026-06-08 00:05:57,60,mag_y,Ridge,0.084,226.06594926221655,225.98194926221657,225.98194926221655,269026.13007406733,LARGE_PREDICTION_CHANGE,HIGH,Prediction changed by 269026.13% (threshold 50.00%)
1035,2026-06-08 00:04:57,2026-06-08 00:05:57,60,mag_z,Ridge,30.534,232.2419007927309,201.7079007927309,201.7079007927309,660.6009720073719,LARGE_PREDICTION_CHANGE,HIGH,Prediction changed by 660.60% (threshold 50.00%)
1042,2026-06-08 00:04:58,2026-06-08 00:05:58,60,mag_z,Ridge,86.25401,223.9706208101137,137.7166108101137,137.7166108101137,159.66400960385926,LARGE_PREDICTION_CHANGE,HIGH,Prediction changed by 159.66% (threshold 50.00%)
1047,2026-06-08 00:05:00,2026-06-08 00:06:00,60,mag_x,Ridge,86.632,232.17300102066076,145.54100102066073,145.54100102066076,167.9991239041702,LARGE_PREDICTION_CHANGE,HIGH,Prediction changed by 168.00% (threshold 50.00%)
1063,2026-06-08 00:05:03,2026-06-08 00:06:03,60,mag_z,Ridge,146.174,226.97723094160236,80.80323094160232,80.80323094160235,55.2787985151958,LARGE_PREDICTION_CHANGE,HIGH,Prediction changed by 55.28% (threshold 50.00%)
1070,2026-06-08 00:05:04,2026-06-08 00:06:04,60,mag_z,Ridge,126.868,227.3882574844134,100.5202574844134,100.5202574844134,79.23216057982582,LARGE_PREDICTION_CHANGE,HIGH,Prediction changed by 79.23% (threshold 50.00%)
1076,2026-06-08 00:05:06,2026-06-08 00:06:06,60,mag_y,Ridge,8.05,222.9679902974752,214.9179902974752,214.9179902974752,2669.7886993475176,LARGE_PREDICTION_CHANGE,HIGH,Prediction changed by 2669.79% (threshold 50.00%)
1077,2026-06-08 00:05:06,2026-06-08 00:06:06,60,mag_z,Ridge,143.192,232.63370001376563,89.44170001376563,89.44170001376563,62.46277725973911,LARGE_PREDICTION_CHANGE,HIGH,Prediction changed by 62.46% (threshold 50.00%)
1089,2026-06-08 00:05:08,2026-06-08 00:06:08,60,mag_x,Ridge,142.674,239.88907393618427,97.21507393618428,97.21507393618427,68.13790454896076,LARGE_PREDICTION_CHANGE,HIGH,Prediction changed by 68.14% (threshold 50.00%)
1091,2026-06-08 00:05:08,2026-06-08 00:06:08,60,mag_z,Ridge,77.36401,233.5923563982039,156.22834639820388,156.22834639820388,201.93930795237205,LARGE_PREDICTION_CHANGE,HIGH,Prediction changed by 201.94% (threshold 50.00%)
1096,2026-06-08 00:05:10,2026-06-08 00:06:10,60,mag_x,Ridge,151.886,236.79054568029463,84.90454568029466,84.90454568029463,55.900178871189354,LARGE_PREDICTION_CHANGE,HIGH,Prediction changed by 55.90% (threshold 50.00%)
1097,2026-06-08 00:05:10,2026-06-08 00:06:10,60,mag_y,Ridge,51.59,224.7745830019052,173.18458300190517,173.1845830019052,335.69409382032404,LARGE_PREDICTION_CHANGE,HIGH,Prediction changed by 335.69% (threshold 50.00%)
1105,2026-06-08 00:05:11,2026-06-08 00:06:11,60,mag_z,Ridge,123.97,233.43937561871547,109.46937561871547,109.46937561871547,88.3031181888485,LARGE_PREDICTION_CHANGE,HIGH,Prediction changed by 88.30% (threshold 50.00%)
1117,2026-06-08 00:05:14,2026-06-08 00:06:14,60,mag_x,Ridge,111.846,234.50881943933555,122.66281943933552,122.66281943933555,109.67117236140365,LARGE_PREDICTION_CHANGE,HIGH,Prediction changed by 109.67% (threshold 50.00%)
1118,2026-06-08 00:05:14,2026-06-08 00:06:14,60,mag_y,Ridge,138.586,232.55801524120545,93.97201524120544,93.97201524120544,67.80772606266538,LARGE_PREDICTION_CHANGE,HIGH,Prediction changed by 67.81% (threshold 50.00%)
1119,2026-06-08 00:05:14,2026-06-08 00:06:14,60,mag_z,Ridge,45.472,236.60988674166748,191.13788674166747,191.13788674166747,420.34193952689014,LARGE_PREDICTION_CHANGE,HIGH,Prediction changed by 420.34% (threshold 50.00%)
1125,2026-06-08 00:05:16,2026-06-08 00:06:16,60,mag_y,Ridge,12.922,228.617589805257,215.695589805257,215.69558980525701,1669.2121173599826,LARGE_PREDICTION_CHANGE,HIGH,Prediction changed by 1669.21% (threshold 50.00%)
1131,2026-06-08 00:05:17,2026-06-08 00:06:17,60,mag_x,Ridge,153.048,231.9931741179992,78.94517411799922,78.94517411799919,51.581970439338775,LARGE_PREDICTION_CHANGE,HIGH,Prediction changed by 51.58% (threshold 50.00%)
1132,2026-06-08 00:05:17,2026-06-08 00:06:17,60,mag_y,Ridge,63.504,229.2415566305542,165.73755663055422,165.7375566305542,260.9875860269498,LARGE_PREDICTION_CHANGE,HIGH,Prediction changed by 260.99% (threshold 50.00%)
1159,2026-06-08 00:05:23,2026-06-08 00:06:23,60,mag_x,Ridge,11.088,235.1965830254457,224.1085830254457,224.1085830254457,2021.1813043420432,LARGE_PREDICTION_CHANGE,HIGH,Prediction changed by 2021.18% (threshold 50.00%)
1160,2026-06-08 00:05:23,2026-06-08 00:06:23,60,mag_y,Ridge,47.46,226.1165405489585,178.6565405489585,178.6565405489585,376.43603149801623,LARGE_PREDICTION_CHANGE,HIGH,Prediction changed by 376.44% (threshold 50.00%)
1167,2026-06-08 00:05:24,2026-06-08 00:06:24,60,mag_y,Ridge,1.918,236.33509999041004,234.41709999041004,234.41709999041004,12221.955161126696,LARGE_PREDICTION_CHANGE,HIGH,Prediction changed by 12221.96% (threshold 50.00%)
1168,2026-06-08 00:05:24,2026-06-08 00:06:24,60,mag_z,Ridge,110.418,235.4881276760368,125.07012767603678,125.0701276760368,113.2696912424032,LARGE_PREDICTION_CHANGE,HIGH,Prediction changed by 113.27% (threshold 50.00%)
1174,2026-06-08 00:05:26,2026-06-08 00:06:26,60,mag_y,Ridge,88.466,239.3228682220896,150.8568682220896,150.8568682220896,170.5252506297217,LARGE_PREDICTION_CHANGE,HIGH,Prediction changed by 170.53% (threshold 50.00%)
1181,2026-06-08 00:05:27,2026-06-08 00:06:27,60,mag_y,Ridge,111.412,232.97886297099149,121.56686297099148,121.56686297099148,109.11469408231741,LARGE_PREDICTION_CHANGE,HIGH,Prediction changed by 109.11% (threshold 50.00%)
1208,2026-06-08 00:05:33,2026-06-08 00:06:33,60,mag_x,Ridge,118.986,232.68147670399588,113.69547670399588,113.69547670399588,95.55365900525766,LARGE_PREDICTION_CHANGE,HIGH,Prediction changed by 95.55% (threshold 50.00%)
1222,2026-06-08 00:05:36,2026-06-08 00:06:36,60,mag_x,Ridge,120.918,227.62090887306013,106.70290887306012,106.70290887306012,88.24402394437563,LARGE_PREDICTION_CHANGE,HIGH,Prediction changed by 88.24% (threshold 50.00%)
1223,2026-06-08 00:05:36,2026-06-08 00:06:36,60,mag_y,Ridge,124.964,233.35802816478625,108.39402816478623,108.39402816478625,86.74020371049761,LARGE_PREDICTION_CHANGE,HIGH,Prediction changed by 86.74% (threshold 50.00%)
1231,2026-06-08 00:05:37,2026-06-08 00:06:37,60,mag_z,Ridge,41.496,234.1298393720145,192.63383937201448,192.63383937201448,464.22267055141333,LARGE_PREDICTION_CHANGE,HIGH,Prediction changed by 464.22% (threshold 50.00%)
1238,2026-06-08 00:05:38,2026-06-08 00:06:38,60,mag_z,Ridge,125.86,226.0551385015256,100.1951385015256,100.19513850152559,79.60840497499252,LARGE_PREDICTION_CHANGE,HIGH,Prediction changed by 79.61% (threshold 50.00%)
1252,2026-06-08 00:05:41,2026-06-08 00:06:41,60,mag_z,Ridge,137.634,231.1124280663512,93.47842806635124,93.47842806635123,67.91812202388309,LARGE_PREDICTION_CHANGE,HIGH,Prediction changed by 67.92% (threshold 50.00%)
1259,2026-06-08 00:05:43,2026-06-08 00:06:43,60,mag_z,Ridge,98.98,228.9867061260016,130.00670612600155,130.00670612600157,131.3464398120848,LARGE_PREDICTION_CHANGE,HIGH,Prediction changed by 131.35% (threshold 50.00%)
1264,2026-06-08 00:05:44,2026-06-08 00:06:44,60,mag_x,Ridge,444.766,220.1407146164666,-224.62528538353345,224.62528538353342,-50.50414945916132,LARGE_PREDICTION_CHANGE,HIGH,Prediction changed by 50.50% (threshold 50.00%)
1265,2026-06-08 00:05:44,2026-06-08 00:06:44,60,mag_y,Ridge,102.662,220.8947291714377,118.23272917143768,118.23272917143768,115.1669840558704,LARGE_PREDICTION_CHANGE,HIGH,Prediction changed by 115.17% (threshold 50.00%)
1266,2026-06-08 00:05:44,2026-06-08 00:06:44,60,mag_z,Ridge,103.39,231.37267417328613,127.98267417328611,127.98267417328613,123.7863179933128,LARGE_PREDICTION_CHANGE,HIGH,Prediction changed by 123.79% (threshold 50.00%)
1278,2026-06-08 00:05:47,2026-06-08 00:06:47,60,mag_x,Ridge,33.684,226.24424101113007,192.56024101113007,192.56024101113007,571.6667884192201,LARGE_PREDICTION_CHANGE,HIGH,Prediction changed by 571.67% (threshold 50.00%)
1280,2026-06-08 00:05:47,2026-06-08 00:06:47,60,mag_z,Ridge,121.828,227.40514535947383,105.57714535947386,105.57714535947383,86.66082128859857,LARGE_PREDICTION_CHANGE,HIGH,Prediction changed by 86.66% (threshold 50.00%)
1285,2026-06-08 00:05:48,2026-06-08 00:06:48,60,mag_x,Ridge,5.124,220.779543081492,215.655543081492,215.655543081492,4208.734252175878,LARGE_PREDICTION_CHANGE,HIGH,Prediction changed by 4208.73% (threshold 50.00%)
1306,2026-06-08 00:05:53,2026-06-08 00:06:53,60,mag_x,Ridge,43.218,231.03317765111575,187.8151776511158,187.81517765111573,434.57628222295284,LARGE_PREDICTION_CHANGE,HIGH,Prediction changed by 434.58% (threshold 50.00%)
1307,2026-06-08 00:05:53,2026-06-08 00:06:53,60,mag_y,Ridge,131.054,229.7734075773738,98.7194075773738,98.7194075773738,75.3272754569672,LARGE_PREDICTION_CHANGE,HIGH,Prediction changed by 75.33% (threshold 50.00%)
1321,2026-06-08 00:05:56,2026-06-08 00:06:56,60,mag_y,Ridge,82.054,231.8042794323865,149.7502794323865,149.7502794323865,182.50210767590426,LARGE_PREDICTION_CHANGE,HIGH,Prediction changed by 182.50% (threshold 50.00%)
1328,2026-06-08 00:05:57,2026-06-08 00:06:57,60,mag_y,Ridge,98.63,228.38556247578157,129.75556247578157,129.75556247578157,131.55790578503658,LARGE_PREDICTION_CHANGE,HIGH,Prediction changed by 131.56% (threshold 50.00%)
1335,2026-06-08 00:05:59,2026-06-08 00:06:59,60,mag_y,Ridge,82.61401,231.4368897477091,148.82287974770912,148.82287974770912,180.14242347963636,LARGE_PREDICTION_CHANGE,HIGH,Prediction changed by 180.14% (threshold 50.00%)
1349,2026-06-08 00:06:01,2026-06-08 00:07:01,60,mag_y,Ridge,114.506,220.5637560062682,106.0577560062682,106.05775600626819,92.62200758586293,LARGE_PREDICTION_CHANGE,HIGH,Prediction changed by 92.62% (threshold 50.00%)
1356,2026-06-08 00:06:03,2026-06-08 00:07:03,60,mag_y,Ridge,121.198,224.71780847340287,103.51980847340288,103.51980847340288,85.41379269740662,LARGE_PREDICTION_CHANGE,HIGH,Prediction changed by 85.41% (threshold 50.00%)
1362,2026-06-08 00:06:04,2026-06-08 00:07:04,60,mag_x,Ridge,150.85,238.2619415534362,87.41194155343621,87.41194155343621,57.94626553094876,LARGE_PREDICTION_CHANGE,HIGH,Prediction changed by 57.95% (threshold 50.00%)
1363,2026-06-08 00:06:04,2026-06-08 00:07:04,60,mag_y,Ridge,8.722,224.5502361949837,215.8282361949837,215.8282361949837,2474.5268997361122,LARGE_PREDICTION_CHANGE,HIGH,Prediction changed by 2474.53% (threshold 50.00%)
1369,2026-06-08 00:06:06,2026-06-08 00:07:06,60,mag_x,Ridge,138.11,234.0425148087242,95.9325148087242,95.93251480872419,69.46094765674043,LARGE_PREDICTION_CHANGE,HIGH,Prediction changed by 69.46% (threshold 50.00%)
1376,2026-06-08 00:06:07,2026-06-08 00:07:07,60,mag_x,Ridge,17.472,236.6870800211213,219.21508002112125,219.21508002112128,1254.6650642234504,LARGE_PREDICTION_CHANGE,HIGH,Prediction changed by 1254.67% (threshold 50.00%)
1383,2026-06-08 00:06:09,2026-06-08 00:07:09,60,mag_x,Ridge,2.226,233.91337902314547,231.68737902314547,231.68737902314547,10408.238051354243,LARGE_PREDICTION_CHANGE,HIGH,Prediction changed by 10408.24% (threshold 50.00%)
1385,2026-06-08 00:06:09,2026-06-08 00:07:09,60,mag_z,Ridge,90.748,225.19373549512937,134.44573549512938,134.44573549512938,148.15283586980362,LARGE_PREDICTION_CHANGE,HIGH,Prediction changed by 148.15% (threshold 50.00%)
1390,2026-06-08 00:06:10,2026-06-08 00:07:10,60,mag_x,Ridge,61.516,232.48389923984843,170.96789923984844,170.96789923984844,277.92427862645235,LARGE_PREDICTION_CHANGE,HIGH,Prediction changed by 277.92% (threshold 50.00%)
1391,2026-06-08 00:06:10,2026-06-08 00:07:10,60,mag_y,Ridge,42.952,229.96449766349397,187.01249766349397,187.01249766349397,435.3988118446033,LARGE_PREDICTION_CHANGE,HIGH,Prediction changed by 435.40% (threshold 50.00%)
1392,2026-06-08 00:06:10,2026-06-08 00:07:10,60,mag_z,Ridge,123.732,230.4732770724478,106.7412770724478,106.74127707244779,86.26812552326626,LARGE_PREDICTION_CHANGE,HIGH,Prediction changed by 86.27% (threshold 50.00%)
1397,2026-06-08 00:06:11,2026-06-08 00:07:11,60,mag_x,Ridge,73.248,228.1674859487365,154.9194859487365,154.9194859487365,211.49995351236416,LARGE_PREDICTION_CHANGE,HIGH,Prediction changed by 211.50% (threshold 50.00%)
1398,2026-06-08 00:06:11,2026-06-08 00:07:11,60,mag_y,Ridge,21.084,223.559858372158,202.475858372158,202.475858372158,960.3294364075033,LARGE_PREDICTION_CHANGE,HIGH,Prediction changed by 960.33% (threshold 50.00%)
1404,2026-06-08 00:06:13,2026-06-08 00:07:13,60,mag_x,Ridge,49.0,229.2520884010497,180.2520884010497,180.2520884010497,367.8614049001014,LARGE_PREDICTION_CHANGE,HIGH,Prediction changed by 367.86% (threshold 50.00%)
1412,2026-06-08 00:06:14,2026-06-08 00:07:14,60,mag_y,Ridge,79.03,214.63435799711135,135.60435799711138,135.60435799711135,171.5859268595614,LARGE_PREDICTION_CHANGE,HIGH,Prediction changed by 171.59% (threshold 50.00%)
1418,2026-06-08 00:06:16,2026-06-08 00:07:16,60,mag_x,Ridge,33.936,228.4050898669501,194.4690898669501,194.4690898669501,573.0465873024225,LARGE_PREDICTION_CHANGE,HIGH,Prediction changed by 573.05% (threshold 50.00%)
1420,2026-06-08 00:06:16,2026-06-08 00:07:16,60,mag_z,Ridge,123.424,226.3215876631192,102.8975876631192,102.8975876631192,83.36918886368873,LARGE_PREDICTION_CHANGE,HIGH,Prediction changed by 83.37% (threshold 50.00%)
1425,2026-06-08 00:06:17,2026-06-08 00:07:17,60,mag_x,Ridge,129.122,226.3757322135164,97.25373221351634,97.25373221351637,75.31925792159069,LARGE_PREDICTION_CHANGE,HIGH,Prediction changed by 75.32% (threshold 50.00%)
1426,2026-06-08 00:06:17,2026-06-08 00:07:17,60,mag_y,Ridge,94.57,226.6735473684238,132.10354736842382,132.10354736842382,139.68864055030542,LARGE_PREDICTION_CHANGE,HIGH,Prediction changed by 139.69% (threshold 50.00%)
1433,2026-06-08 00:06:19,2026-06-08 00:07:19,60,mag_y,Ridge,140.994,227.74458979028216,86.75058979028216,86.75058979028216,61.52785919278988,LARGE_PREDICTION_CHANGE,HIGH,Prediction changed by 61.53% (threshold 50.00%)
1434,2026-06-08 00:06:19,2026-06-08 00:07:19,60,mag_z,Ridge,83.678,227.2931104359357,143.61511043593572,143.6151104359357,171.62827796545776,LARGE_PREDICTION_CHANGE,HIGH,Prediction changed by 171.63% (threshold 50.00%)
1446,2026-06-08 00:06:21,2026-06-08 00:07:21,60,mag_x,Ridge,36.596,235.32355512860363,198.72755512860363,198.72755512860363,543.0308097294886,LARGE_PREDICTION_CHANGE,HIGH,Prediction changed by 543.03% (threshold 50.00%)
1455,2026-06-08 00:06:23,2026-06-08 00:07:23,60,mag_z,Ridge,56.616,224.46102636361596,167.84502636361594,167.84502636361594,296.46217741206715,LARGE_PREDICTION_CHANGE,HIGH,Prediction changed by 296.46% (threshold 50.00%)
1461,2026-06-08 00:06:24,2026-06-08 00:07:24,60,mag_y,Ridge,34.342,219.1914780874284,184.8494780874284,184.8494780874284,538.2606664941716,LARGE_PREDICTION_CHANGE,HIGH,Prediction changed by 538.26% (threshold 50.00%)
1482,2026-06-08 00:06:29,2026-06-08 00:07:29,60,mag_y,Ridge,113.974,223.3468157144835,109.37281571448352,109.37281571448351,95.96295270367234,LARGE_PREDICTION_CHANGE,HIGH,Prediction changed by 95.96% (threshold 50.00%)
1483,2026-06-08 00:06:29,2026-06-08 00:07:29,60,mag_z,Ridge,29.596,225.99398224632648,196.39798224632648,196.39798224632648,663.5963719635305,LARGE_PREDICTION_CHANGE,HIGH,Prediction changed by 663.60% (threshold 50.00%)
1489,2026-06-08 00:06:30,2026-06-08 00:07:30,60,mag_y,Ridge,128.716,213.4367785691317,84.72077856913165,84.72077856913168,65.81992803469005,LARGE_PREDICTION_CHANGE,HIGH,Prediction changed by 65.82% (threshold 50.00%)
1496,2026-06-08 00:06:31,2026-06-08 00:07:31,60,mag_y,Ridge,50.512,219.3916661922316,168.8796661922316,168.8796661922316,334.33573446355643,LARGE_PREDICTION_CHANGE,HIGH,Prediction changed by 334.34% (threshold 50.00%)
1503,2026-06-08 00:06:33,2026-06-08 00:07:33,60,mag_y,Ridge,60.76,219.35066491695744,158.59066491695745,158.59066491695745,261.01162757892934,LARGE_PREDICTION_CHANGE,HIGH,Prediction changed by 261.01% (threshold 50.00%)
1504,2026-06-08 00:06:33,2026-06-08 00:07:33,60,mag_z,Ridge,9.856,225.54119637255872,215.68519637255872,215.68519637255872,2188.3644112475517,LARGE_PREDICTION_CHANGE,HIGH,Prediction changed by 2188.36% (threshold 50.00%)
1516,2026-06-08 00:06:36,2026-06-08 00:07:36,60,mag_x,Ridge,136.43,240.40796237375068,103.97796237375069,103.97796237375067,76.21341521201398,LARGE_PREDICTION_CHANGE,HIGH,Prediction changed by 76.21% (threshold 50.00%)
1525,2026-06-08 00:06:37,2026-06-08 00:07:37,60,mag_z,Ridge,130.41,226.9934075728583,96.5834075728583,96.5834075728583,74.06135079584259,LARGE_PREDICTION_CHANGE,HIGH,Prediction changed by 74.06% (threshold 50.00%)
1551,2026-06-08 00:06:43,2026-06-08 00:07:43,60,mag_x,Ridge,59.542,240.45008993998883,180.90808993998883,180.90808993998883,303.83273981389414,LARGE_PREDICTION_CHANGE,HIGH,Prediction changed by 303.83% (threshold 50.00%)
1559,2026-06-08 00:06:44,2026-06-08 00:07:44,60,mag_y,Ridge,27.902,230.6254985540787,202.72349855407867,202.72349855407867,726.5554388720475,LARGE_PREDICTION_CHANGE,HIGH,Prediction changed by 726.56% (threshold 50.00%)
1572,2026-06-08 00:06:47,2026-06-08 00:07:47,60,mag_x,Ridge,98.084,230.2109133840723,132.1269133840723,132.1269133840723,134.70791707523378,LARGE_PREDICTION_CHANGE,HIGH,Prediction changed by 134.71% (threshold 50.00%)
1573,2026-06-08 00:06:47,2026-06-08 00:07:47,60,mag_y,Ridge,81.816,234.51858766444127,152.70258766444127,152.70258766444127,186.64147314026752,LARGE_PREDICTION_CHANGE,HIGH,Prediction changed by 186.64% (threshold 50.00%)
1607,2026-06-08 00:06:54,2026-06-08 00:07:54,60,mag_x,Ridge,24.108,224.81891689856715,200.71091689856715,200.71091689856715,832.5490165030992,LARGE_PREDICTION_CHANGE,HIGH,Prediction changed by 832.55% (threshold 50.00%)
1609,2026-06-08 00:06:54,2026-06-08 00:07:54,60,mag_z,Ridge,77.322,231.3119345480112,153.9899345480112,153.9899345480112,199.15410174078684,LARGE_PREDICTION_CHANGE,HIGH,Prediction changed by 199.15% (threshold 50.00%)
1616,2026-06-08 00:06:56,2026-06-08 00:07:56,60,mag_z,Ridge,16.366,228.94550409170267,212.5795040917027,212.5795040917027,1298.909349209964,LARGE_PREDICTION_CHANGE,HIGH,Prediction changed by 1298.91% (threshold 50.00%)
1636,2026-06-08 00:07:00,2026-06-08 00:08:00,60,mag_y,Ridge,70.336,230.95564667981645,160.61964667981647,160.61964667981647,228.36050767717308,LARGE_PREDICTION_CHANGE,HIGH,Prediction changed by 228.36% (threshold 50.00%)
1642,2026-06-08 00:07:02,2026-06-08 00:08:02,60,mag_x,Ridge,122.724,225.66395756693575,102.93995756693576,102.93995756693575,83.87923924166077,LARGE_PREDICTION_CHANGE,HIGH,Prediction changed by 83.88% (threshold 50.00%)
1657,2026-06-08 00:07:04,2026-06-08 00:08:04,60,mag_y,Ridge,101.444,222.4230497109678,120.9790497109678,120.9790497109678,119.2569789351443,LARGE_PREDICTION_CHANGE,HIGH,Prediction changed by 119.26% (threshold 50.00%)
1672,2026-06-08 00:07:07,2026-06-08 00:08:07,60,mag_z,Ridge,142.73,227.7377487797911,85.00774877979111,85.00774877979111,59.558431149576904,LARGE_PREDICTION_CHANGE,HIGH,Prediction changed by 59.56% (threshold 50.00%)
1677,2026-06-08 00:07:09,2026-06-08 00:08:09,60,mag_x,Ridge,120.274,234.3048465619717,114.03084656197169,114.03084656197169,94.80922440591623,LARGE_PREDICTION_CHANGE,HIGH,Prediction changed by 94.81% (threshold 50.00%)
1685,2026-06-08 00:07:10,2026-06-08 00:08:10,60,mag_y,Ridge,141.176,226.72300365447103,85.54700365447107,85.54700365447104,60.59599624190448,LARGE_PREDICTION_CHANGE,HIGH,Prediction changed by 60.60% (threshold 50.00%)
1691,2026-06-08 00:07:12,2026-06-08 00:08:12,60,mag_x,Ridge,104.972,233.89209571198936,128.9200957119894,128.92009571198935,122.81379388026275,LARGE_PREDICTION_CHANGE,HIGH,Prediction changed by 122.81% (threshold 50.00%)
1693,2026-06-08 00:07:12,2026-06-08 00:08:12,60,mag_z,Ridge,107.492,228.479344247737,120.987344247737,120.987344247737,112.55474290899508,LARGE_PREDICTION_CHANGE,HIGH,Prediction changed by 112.55% (threshold 50.00%)
1706,2026-06-08 00:07:14,2026-06-08 00:08:14,60,mag_y,Ridge,81.564,232.3139020890546,150.7499020890546,150.74990208905461,184.82406709952258,LARGE_PREDICTION_CHANGE,HIGH,Prediction changed by 184.82% (threshold 50.00%)
1712,2026-06-08 00:07:16,2026-06-08 00:08:16,60,mag_x,Ridge,50.232,237.77969710637575,187.54769710637575,187.54769710637575,373.3629899394325,LARGE_PREDICTION_CHANGE,HIGH,Prediction changed by 373.36% (threshold 50.00%)
1735,2026-06-08 00:07:20,2026-06-08 00:08:20,60,mag_z,Ridge,60.606,227.28987404709403,166.68387404709404,166.68387404709404,275.0286672063724,LARGE_PREDICTION_CHANGE,HIGH,Prediction changed by 275.03% (threshold 50.00%)
1742,2026-06-08 00:07:22,2026-06-08 00:08:22,60,mag_z,Ridge,140.126,223.77950474576645,83.65350474576644,83.65350474576644,59.69877449278967,LARGE_PREDICTION_CHANGE,HIGH,Prediction changed by 59.70% (threshold 50.00%)
1748,2026-06-08 00:07:23,2026-06-08 00:08:23,60,mag_y,Ridge,68.096,233.7250362852603,165.6290362852603,165.6290362852603,243.22873044710454,LARGE_PREDICTION_CHANGE,HIGH,Prediction changed by 243.23% (threshold 50.00%)
1749,2026-06-08 00:07:23,2026-06-08 00:08:23,60,mag_z,Ridge,96.71201,229.73214824465023,133.02013824465024,133.02013824465024,137.54252263462442,LARGE_PREDICTION_CHANGE,HIGH,Prediction changed by 137.54% (threshold 50.00%)
1761,2026-06-08 00:07:26,2026-06-08 00:08:26,60,mag_x,Ridge,107.016,235.34473516001407,128.32873516001405,128.32873516001405,119.91546606116286,LARGE_PREDICTION_CHANGE,HIGH,Prediction changed by 119.92% (threshold 50.00%)
1776,2026-06-08 00:07:29,2026-06-08 00:08:29,60,mag_y,Ridge,124.796,228.70347425872413,103.90747425872412,103.90747425872412,83.26186276701506,LARGE_PREDICTION_CHANGE,HIGH,Prediction changed by 83.26% (threshold 50.00%)
1782,2026-06-08 00:07:30,2026-06-08 00:08:30,60,mag_x,Ridge,40.6,232.8817629241275,192.2817629241275,192.2817629241275,473.6004012909544,LARGE_PREDICTION_CHANGE,HIGH,Prediction changed by 473.60% (threshold 50.00%)
1790,2026-06-08 00:07:32,2026-06-08 00:08:32,60,mag_y,Ridge,109.592,227.5481505329966,117.9561505329966,117.9561505329966,107.63208129516444,LARGE_PREDICTION_CHANGE,HIGH,Prediction changed by 107.63% (threshold 50.00%)
1798,2026-06-08 00:07:33,2026-06-08 00:08:33,60,mag_z,Ridge,109.466,237.096099349748,127.630099349748,127.630099349748,116.59337086378237,LARGE_PREDICTION_CHANGE,HIGH,Prediction changed by 116.59% (threshold 50.00%)
1804,2026-06-08 00:07:34,2026-06-08 00:08:34,60,mag_y,Ridge,19.418,222.72421534315131,203.3062153431513,203.3062153431513,1046.998740051248,LARGE_PREDICTION_CHANGE,HIGH,Prediction changed by 1047.00% (threshold 50.00%)
1817,2026-06-08 00:07:37,2026-06-08 00:08:37,60,mag_x,Ridge,26.852,235.1976621404306,208.3456621404306,208.3456621404306,775.9037022956599,LARGE_PREDICTION_CHANGE,HIGH,Prediction changed by 775.90% (threshold 50.00%)
1826,2026-06-08 00:07:39,2026-06-08 00:08:39,60,mag_z,Ridge,1.064,231.42011272189987,230.35611272189988,230.35611272189988,21650.010594163523,LARGE_PREDICTION_CHANGE,HIGH,Prediction changed by 21650.01% (threshold 50.00%)
1832,2026-06-08 00:07:40,2026-06-08 00:08:40,60,mag_y,Ridge,123.298,225.207042034679,101.909042034679,101.909042034679,82.65263186319243,LARGE_PREDICTION_CHANGE,HIGH,Prediction changed by 82.65% (threshold 50.00%)
1840,2026-06-08 00:07:42,2026-06-08 00:08:42,60,mag_z,Ridge,66.08,226.4788266757745,160.39882667577456,160.3988266757745,242.7343018701189,LARGE_PREDICTION_CHANGE,HIGH,Prediction changed by 242.73% (threshold 50.00%)
1845,2026-06-08 00:07:43,2026-06-08 00:08:43,60,mag_x,Ridge,8.232,235.7497198586714,227.5177198586714,227.5177198586714,2763.8206979916354,LARGE_PREDICTION_CHANGE,HIGH,Prediction changed by 2763.82% (threshold 50.00%)
1853,2026-06-08 00:07:45,2026-06-08 00:08:45,60,mag_y,Ridge,63.756,225.1647991922176,161.4087991922176,161.4087991922176,253.16644581250017,LARGE_PREDICTION_CHANGE,HIGH,Prediction changed by 253.17% (threshold 50.00%)
1854,2026-06-08 00:07:45,2026-06-08 00:08:45,60,mag_z,Ridge,148.484,227.50085200077075,79.01685200077074,79.01685200077074,53.215735029209036,LARGE_PREDICTION_CHANGE,HIGH,Prediction changed by 53.22% (threshold 50.00%)
1859,2026-06-08 00:07:46,2026-06-08 00:08:46,60,mag_x,Ridge,47.628,230.9505470856491,183.3225470856491,183.3225470856491,384.9049867423555,LARGE_PREDICTION_CHANGE,HIGH,Prediction changed by 384.90% (threshold 50.00%)
1860,2026-06-08 00:07:46,2026-06-08 00:08:46,60,mag_y,Ridge,40.376,223.7703973390936,183.3943973390936,183.3943973390936,454.2163595677967,LARGE_PREDICTION_CHANGE,HIGH,Prediction changed by 454.22% (threshold 50.00%)
1866,2026-06-08 00:07:47,2026-06-08 00:08:47,60,mag_x,Ridge,88.662,229.4722447973534,140.8102447973534,140.8102447973534,158.81690554843493,LARGE_PREDICTION_CHANGE,HIGH,Prediction changed by 158.82% (threshold 50.00%)
1868,2026-06-08 00:07:47,2026-06-08 00:08:47,60,mag_z,Ridge,79.702,224.4665887134473,144.76458871344727,144.7645887134473,181.63231626991453,LARGE_PREDICTION_CHANGE,HIGH,Prediction changed by 181.63% (threshold 50.00%)
1887,2026-06-08 00:07:52,2026-06-08 00:08:52,60,mag_x,Ridge,118.062,234.59849882008965,116.53649882008963,116.53649882008965,98.70788129973204,LARGE_PREDICTION_CHANGE,HIGH,Prediction changed by 98.71% (threshold 50.00%)
1889,2026-06-08 00:07:52,2026-06-08 00:08:52,60,mag_z,Ridge,92.386,225.44531780404608,133.05931780404606,133.0593178040461,144.02541272925126,LARGE_PREDICTION_CHANGE,HIGH,Prediction changed by 144.03% (threshold 50.00%)
1894,2026-06-08 00:07:53,2026-06-08 00:08:53,60,mag_x,Ridge,13.104,230.0023980836184,216.8983980836184,216.89839808361842,1655.2075555831684,LARGE_PREDICTION_CHANGE,HIGH,Prediction changed by 1655.21% (threshold 50.00%)
1916,2026-06-08 00:07:57,2026-06-08 00:08:57,60,mag_y,Ridge,112.49,229.55507175342092,117.06507175342097,117.06507175342092,104.06709196677124,LARGE_PREDICTION_CHANGE,HIGH,Prediction changed by 104.07% (threshold 50.00%)
1922,2026-06-08 00:07:59,2026-06-08 00:08:59,60,mag_x,Ridge,16.982,234.6736153386276,217.6916153386276,217.6916153386276,1281.896215632008,LARGE_PREDICTION_CHANGE,HIGH,Prediction changed by 1281.90% (threshold 50.00%)
1924,2026-06-08 00:07:59,2026-06-08 00:08:59,60,mag_z,Ridge,447.244,219.9753771432609,-227.2686228567391,227.2686228567391,-50.81535422649361,LARGE_PREDICTION_CHANGE,HIGH,Prediction changed by 50.82% (threshold 50.00%)
1930,2026-06-08 00:08:00,2026-06-08 00:09:00,60,mag_y,Ridge,89.488,233.30012389592196,143.81212389592193,143.81212389592196,160.70548441793528,LARGE_PREDICTION_CHANGE,HIGH,Prediction changed by 160.71% (threshold 50.00%)
1931,2026-06-08 00:08:00,2026-06-08 00:09:00,60,mag_z,Ridge,17.92,232.8664326913416,214.9464326913416,214.9464326913416,1199.4778610007902,LARGE_PREDICTION_CHANGE,HIGH,Prediction changed by 1199.48% (threshold 50.00%)
1936,2026-06-08 00:08:02,2026-06-08 00:09:02,60,mag_x,Ridge,20.608,228.8177993781035,208.2097993781035,208.2097993781035,1010.3348184108282,LARGE_PREDICTION_CHANGE,HIGH,Prediction changed by 1010.33% (threshold 50.00%)
1944,2026-06-08 00:08:03,2026-06-08 00:09:03,60,mag_y,Ridge,140.896,231.8398790929369,90.94387909293692,90.94387909293692,64.54681402803268,LARGE_PREDICTION_CHANGE,HIGH,Prediction changed by 64.55% (threshold 50.00%)
1945,2026-06-08 00:08:03,2026-06-08 00:09:03,60,mag_z,Ridge,55.874,229.7968026804552,173.9228026804552,173.9228026804552,311.27680617184234,LARGE_PREDICTION_CHANGE,HIGH,Prediction changed by 311.28% (threshold 50.00%)
1950,2026-06-08 00:08:05,2026-06-08 00:09:05,60,mag_x,Ridge,52.388,230.60146615384227,178.21346615384226,178.21346615384226,340.17993844743506,LARGE_PREDICTION_CHANGE,HIGH,Prediction changed by 340.18% (threshold 50.00%)
1959,2026-06-08 00:08:06,2026-06-08 00:09:06,60,mag_z,Ridge,41.482,224.51557728290965,183.03357728290965,183.03357728290965,441.2361440694991,LARGE_PREDICTION_CHANGE,HIGH,Prediction changed by 441.24% (threshold 50.00%)
1965,2026-06-08 00:08:07,2026-06-08 00:09:07,60,mag_y,Ridge,14.49,223.5189348841085,209.02893488410845,209.02893488410848,1442.5737397108935,LARGE_PREDICTION_CHANGE,HIGH,Prediction changed by 1442.57% (threshold 50.00%)
1971,2026-06-08 00:08:09,2026-06-08 00:09:09,60,mag_x,Ridge,1.344,231.1797893855062,229.83578938550625,229.83578938550622,17100.877186421596,LARGE_PREDICTION_CHANGE,HIGH,Prediction changed by 17100.88% (threshold 50.00%)
1979,2026-06-08 00:08:10,2026-06-08 00:09:10,60,mag_y,Ridge,54.11,222.40789287562535,168.2978928756254,168.29789287562534,311.0291866117638,LARGE_PREDICTION_CHANGE,HIGH,Prediction changed by 311.03% (threshold 50.00%)
1985,2026-06-08 00:08:12,2026-06-08 00:09:12,60,mag_x,Ridge,95.382,224.17913303433787,128.79713303433786,128.79713303433786,135.03295489121413,LARGE_PREDICTION_CHANGE,HIGH,Prediction changed by 135.03% (threshold 50.00%)
1986,2026-06-08 00:08:12,2026-06-08 00:09:12,60,mag_y,Ridge,144.676,234.1430539789868,89.4670539789868,89.46705397898683,61.8395960484025,LARGE_PREDICTION_CHANGE,HIGH,Prediction changed by 61.84% (threshold 50.00%)
1987,2026-06-08 00:08:12,2026-06-08 00:09:12,60,mag_z,Ridge,7.77,230.91258239283823,223.14258239283825,223.14258239283822,2871.847907243736,LARGE_PREDICTION_CHANGE,HIGH,Prediction changed by 2871.85% (threshold 50.00%)
2000,2026-06-08 00:08:15,2026-06-08 00:09:15,60,mag_y,Ridge,142.296,229.0466981860405,86.75069818604052,86.7506981860405,60.96495908953206,LARGE_PREDICTION_CHANGE,HIGH,Prediction changed by 60.96% (threshold 50.00%)
2001,2026-06-08 00:08:15,2026-06-08 00:09:15,60,mag_z,Ridge,22.708,231.2969050733348,208.5889050733348,208.58890507333481,918.5701297927374,LARGE_PREDICTION_CHANGE,HIGH,Prediction changed by 918.57% (threshold 50.00%)
2008,2026-06-08 00:08:16,2026-06-08 00:09:16,60,mag_z,Ridge,46.046,236.3139278993488,190.2679278993488,190.26792789934882,413.2127174984771,LARGE_PREDICTION_CHANGE,HIGH,Prediction changed by 413.21% (threshold 50.00%)
2020,2026-06-08 00:08:19,2026-06-08 00:09:19,60,mag_x,Ridge,5.068,235.19258218525536,230.12458218525532,230.12458218525535,4540.737612179466,LARGE_PREDICTION_CHANGE,HIGH,Prediction changed by 4540.74% (threshold 50.00%)
2036,2026-06-08 00:08:22,2026-06-08 00:09:22,60,mag_z,Ridge,28.378,227.80993113628625,199.43193113628627,199.43193113628627,702.7695085498847,LARGE_PREDICTION_CHANGE,HIGH,Prediction changed by 702.77% (threshold 50.00%)
2041,2026-06-08 00:08:23,2026-06-08 00:09:23,60,mag_x,Ridge,133.182,231.44614184054697,98.26414184054698,98.26414184054698,73.78184877877415,LARGE_PREDICTION_CHANGE,HIGH,Prediction changed by 73.78% (threshold 50.00%)
2049,2026-06-08 00:08:25,2026-06-08 00:09:25,60,mag_y,Ridge,119.518,232.77139101992412,113.25339101992417,113.25339101992412,94.75843891290363,LARGE_PREDICTION_CHANGE,HIGH,Prediction changed by 94.76% (threshold 50.00%)
2055,2026-06-08 00:08:26,2026-06-08 00:09:26,60,mag_x,Ridge,58.086,236.30619497945307,178.22019497945308,178.22019497945308,306.82125637753177,LARGE_PREDICTION_CHANGE,HIGH,Prediction changed by 306.82% (threshold 50.00%)
2056,2026-06-08 00:08:26,2026-06-08 00:09:26,60,mag_y,Ridge,128.702,229.0755900497014,100.3735900497014,100.37359004970139,77.98914550644233,LARGE_PREDICTION_CHANGE,HIGH,Prediction changed by 77.99% (threshold 50.00%)
2071,2026-06-08 00:08:29,2026-06-08 00:09:29,60,mag_z,Ridge,134.414,219.1968165820452,84.7828165820452,84.7828165820452,63.07588240960407,LARGE_PREDICTION_CHANGE,HIGH,Prediction changed by 63.08% (threshold 50.00%)
2076,2026-06-08 00:08:30,2026-06-08 00:09:30,60,mag_x,Ridge,153.244,234.8285226455189,81.58452264551892,81.58452264551889,53.238314482471694,LARGE_PREDICTION_CHANGE,HIGH,Prediction changed by 53.24% (threshold 50.00%)
2097,2026-06-08 00:08:35,2026-06-08 00:09:35,60,mag_x,Ridge,455.322,227.3076242215882,-228.0143757784118,228.0143757784118,-50.07761008218618,LARGE_PREDICTION_CHANGE,HIGH,Prediction changed by 50.08% (threshold 50.00%)
2099,2026-06-08 00:08:35,2026-06-08 00:09:35,60,mag_z,Ridge,12.74,226.7253452266089,213.9853452266089,213.9853452266089,1679.6337929875108,LARGE_PREDICTION_CHANGE,HIGH,Prediction changed by 1679.63% (threshold 50.00%)
2105,2026-06-08 00:08:36,2026-06-08 00:09:36,60,mag_y,Ridge,66.626,228.85570038468867,162.22970038468867,162.22970038468867,243.49308135666058,LARGE_PREDICTION_CHANGE,HIGH,Prediction changed by 243.49% (threshold 50.00%)
2106,2026-06-08 00:08:36,2026-06-08 00:09:36,60,mag_z,Ridge,68.124,223.5939886053671,155.4699886053671,155.4699886053671,228.21617727286582,LARGE_PREDICTION_CHANGE,HIGH,Prediction changed by 228.22% (threshold 50.00%)
2112,2026-06-08 00:08:37,2026-06-08 00:09:37,60,mag_y,Ridge,134.946,238.45246362688803,103.50646362688803,103.50646362688803,76.70213539259262,LARGE_PREDICTION_CHANGE,HIGH,Prediction changed by 76.70% (threshold 50.00%)
2113,2026-06-08 00:08:37,2026-06-08 00:09:37,60,mag_z,Ridge,3.822,232.76345446565372,228.94145446565372,228.94145446565372,5990.095616579114,LARGE_PREDICTION_CHANGE,HIGH,Prediction changed by 5990.10% (threshold 50.00%)
2126,2026-06-08 00:08:40,2026-06-08 00:09:40,60,mag_y,Ridge,131.838,231.07525927346805,99.23725927346806,99.23725927346806,75.27212129542929,LARGE_PREDICTION_CHANGE,HIGH,Prediction changed by 75.27% (threshold 50.00%)
2133,2026-06-08 00:08:42,2026-06-08 00:09:42,60,mag_y,Ridge,25.606,221.0387425907239,195.4327425907239,195.4327425907239,763.2302686508002,LARGE_PREDICTION_CHANGE,HIGH,Prediction changed by 763.23% (threshold 50.00%)
2134,2026-06-08 00:08:42,2026-06-08 00:09:42,60,mag_z,Ridge,115.542,222.6127474715352,107.0707474715352,107.07074747153519,92.66824831795815,LARGE_PREDICTION_CHANGE,HIGH,Prediction changed by 92.67% (threshold 50.00%)
2153,2026-06-08 00:08:46,2026-06-08 00:09:46,60,mag_x,Ridge,107.128,231.4979918417787,124.36999184177871,124.36999184177871,116.09475752537031,LARGE_PREDICTION_CHANGE,HIGH,Prediction changed by 116.09% (threshold 50.00%)
2160,2026-06-08 00:08:47,2026-06-08 00:09:47,60,mag_x,Ridge,144.55,226.9385275116836,82.38852751168358,82.38852751168358,56.99656002191876,LARGE_PREDICTION_CHANGE,HIGH,Prediction changed by 57.00% (threshold 50.00%)
2169,2026-06-08 00:08:49,2026-06-08 00:09:49,60,mag_z,Ridge,55.678,227.6916774631873,172.01367746318732,172.0136774631873,308.94370750240194,LARGE_PREDICTION_CHANGE,HIGH,Prediction changed by 308.94% (threshold 50.00%)
2174,2026-06-08 00:08:50,2026-06-08 00:09:50,60,mag_x,Ridge,125.216,227.63295591099885,102.41695591099884,102.41695591099885,81.79222775923111,LARGE_PREDICTION_CHANGE,HIGH,Prediction changed by 81.79% (threshold 50.00%)
2188,2026-06-08 00:08:53,2026-06-08 00:09:53,60,mag_x,Ridge,68.39,233.02741927238665,164.63741927238664,164.63741927238664,240.73317630119408,LARGE_PREDICTION_CHANGE,HIGH,Prediction changed by 240.73% (threshold 50.00%)
2189,2026-06-08 00:08:53,2026-06-08 00:09:53,60,mag_y,Ridge,29.008,228.84335110254605,199.83535110254604,199.83535110254604,688.897376939279,LARGE_PREDICTION_CHANGE,HIGH,Prediction changed by 688.90% (threshold 50.00%)
2197,2026-06-08 00:08:55,2026-06-08 00:09:55,60,mag_z,Ridge,45.738,232.78876002243695,187.05076002243695,187.05076002243695,408.96138882862596,LARGE_PREDICTION_CHANGE,HIGH,Prediction changed by 408.96% (threshold 50.00%)
2203,2026-06-08 00:08:56,2026-06-08 00:09:56,60,mag_y,Ridge,120.148,226.77713369277043,106.62913369277044,106.62913369277044,88.7481553523741,LARGE_PREDICTION_CHANGE,HIGH,Prediction changed by 88.75% (threshold 50.00%)
2209,2026-06-08 00:08:58,2026-06-08 00:09:58,60,mag_x,Ridge,82.236,232.18512474578145,149.94912474578143,149.94912474578143,182.34000285249942,LARGE_PREDICTION_CHANGE,HIGH,Prediction changed by 182.34% (threshold 50.00%)
2211,2026-06-08 00:08:58,2026-06-08 00:09:58,60,mag_z,Ridge,65.87,227.49691467138547,161.62691467138546,161.62691467138546,245.37257426959988,LARGE_PREDICTION_CHANGE,HIGH,Prediction changed by 245.37% (threshold 50.00%)
2216,2026-06-08 00:08:59,2026-06-08 00:09:59,60,mag_x,Ridge,103.236,235.5126179450588,132.27661794505875,132.27661794505877,128.1303207651001,LARGE_PREDICTION_CHANGE,HIGH,Prediction changed by 128.13% (threshold 50.00%)
2223,2026-06-08 00:09:00,2026-06-08 00:10:00,60,mag_x,Ridge,22.582,233.99179768973752,211.40979768973756,211.40979768973753,936.1872185357256,LARGE_PREDICTION_CHANGE,HIGH,Prediction changed by 936.19% (threshold 50.00%)
2231,2026-06-08 00:09:02,2026-06-08 00:10:02,60,mag_y,Ridge,112.014,229.9603473367059,117.9463473367059,117.9463473367059,105.29607668390193,LARGE_PREDICTION_CHANGE,HIGH,Prediction changed by 105.30% (threshold 50.00%)
2232,2026-06-08 00:09:02,2026-06-08 00:10:02,60,mag_z,Ridge,117.558,232.34636103622148,114.78836103622147,114.78836103622147,97.64402340650697,LARGE_PREDICTION_CHANGE,HIGH,Prediction changed by 97.64% (threshold 50.00%)
2244,2026-06-08 00:09:05,2026-06-08 00:10:05,60,mag_x,Ridge,90.384,238.45967828585145,148.07567828585144,148.07567828585144,163.82952545345574,LARGE_PREDICTION_CHANGE,HIGH,Prediction changed by 163.83% (threshold 50.00%)
2251,2026-06-08 00:09:06,2026-06-08 00:10:06,60,mag_x,Ridge,148.078,228.68352635828455,80.60552635828458,80.60552635828455,54.43450502997378,LARGE_PREDICTION_CHANGE,HIGH,Prediction changed by 54.43% (threshold 50.00%)
2252,2026-06-08 00:09:06,2026-06-08 00:10:06,60,mag_y,Ridge,70.252,228.3305833256878,158.07858332568782,158.07858332568782,225.01648825042392,LARGE_PREDICTION_CHANGE,HIGH,Prediction changed by 225.02% (threshold 50.00%)
2258,2026-06-08 00:09:08,2026-06-08 00:10:08,60,mag_x,Ridge,91.028,227.17733207029207,136.14933207029213,136.14933207029208,149.56862950992235,LARGE_PREDICTION_CHANGE,HIGH,Prediction changed by 149.57% (threshold 50.00%)
2260,2026-06-08 00:09:08,2026-06-08 00:10:08,60,mag_z,Ridge,90.79,230.91062464638875,140.1206246463887,140.12062464638876,154.33486578520618,LARGE_PREDICTION_CHANGE,HIGH,Prediction changed by 154.33% (threshold 50.00%)
2265,2026-06-08 00:09:09,2026-06-08 00:10:09,60,mag_x,Ridge,38.724,227.77531503613343,189.05131503613345,189.05131503613345,488.2019291295668,LARGE_PREDICTION_CHANGE,HIGH,Prediction changed by 488.20% (threshold 50.00%)
2272,2026-06-08 00:09:10,2026-06-08 00:10:10,60,mag_x,Ridge,67.816,233.3741260742184,165.55812607421836,165.5581260742184,244.12841523271553,LARGE_PREDICTION_CHANGE,HIGH,Prediction changed by 244.13% (threshold 50.00%)
2286,2026-06-08 00:09:13,2026-06-08 00:10:13,60,mag_x,Ridge,113.358,236.1810306403133,122.82303064031332,122.8230306403133,108.34968034043766,LARGE_PREDICTION_CHANGE,HIGH,Prediction changed by 108.35% (threshold 50.00%)
2287,2026-06-08 00:09:13,2026-06-08 00:10:13,60,mag_y,Ridge,4.256,223.6850823185702,219.4290823185702,219.4290823185702,5155.7585131242995,LARGE_PREDICTION_CHANGE,HIGH,Prediction changed by 5155.76% (threshold 50.00%)
2293,2026-06-08 00:09:15,2026-06-08 00:10:15,60,mag_x,Ridge,71.022,232.42833260231845,161.40633260231846,161.40633260231846,227.2624434714855,LARGE_PREDICTION_CHANGE,HIGH,Prediction changed by 227.26% (threshold 50.00%)
2301,2026-06-08 00:09:16,2026-06-08 00:10:16,60,mag_y,Ridge,44.086,223.55294122154547,179.46694122154548,179.46694122154548,407.08374817752906,LARGE_PREDICTION_CHANGE,HIGH,Prediction changed by 407.08% (threshold 50.00%)
2302,2026-06-08 00:09:16,2026-06-08 00:10:16,60,mag_z,Ridge,72.604,232.20105913098925,159.59705913098924,159.59705913098924,219.81854874523336,LARGE_PREDICTION_CHANGE,HIGH,Prediction changed by 219.82% (threshold 50.00%)
2308,2026-06-08 00:09:18,2026-06-08 00:10:18,60,mag_y,Ridge,9.604,221.84609564825524,212.2420956482553,212.24209564825526,2209.9343570205674,LARGE_PREDICTION_CHANGE,HIGH,Prediction changed by 2209.93% (threshold 50.00%)
2309,2026-06-08 00:09:18,2026-06-08 00:10:18,60,mag_z,Ridge,32.578,237.0508127952179,204.4728127952179,204.4728127952179,627.6407784247587,LARGE_PREDICTION_CHANGE,HIGH,Prediction changed by 627.64% (threshold 50.00%)
2316,2026-06-08 00:09:19,2026-06-08 00:10:19,60,mag_z,Ridge,19.334,229.60332697866687,210.26932697866687,210.26932697866687,1087.562464977071,LARGE_PREDICTION_CHANGE,HIGH,Prediction changed by 1087.56% (threshold 50.00%)
2330,2026-06-08 00:09:22,2026-06-08 00:10:22,60,mag_z,Ridge,62.384,234.3579461656232,171.9739461656232,171.9739461656232,275.6699573057566,LARGE_PREDICTION_CHANGE,HIGH,Prediction changed by 275.67% (threshold 50.00%)
2343,2026-06-08 00:09:25,2026-06-08 00:10:25,60,mag_y,Ridge,69.888,222.60495227622235,152.71695227622234,152.71695227622234,218.5167014025617,LARGE_PREDICTION_CHANGE,HIGH,Prediction changed by 218.52% (threshold 50.00%)
2344,2026-06-08 00:09:25,2026-06-08 00:10:25,60,mag_z,Ridge,111.944,234.08010180679943,122.13610180679946,122.13610180679943,109.10464322053835,LARGE_PREDICTION_CHANGE,HIGH,Prediction changed by 109.10% (threshold 50.00%)
2349,2026-06-08 00:09:26,2026-06-08 00:10:26,60,mag_x,Ridge,60.62,241.61819524429367,180.99819524429367,180.99819524429367,298.578349132784,LARGE_PREDICTION_CHANGE,HIGH,Prediction changed by 298.58% (threshold 50.00%)
2371,2026-06-08 00:09:30,2026-06-08 00:10:30,60,mag_y,Ridge,112.28,232.16352772343825,119.88352772343823,119.88352772343825,106.77193420327595,LARGE_PREDICTION_CHANGE,HIGH,Prediction changed by 106.77% (threshold 50.00%)
2372,2026-06-08 00:09:30,2026-06-08 00:10:30,60,mag_z,Ridge,146.328,237.82924497182387,91.50124497182388,91.50124497182387,62.53160363828104,LARGE_PREDICTION_CHANGE,HIGH,Prediction changed by 62.53% (threshold 50.00%)
2377,2026-06-08 00:09:32,2026-06-08 00:10:32,60,mag_x,Ridge,148.708,236.99866139193975,88.29066139193978,88.29066139193975,59.37183029288254,LARGE_PREDICTION_CHANGE,HIGH,Prediction changed by 59.37% (threshold 50.00%)
2391,2026-06-08 00:09:35,2026-06-08 00:10:35,60,mag_x,Ridge,20.846,239.7216829837799,218.8756829837799,218.8756829837799,1049.9648996631483,LARGE_PREDICTION_CHANGE,HIGH,Prediction changed by 1049.96% (threshold 50.00%)
2392,2026-06-08 00:09:35,2026-06-08 00:10:35,60,mag_y,Ridge,91.826,225.98275360766863,134.15675360766866,134.15675360766863,146.0988757080442,LARGE_PREDICTION_CHANGE,HIGH,Prediction changed by 146.10% (threshold 50.00%)
2398,2026-06-08 00:09:36,2026-06-08 00:10:36,60,mag_x,Ridge,4.438,230.7800833770907,226.34208337709072,226.34208337709072,5100.0920093981695,LARGE_PREDICTION_CHANGE,HIGH,Prediction changed by 5100.09% (threshold 50.00%)
2399,2026-06-08 00:09:36,2026-06-08 00:10:36,60,mag_y,Ridge,100.184,233.59846801497167,133.41446801497167,133.41446801497167,133.1694362522675,LARGE_PREDICTION_CHANGE,HIGH,Prediction changed by 133.17% (threshold 50.00%)
2400,2026-06-08 00:09:36,2026-06-08 00:10:36,60,mag_z,Ridge,100.254,228.01256010826611,127.75856010826614,127.75856010826611,127.43487552443406,LARGE_PREDICTION_CHANGE,HIGH,Prediction changed by 127.43% (threshold 50.00%)
2414,2026-06-08 00:09:39,2026-06-08 00:10:39,60,mag_z,Ridge,119.728,232.90021049133424,113.17221049133424,113.17221049133424,94.52443078589323,LARGE_PREDICTION_CHANGE,HIGH,Prediction changed by 94.52% (threshold 50.00%)
2420,2026-06-08 00:09:40,2026-06-08 00:10:40,60,mag_y,Ridge,33.376,228.11179622088213,194.7357962208821,194.73579622088212,583.4605591469383,LARGE_PREDICTION_CHANGE,HIGH,Prediction changed by 583.46% (threshold 50.00%)
2434,2026-06-08 00:09:43,2026-06-08 00:10:43,60,mag_y,Ridge,139.51,221.5233129770256,82.01331297702558,82.0133129770256,58.786691260143066,LARGE_PREDICTION_CHANGE,HIGH,Prediction changed by 58.79% (threshold 50.00%)
2440,2026-06-08 00:09:45,2026-06-08 00:10:45,60,mag_x,Ridge,152.544,229.77958657347315,77.23558657347314,77.23558657347314,50.63167779360259,LARGE_PREDICTION_CHANGE,HIGH,Prediction changed by 50.63% (threshold 50.00%)
2442,2026-06-08 00:09:45,2026-06-08 00:10:45,60,mag_z,Ridge,27.916,224.80594166091788,196.88994166091788,196.88994166091788,705.2942458121431,LARGE_PREDICTION_CHANGE,HIGH,Prediction changed by 705.29% (threshold 50.00%)
2447,2026-06-08 00:09:46,2026-06-08 00:10:46,60,mag_x,Ridge,38.598,220.95376478349735,182.35576478349736,182.35576478349736,472.4487403064858,LARGE_PREDICTION_CHANGE,HIGH,Prediction changed by 472.45% (threshold 50.00%)
2448,2026-06-08 00:09:46,2026-06-08 00:10:46,60,mag_y,Ridge,91.224,231.47593959385856,140.25193959385854,140.25193959385854,153.74456238912845,LARGE_PREDICTION_CHANGE,HIGH,Prediction changed by 153.74% (threshold 50.00%)
2456,2026-06-08 00:09:48,2026-06-08 00:10:48,60,mag_z,Ridge,132.86,225.3179654155728,92.4579654155728,92.45796541557277,69.59052040913201,LARGE_PREDICTION_CHANGE,HIGH,Prediction changed by 69.59% (threshold 50.00%)
2462,2026-06-08 00:09:49,2026-06-08 00:10:49,60,mag_y,Ridge,43.456,238.48333962337847,195.02733962337845,195.02733962337845,448.7926629772147,LARGE_PREDICTION_CHANGE,HIGH,Prediction changed by 448.79% (threshold 50.00%)
2475,2026-06-08 00:09:52,2026-06-08 00:10:52,60,mag_x,Ridge,118.972,223.9326442184937,104.96064421849373,104.9606442184937,88.22298038067254,LARGE_PREDICTION_CHANGE,HIGH,Prediction changed by 88.22% (threshold 50.00%)
2477,2026-06-08 00:09:52,2026-06-08 00:10:52,60,mag_z,Ridge,67.606,224.9323074004976,157.32630740049763,157.3263074004976,232.71056918098637,LARGE_PREDICTION_CHANGE,HIGH,Prediction changed by 232.71% (threshold 50.00%)
2482,2026-06-08 00:09:53,2026-06-08 00:10:53,60,mag_x,Ridge,21.252,219.9700211677225,198.7180211677225,198.7180211677225,935.0556237893963,LARGE_PREDICTION_CHANGE,HIGH,Prediction changed by 935.06% (threshold 50.00%)
2483,2026-06-08 00:09:53,2026-06-08 00:10:53,60,mag_y,Ridge,73.752,227.07530569722687,153.32330569722689,153.32330569722689,207.89037002010372,LARGE_PREDICTION_CHANGE,HIGH,Prediction changed by 207.89% (threshold 50.00%)
2484,2026-06-08 00:09:53,2026-06-08 00:10:53,60,mag_z,Ridge,150.15,227.82247646462545,77.67247646462542,77.67247646462545,51.72992105536159,LARGE_PREDICTION_CHANGE,HIGH,Prediction changed by 51.73% (threshold 50.00%)
2489,2026-06-08 00:09:55,2026-06-08 00:10:55,60,mag_x,Ridge,435.12,214.5403634371292,-220.5796365628708,220.5796365628708,-50.693977882623365,LARGE_PREDICTION_CHANGE,HIGH,Prediction changed by 50.69% (threshold 50.00%)
2490,2026-06-08 00:09:55,2026-06-08 00:10:55,60,mag_y,Ridge,73.416,230.02381378591903,156.60781378591903,156.60781378591903,213.31564479938848,LARGE_PREDICTION_CHANGE,HIGH,Prediction changed by 213.32% (threshold 50.00%)
2497,2026-06-08 00:09:56,2026-06-08 00:10:56,60,mag_y,Ridge,23.954,235.96360638227105,212.00960638227104,212.00960638227104,885.0697436013652,LARGE_PREDICTION_CHANGE,HIGH,Prediction changed by 885.07% (threshold 50.00%)
2504,2026-06-08 00:09:58,2026-06-08 00:10:58,60,mag_y,Ridge,150.682,230.80390603467023,80.12190603467025,80.12190603467025,53.172844821989514,LARGE_PREDICTION_CHANGE,HIGH,Prediction changed by 53.17% (threshold 50.00%)
2526,2026-06-08 00:10:02,2026-06-08 00:11:02,60,mag_z,Ridge,81.76,229.63946733642751,147.87946733642752,147.87946733642752,180.87018999073817,LARGE_PREDICTION_CHANGE,HIGH,Prediction changed by 180.87% (threshold 50.00%)
2532,2026-06-08 00:10:03,2026-06-08 00:11:03,60,mag_y,Ridge,63.91,219.49098798235997,155.58098798235994,155.58098798235997,243.43762788665302,LARGE_PREDICTION_CHANGE,HIGH,Prediction changed by 243.44% (threshold 50.00%)
2539,2026-06-08 00:10:05,2026-06-08 00:11:05,60,mag_y,Ridge,1.008,221.39995815441475,220.39195815441477,220.39195815441474,21864.281562937973,LARGE_PREDICTION_CHANGE,HIGH,Prediction changed by 21864.28% (threshold 50.00%)
2546,2026-06-08 00:10:06,2026-06-08 00:11:06,60,mag_y,Ridge,29.638,221.06459003889364,191.42659003889364,191.42659003889364,645.8822796372684,LARGE_PREDICTION_CHANGE,HIGH,Prediction changed by 645.88% (threshold 50.00%)
2559,2026-06-08 00:10:09,2026-06-08 00:11:09,60,mag_x,Ridge,7.574,234.24655728423025,226.6725572842302,226.67255728423024,2992.7720792742302,LARGE_PREDICTION_CHANGE,HIGH,Prediction changed by 2992.77% (threshold 50.00%)
2566,2026-06-08 00:10:11,2026-06-08 00:11:11,60,mag_x,Ridge,4.746,227.81789684451408,223.07189684451407,223.07189684451407,4700.208530225749,LARGE_PREDICTION_CHANGE,HIGH,Prediction changed by 4700.21% (threshold 50.00%)
2567,2026-06-08 00:10:11,2026-06-08 00:11:11,60,mag_y,Ridge,145.026,231.36805666739315,86.34205666739314,86.34205666739314,59.535570633812654,LARGE_PREDICTION_CHANGE,HIGH,Prediction changed by 59.54% (threshold 50.00%)
2580,2026-06-08 00:10:13,2026-06-08 00:11:13,60,mag_x,Ridge,127.344,230.7613508613204,103.4173508613204,103.41735086132041,81.21101179586036,LARGE_PREDICTION_CHANGE,HIGH,Prediction changed by 81.21% (threshold 50.00%)
2581,2026-06-08 00:10:13,2026-06-08 00:11:13,60,mag_y,Ridge,96.53001,233.0392335200884,136.5092235200884,136.5092235200884,141.41635696514317,LARGE_PREDICTION_CHANGE,HIGH,Prediction changed by 141.42% (threshold 50.00%)
2588,2026-06-08 00:10:15,2026-06-08 00:11:15,60,mag_y,Ridge,106.946,224.0714598557051,117.12545985570507,117.12545985570509,109.51831752071612,LARGE_PREDICTION_CHANGE,HIGH,Prediction changed by 109.52% (threshold 50.00%)
2601,2026-06-08 00:10:18,2026-06-08 00:11:18,60,mag_x,Ridge,111.986,228.5850772568924,116.5990772568924,116.59907725689239,104.11933389610522,LARGE_PREDICTION_CHANGE,HIGH,Prediction changed by 104.12% (threshold 50.00%)
2609,2026-06-08 00:10:19,2026-06-08 00:11:19,60,mag_y,Ridge,90.104,225.8579808780748,135.7539808780748,135.7539808780748,150.66365630612935,LARGE_PREDICTION_CHANGE,HIGH,Prediction changed by 150.66% (threshold 50.00%)
2617,2026-06-08 00:10:21,2026-06-08 00:11:21,60,mag_z,Ridge,25.914,230.23094181331064,204.31694181331068,204.31694181331062,788.4423161739239,LARGE_PREDICTION_CHANGE,HIGH,Prediction changed by 788.44% (threshold 50.00%)
2636,2026-06-08 00:10:25,2026-06-08 00:11:25,60,mag_x,Ridge,45.5,230.97595193863867,185.47595193863867,185.47595193863867,407.63945481019493,LARGE_PREDICTION_CHANGE,HIGH,Prediction changed by 407.64% (threshold 50.00%)
2637,2026-06-08 00:10:25,2026-06-08 00:11:25,60,mag_y,Ridge,11.144,232.13889531278136,220.99489531278132,220.99489531278135,1983.0841287938022,LARGE_PREDICTION_CHANGE,HIGH,Prediction changed by 1983.08% (threshold 50.00%)
2638,2026-06-08 00:10:25,2026-06-08 00:11:25,60,mag_z,Ridge,134.386,226.8142492941505,92.4282492941505,92.4282492941505,68.77818321413727,LARGE_PREDICTION_CHANGE,HIGH,Prediction changed by 68.78% (threshold 50.00%)
2644,2026-06-08 00:10:26,2026-06-08 00:11:26,60,mag_y,Ridge,139.286,236.92484434757097,97.63884434757097,97.63884434757097,70.09953932740618,LARGE_PREDICTION_CHANGE,HIGH,Prediction changed by 70.10% (threshold 50.00%)
2652,2026-06-08 00:10:28,2026-06-08 00:11:28,60,mag_z,Ridge,102.508,218.3881261496604,115.88012614966044,115.8801261496604,113.04495858826671,LARGE_PREDICTION_CHANGE,HIGH,Prediction changed by 113.04% (threshold 50.00%)
2657,2026-06-08 00:10:29,2026-06-08 00:11:29,60,mag_x,Ridge,7.098,228.58905878319487,221.4910587831949,221.49105878319486,3120.471383251548,LARGE_PREDICTION_CHANGE,HIGH,Prediction changed by 3120.47% (threshold 50.00%)
2659,2026-06-08 00:10:29,2026-06-08 00:11:29,60,mag_z,Ridge,456.4,221.6770275575634,-234.72297244243657,234.72297244243657,-51.42922270868462,LARGE_PREDICTION_CHANGE,HIGH,Prediction changed by 51.43% (threshold 50.00%)
2673,2026-06-08 00:10:32,2026-06-08 00:11:32,60,mag_z,Ridge,112.84,226.8866545563185,114.04665455631849,114.04665455631849,101.06935001446162,LARGE_PREDICTION_CHANGE,HIGH,Prediction changed by 101.07% (threshold 50.00%)
2685,2026-06-08 00:10:35,2026-06-08 00:11:35,60,mag_x,Ridge,82.54401,231.60801821080943,149.06400821080945,149.06400821080945,180.58731119412474,LARGE_PREDICTION_CHANGE,HIGH,Prediction changed by 180.59% (threshold 50.00%)
2699,2026-06-08 00:10:38,2026-06-08 00:11:38,60,mag_x,Ridge,26.586,227.3519237987719,200.7659237987719,200.7659237987719,755.1565628480099,LARGE_PREDICTION_CHANGE,HIGH,Prediction changed by 755.16% (threshold 50.00%)
2713,2026-06-08 00:10:41,2026-06-08 00:11:41,60,mag_x,Ridge,21.0,229.3100492455121,208.3100492455121,208.3100492455121,991.9526154548194,LARGE_PREDICTION_CHANGE,HIGH,Prediction changed by 991.95% (threshold 50.00%)
2727,2026-06-08 00:10:43,2026-06-08 00:11:43,60,mag_x,Ridge,11.06,235.67263944834676,224.61263944834675,224.61263944834675,2030.8556912147083,LARGE_PREDICTION_CHANGE,HIGH,Prediction changed by 2030.86% (threshold 50.00%)
2734,2026-06-08 00:10:45,2026-06-08 00:11:45,60,mag_x,Ridge,44.534,231.2436062211085,186.7096062211085,186.70960622110852,419.2518215770164,LARGE_PREDICTION_CHANGE,HIGH,Prediction changed by 419.25% (threshold 50.00%)
2743,2026-06-08 00:10:46,2026-06-08 00:11:46,60,mag_z,Ridge,54.152,229.4972212734915,175.34522127349152,175.34522127349152,323.8019302583312,LARGE_PREDICTION_CHANGE,HIGH,Prediction changed by 323.80% (threshold 50.00%)
2750,2026-06-08 00:10:48,2026-06-08 00:11:48,60,mag_z,Ridge,45.052,227.85609393070104,182.80409393070104,182.80409393070104,405.76243880560475,LARGE_PREDICTION_CHANGE,HIGH,Prediction changed by 405.76% (threshold 50.00%)
2756,2026-06-08 00:10:49,2026-06-08 00:11:49,60,mag_y,Ridge,76.58,235.64697579937564,159.06697579937563,159.06697579937565,207.71347061814524,LARGE_PREDICTION_CHANGE,HIGH,Prediction changed by 207.71% (threshold 50.00%)
2764,2026-06-08 00:10:51,2026-06-08 00:11:51,60,mag_z,Ridge,59.864,226.7719100533786,166.9079100533786,166.9079100533786,278.8118235556906,LARGE_PREDICTION_CHANGE,HIGH,Prediction changed by 278.81% (threshold 50.00%)
2769,2026-06-08 00:10:52,2026-06-08 00:11:52,60,mag_x,Ridge,64.05,228.1804143253808,164.1304143253808,164.1304143253808,256.2535742785024,LARGE_PREDICTION_CHANGE,HIGH,Prediction changed by 256.25% (threshold 50.00%)
2770,2026-06-08 00:10:52,2026-06-08 00:11:52,60,mag_y,Ridge,135.114,225.43155608747543,90.31755608747544,90.31755608747542,66.84544613250695,LARGE_PREDICTION_CHANGE,HIGH,Prediction changed by 66.85% (threshold 50.00%)
2777,2026-06-08 00:10:53,2026-06-08 00:11:53,60,mag_y,Ridge,4.69,223.43188056859992,218.74188056859992,218.74188056859992,4664.005982272919,LARGE_PREDICTION_CHANGE,HIGH,Prediction changed by 4664.01% (threshold 50.00%)
2783,2026-06-08 00:10:55,2026-06-08 00:11:55,60,mag_x,Ridge,117.39,233.78713075456056,116.39713075456056,116.39713075456056,99.1542130969934,LARGE_PREDICTION_CHANGE,HIGH,Prediction changed by 99.15% (threshold 50.00%)
2791,2026-06-08 00:10:56,2026-06-08 00:11:56,60,mag_y,Ridge,39.144,223.72746135592973,184.58346135592973,184.58346135592973,471.5498195277175,LARGE_PREDICTION_CHANGE,HIGH,Prediction changed by 471.55% (threshold 50.00%)
2797,2026-06-08 00:10:58,2026-06-08 00:11:58,60,mag_x,Ridge,54.768,228.3069387903905,173.5389387903905,173.5389387903905,316.86192446390316,LARGE_PREDICTION_CHANGE,HIGH,Prediction changed by 316.86% (threshold 50.00%)
2799,2026-06-08 00:10:58,2026-06-08 00:11:58,60,mag_z,Ridge,40.67,229.30825135030705,188.63825135030703,188.63825135030703,463.82653393239985,LARGE_PREDICTION_CHANGE,HIGH,Prediction changed by 463.83% (threshold 50.00%)
2806,2026-06-08 00:10:59,2026-06-08 00:11:59,60,mag_z,Ridge,49.364,236.27032571388557,186.90632571388556,186.90632571388556,378.62880988956647,LARGE_PREDICTION_CHANGE,HIGH,Prediction changed by 378.63% (threshold 50.00%)
2811,2026-06-08 00:11:01,2026-06-08 00:12:01,60,mag_x,Ridge,90.188,227.18851643104864,137.00051643104865,137.00051643104865,151.90548236023488,LARGE_PREDICTION_CHANGE,HIGH,Prediction changed by 151.91% (threshold 50.00%)
2813,2026-06-08 00:11:01,2026-06-08 00:12:01,60,mag_z,Ridge,122.346,227.34528678430996,104.99928678430992,104.99928678430996,85.82159350065382,LARGE_PREDICTION_CHANGE,HIGH,Prediction changed by 85.82% (threshold 50.00%)
2826,2026-06-08 00:11:03,2026-06-08 00:12:03,60,mag_y,Ridge,75.85201,229.25757963540156,153.40556963540152,153.40556963540155,202.24324923677239,LARGE_PREDICTION_CHANGE,HIGH,Prediction changed by 202.24% (threshold 50.00%)
2827,2026-06-08 00:11:03,2026-06-08 00:12:03,60,mag_z,Ridge,114.52,233.4965950576716,118.97659505767162,118.97659505767162,103.89154301228747,LARGE_PREDICTION_CHANGE,HIGH,Prediction changed by 103.89% (threshold 50.00%)
2832,2026-06-08 00:11:05,2026-06-08 00:12:05,60,mag_x,Ridge,98.056,229.4497845285924,131.3937845285924,131.3937845285924,133.99871963836216,LARGE_PREDICTION_CHANGE,HIGH,Prediction changed by 134.00% (threshold 50.00%)
2834,2026-06-08 00:11:05,2026-06-08 00:12:05,60,mag_z,Ridge,117.096,228.49786223796696,111.40186223796698,111.40186223796695,95.13720557317669,LARGE_PREDICTION_CHANGE,HIGH,Prediction changed by 95.14% (threshold 50.00%)
2853,2026-06-08 00:11:09,2026-06-08 00:12:09,60,mag_x,Ridge,125.79,236.45477710315967,110.66477710315966,110.66477710315966,87.97581453466861,LARGE_PREDICTION_CHANGE,HIGH,Prediction changed by 87.98% (threshold 50.00%)
2854,2026-06-08 00:11:09,2026-06-08 00:12:09,60,mag_y,Ridge,112.644,228.9499817161077,116.30598171610772,116.30598171610768,103.25093366367291,LARGE_PREDICTION_CHANGE,HIGH,Prediction changed by 103.25% (threshold 50.00%)
2855,2026-06-08 00:11:09,2026-06-08 00:12:09,60,mag_z,Ridge,27.412,229.4331364720048,202.0211364720048,202.0211364720048,736.9806525317555,LARGE_PREDICTION_CHANGE,HIGH,Prediction changed by 736.98% (threshold 50.00%)
2861,2026-06-08 00:11:11,2026-06-08 00:12:11,60,mag_y,Ridge,68.096,231.70791479714632,163.6119147971463,163.6119147971463,240.26655720915517,LARGE_PREDICTION_CHANGE,HIGH,Prediction changed by 240.27% (threshold 50.00%)
2862,2026-06-08 00:11:11,2026-06-08 00:12:11,60,mag_z,Ridge,78.652,227.55286225623624,148.90086225623622,148.90086225623622,189.31605331871563,LARGE_PREDICTION_CHANGE,HIGH,Prediction changed by 189.32% (threshold 50.00%)
2868,2026-06-08 00:11:12,2026-06-08 00:12:12,60,mag_y,Ridge,9.576,226.7896729010831,217.21367290108307,217.2136729010831,2268.3132090756376,LARGE_PREDICTION_CHANGE,HIGH,Prediction changed by 2268.31% (threshold 50.00%)
2875,2026-06-08 00:11:14,2026-06-08 00:12:14,60,mag_y,Ridge,33.138,226.9624071141853,193.8244071141853,193.8244071141853,584.9007396770635,LARGE_PREDICTION_CHANGE,HIGH,Prediction changed by 584.90% (threshold 50.00%)
2882,2026-06-08 00:11:15,2026-06-08 00:12:15,60,mag_y,Ridge,97.818,227.40060649483095,129.582606494831,129.58260649483094,132.4731710879705,LARGE_PREDICTION_CHANGE,HIGH,Prediction changed by 132.47% (threshold 50.00%)
2889,2026-06-08 00:11:16,2026-06-08 00:12:16,60,mag_y,Ridge,32.242,228.974853149682,196.732853149682,196.732853149682,610.175712268724,LARGE_PREDICTION_CHANGE,HIGH,Prediction changed by 610.18% (threshold 50.00%)
2895,2026-06-08 00:11:18,2026-06-08 00:12:18,60,mag_x,Ridge,104.944,239.44968962935843,134.5056896293584,134.50568962935841,128.16901359711693,LARGE_PREDICTION_CHANGE,HIGH,Prediction changed by 128.17% (threshold 50.00%)
2896,2026-06-08 00:11:18,2026-06-08 00:12:18,60,mag_y,Ridge,100.954,231.9367576062874,130.9827576062874,130.9827576062874,129.74499039789154,LARGE_PREDICTION_CHANGE,HIGH,Prediction changed by 129.74% (threshold 50.00%)
2897,2026-06-08 00:11:18,2026-06-08 00:12:18,60,mag_z,Ridge,77.644,228.89223855317616,151.24823855317618,151.24823855317615,194.7970719607132,LARGE_PREDICTION_CHANGE,HIGH,Prediction changed by 194.80% (threshold 50.00%)
2902,2026-06-08 00:11:19,2026-06-08 00:12:19,60,mag_x,Ridge,130.298,239.45019943844872,109.15219943844872,109.15219943844872,83.7712009688934,LARGE_PREDICTION_CHANGE,HIGH,Prediction changed by 83.77% (threshold 50.00%)
2903,2026-06-08 00:11:19,2026-06-08 00:12:19,60,mag_y,Ridge,146.104,241.8019508221085,95.69795082210848,95.69795082210848,65.49988420721436,LARGE_PREDICTION_CHANGE,HIGH,Prediction changed by 65.50% (threshold 50.00%)
2904,2026-06-08 00:11:19,2026-06-08 00:12:19,60,mag_z,Ridge,57.232,230.37007748754883,173.13807748754886,173.13807748754883,302.51970486362325,LARGE_PREDICTION_CHANGE,HIGH,Prediction changed by 302.52% (threshold 50.00%)
2918,2026-06-08 00:11:22,2026-06-08 00:12:22,60,mag_z,Ridge,146.146,224.4821405838259,78.33614058382591,78.33614058382591,53.60128952131835,LARGE_PREDICTION_CHANGE,HIGH,Prediction changed by 53.60% (threshold 50.00%)
2923,2026-06-08 00:11:24,2026-06-08 00:12:24,60,mag_x,Ridge,144.158,235.57433266239127,91.41633266239128,91.41633266239128,63.41398511521476,LARGE_PREDICTION_CHANGE,HIGH,Prediction changed by 63.41% (threshold 50.00%)
2924,2026-06-08 00:11:24,2026-06-08 00:12:24,60,mag_y,Ridge,120.232,229.07672481485807,108.84472481485808,108.84472481485807,90.52891477714591,LARGE_PREDICTION_CHANGE,HIGH,Prediction changed by 90.53% (threshold 50.00%)
2930,2026-06-08 00:11:25,2026-06-08 00:12:25,60,mag_x,Ridge,112.714,229.80823638261865,117.09423638261865,117.09423638261865,103.88615112818162,LARGE_PREDICTION_CHANGE,HIGH,Prediction changed by 103.89% (threshold 50.00%)
2932,2026-06-08 00:11:25,2026-06-08 00:12:25,60,mag_z,Ridge,45.766,225.45105150514524,179.68505150514525,179.68505150514525,392.61690229678203,LARGE_PREDICTION_CHANGE,HIGH,Prediction changed by 392.62% (threshold 50.00%)
2937,2026-06-08 00:11:26,2026-06-08 00:12:26,60,mag_x,Ridge,95.522,229.04724328622075,133.52524328622076,133.52524328622076,139.78480694104053,LARGE_PREDICTION_CHANGE,HIGH,Prediction changed by 139.78% (threshold 50.00%)
2938,2026-06-08 00:11:26,2026-06-08 00:12:26,60,mag_y,Ridge,49.77,229.5544528197545,179.7844528197545,179.78445281975448,361.2305662442325,LARGE_PREDICTION_CHANGE,HIGH,Prediction changed by 361.23% (threshold 50.00%)
2939,2026-06-08 00:11:26,2026-06-08 00:12:26,60,mag_z,Ridge,71.302,231.1749683526056,159.87296835260554,159.8729683526056,224.2194725990933,LARGE_PREDICTION_CHANGE,HIGH,Prediction changed by 224.22% (threshold 50.00%)
2952,2026-06-08 00:11:29,2026-06-08 00:12:29,60,mag_y,Ridge,4.676,227.39548968290583,222.71948968290587,222.71948968290585,4763.034424356413,LARGE_PREDICTION_CHANGE,HIGH,Prediction changed by 4763.03% (threshold 50.00%)
2953,2026-06-08 00:11:29,2026-06-08 00:12:29,60,mag_z,Ridge,15.4,232.6981686360852,217.2981686360852,217.2981686360852,1411.0270690654881,LARGE_PREDICTION_CHANGE,HIGH,Prediction changed by 1411.03% (threshold 50.00%)
2958,2026-06-08 00:11:31,2026-06-08 00:12:31,60,mag_x,Ridge,92.624,232.00529640998028,139.38129640998028,139.38129640998028,150.48075704998735,LARGE_PREDICTION_CHANGE,HIGH,Prediction changed by 150.48% (threshold 50.00%)
2965,2026-06-08 00:11:32,2026-06-08 00:12:32,60,mag_x,Ridge,33.334,229.01346613087475,195.67946613087477,195.67946613087474,587.026657859467,LARGE_PREDICTION_CHANGE,HIGH,Prediction changed by 587.03% (threshold 50.00%)
2967,2026-06-08 00:11:32,2026-06-08 00:12:32,60,mag_z,Ridge,39.354,225.6110744194421,186.2570744194421,186.25707441944212,473.2862591336131,LARGE_PREDICTION_CHANGE,HIGH,Prediction changed by 473.29% (threshold 50.00%)
2974,2026-06-08 00:11:34,2026-06-08 00:12:34,60,mag_z,Ridge,65.464,232.930348561714,167.46634856171397,167.466348561714,255.81441488713486,LARGE_PREDICTION_CHANGE,HIGH,Prediction changed by 255.81% (threshold 50.00%)
2980,2026-06-08 00:11:35,2026-06-08 00:12:35,60,mag_y,Ridge,7.672,232.6788813852677,225.0068813852677,225.0068813852677,2932.8321348444697,LARGE_PREDICTION_CHANGE,HIGH,Prediction changed by 2932.83% (threshold 50.00%)
2981,2026-06-08 00:11:35,2026-06-08 00:12:35,60,mag_z,Ridge,44.212,237.97503215755728,193.7630321575573,193.7630321575573,438.2589164877348,LARGE_PREDICTION_CHANGE,HIGH,Prediction changed by 438.26% (threshold 50.00%)
3000,2026-06-08 00:11:39,2026-06-08 00:12:39,60,mag_x,Ridge,85.918,232.49607339174872,146.57807339174872,146.57807339174872,170.60228752036676,LARGE_PREDICTION_CHANGE,HIGH,Prediction changed by 170.60% (threshold 50.00%)
3008,2026-06-08 00:11:41,2026-06-08 00:12:41,60,mag_y,Ridge,19.81,220.5321760396597,200.7221760396597,200.7221760396597,1013.2366281658743,LARGE_PREDICTION_CHANGE,HIGH,Prediction changed by 1013.24% (threshold 50.00%)
3014,2026-06-08 00:11:42,2026-06-08 00:12:42,60,mag_x,Ridge,78.232,232.18716236543253,153.95516236543253,153.95516236543253,196.79308002535092,LARGE_PREDICTION_CHANGE,HIGH,Prediction changed by 196.79% (threshold 50.00%)
3016,2026-06-08 00:11:42,2026-06-08 00:12:42,60,mag_z,Ridge,125.65,235.9070294188072,110.25702941880716,110.2570294188072,87.7493270344665,LARGE_PREDICTION_CHANGE,HIGH,Prediction changed by 87.75% (threshold 50.00%)
3023,2026-06-08 00:11:44,2026-06-08 00:12:44,60,mag_z,Ridge,129.878,238.66372757194412,108.78572757194416,108.78572757194414,83.75993437837369,LARGE_PREDICTION_CHANGE,HIGH,Prediction changed by 83.76% (threshold 50.00%)
3043,2026-06-08 00:11:48,2026-06-08 00:12:48,60,mag_y,Ridge,50.316,223.3892843807008,173.07328438070076,173.07328438070078,343.9726615404657,LARGE_PREDICTION_CHANGE,HIGH,Prediction changed by 343.97% (threshold 50.00%)
3057,2026-06-08 00:11:51,2026-06-08 00:12:51,60,mag_y,Ridge,145.628,222.3150004593294,76.68700045932943,76.68700045932943,52.659516342550496,LARGE_PREDICTION_CHANGE,HIGH,Prediction changed by 52.66% (threshold 50.00%)
3071,2026-06-08 00:11:54,2026-06-08 00:12:54,60,mag_y,Ridge,7.91,225.25636028223116,217.34636028223116,217.34636028223116,2747.741596488384,LARGE_PREDICTION_CHANGE,HIGH,Prediction changed by 2747.74% (threshold 50.00%)
3085,2026-06-08 00:11:56,2026-06-08 00:12:56,60,mag_y,Ridge,43.162,225.77136883280895,182.60936883280897,182.60936883280894,423.0790251443607,LARGE_PREDICTION_CHANGE,HIGH,Prediction changed by 423.08% (threshold 50.00%)
3091,2026-06-08 00:11:58,2026-06-08 00:12:58,60,mag_x,Ridge,29.47,227.23294363510223,197.76294363510223,197.76294363510223,671.0652990671946,LARGE_PREDICTION_CHANGE,HIGH,Prediction changed by 671.07% (threshold 50.00%)
3092,2026-06-08 00:11:58,2026-06-08 00:12:58,60,mag_y,Ridge,12.698,226.9187256532612,214.2207256532612,214.22072565326118,1687.043043418343,LARGE_PREDICTION_CHANGE,HIGH,Prediction changed by 1687.04% (threshold 50.00%)
3093,2026-06-08 00:11:58,2026-06-08 00:12:58,60,mag_z,Ridge,105.784,224.524866851076,118.740866851076,118.740866851076,112.24841833460259,LARGE_PREDICTION_CHANGE,HIGH,Prediction changed by 112.25% (threshold 50.00%)
3100,2026-06-08 00:11:59,2026-06-08 00:12:59,60,mag_z,Ridge,138.152,225.72174745238024,87.56974745238026,87.56974745238026,63.38652169521994,LARGE_PREDICTION_CHANGE,HIGH,Prediction changed by 63.39% (threshold 50.00%)
3114,2026-06-08 00:12:02,2026-06-08 00:13:02,60,mag_z,Ridge,53.62,225.9658641129839,172.34586411298386,172.3458641129839,321.4208580995596,LARGE_PREDICTION_CHANGE,HIGH,Prediction changed by 321.42% (threshold 50.00%)
3119,2026-06-08 00:12:04,2026-06-08 00:13:04,60,mag_x,Ridge,104.146,218.25281778833644,114.10681778833644,114.10681778833644,109.56428263047687,LARGE_PREDICTION_CHANGE,HIGH,Prediction changed by 109.56% (threshold 50.00%)
3121,2026-06-08 00:12:04,2026-06-08 00:13:04,60,mag_z,Ridge,52.668,233.75658539850812,181.08858539850812,181.08858539850812,343.8303816330754,LARGE_PREDICTION_CHANGE,HIGH,Prediction changed by 343.83% (threshold 50.00%)
3126,2026-06-08 00:12:05,2026-06-08 00:13:05,60,mag_x,Ridge,141.134,214.69116849308645,73.55716849308646,73.55716849308646,52.11867338351246,LARGE_PREDICTION_CHANGE,HIGH,Prediction changed by 52.12% (threshold 50.00%)
3127,2026-06-08 00:12:05,2026-06-08 00:13:05,60,mag_y,Ridge,130.858,231.10767709560477,100.24967709560474,100.24967709560477,76.60951343869289,LARGE_PREDICTION_CHANGE,HIGH,Prediction changed by 76.61% (threshold 50.00%)
3133,2026-06-08 00:12:06,2026-06-08 00:13:06,60,mag_x,Ridge,68.68401,216.25963705325967,147.57562705325967,147.57562705325967,214.86169350516903,LARGE_PREDICTION_CHANGE,HIGH,Prediction changed by 214.86% (threshold 50.00%)
3135,2026-06-08 00:12:06,2026-06-08 00:13:06,60,mag_z,Ridge,29.54,227.47985935972187,197.93985935972188,197.93985935972188,670.0739991866009,LARGE_PREDICTION_CHANGE,HIGH,Prediction changed by 670.07% (threshold 50.00%)
3141,2026-06-08 00:12:08,2026-06-08 00:13:08,60,mag_y,Ridge,68.69801,228.41137147913665,159.7133614791367,159.71336147913667,232.48615422650042,LARGE_PREDICTION_CHANGE,HIGH,Prediction changed by 232.49% (threshold 50.00%)
3147,2026-06-08 00:12:09,2026-06-08 00:13:09,60,mag_x,Ridge,454.16,222.13719867480205,-232.022801325198,232.02280132519797,-51.08833920318786,LARGE_PREDICTION_CHANGE,HIGH,Prediction changed by 51.09% (threshold 50.00%)
3149,2026-06-08 00:12:09,2026-06-08 00:13:09,60,mag_z,Ridge,457.268,227.92443826461977,-229.3435617353802,229.3435617353802,-50.15517415069068,LARGE_PREDICTION_CHANGE,HIGH,Prediction changed by 50.16% (threshold 50.00%)
3163,2026-06-08 00:12:12,2026-06-08 00:13:12,60,mag_z,Ridge,117.572,225.8555334104317,108.28353341043167,108.28353341043169,92.09976304769135,LARGE_PREDICTION_CHANGE,HIGH,Prediction changed by 92.10% (threshold 50.00%)
3169,2026-06-08 00:12:14,2026-06-08 00:13:14,60,mag_y,Ridge,130.998,226.5107336723948,95.51273367239476,95.5127336723948,72.91159687353606,LARGE_PREDICTION_CHANGE,HIGH,Prediction changed by 72.91% (threshold 50.00%)
3175,2026-06-08 00:12:15,2026-06-08 00:13:15,60,mag_x,Ridge,51.044,233.8988981401573,182.85489814015733,182.85489814015733,358.22995482359795,LARGE_PREDICTION_CHANGE,HIGH,Prediction changed by 358.23% (threshold 50.00%)
3183,2026-06-08 00:12:16,2026-06-08 00:13:16,60,mag_y,Ridge,13.594,230.0076252936008,216.4136252936008,216.4136252936008,1591.9790002471739,LARGE_PREDICTION_CHANGE,HIGH,Prediction changed by 1591.98% (threshold 50.00%)
3198,2026-06-08 00:12:19,2026-06-08 00:13:19,60,mag_z,Ridge,81.144,229.57597003753196,148.43197003753193,148.43197003753195,182.92414724136339,LARGE_PREDICTION_CHANGE,HIGH,Prediction changed by 182.92% (threshold 50.00%)
3204,2026-06-08 00:12:21,2026-06-08 00:13:21,60,mag_y,Ridge,151.718,232.81513147520977,81.09713147520978,81.09713147520978,53.452544507052416,LARGE_PREDICTION_CHANGE,HIGH,Prediction changed by 53.45% (threshold 50.00%)
3225,2026-06-08 00:12:25,2026-06-08 00:13:25,60,mag_y,Ridge,81.522,220.0356961203989,138.5136961203989,138.5136961203989,169.90959019700068,LARGE_PREDICTION_CHANGE,HIGH,Prediction changed by 169.91% (threshold 50.00%)
3232,2026-06-08 00:12:27,2026-06-08 00:13:27,60,mag_y,Ridge,36.372,220.2219270484812,183.8499270484812,183.84992704848122,505.47104104388325,LARGE_PREDICTION_CHANGE,HIGH,Prediction changed by 505.47% (threshold 50.00%)
3233,2026-06-08 00:12:27,2026-06-08 00:13:27,60,mag_z,Ridge,111.048,228.75257368364905,117.70457368364902,117.70457368364904,105.99432108966305,LARGE_PREDICTION_CHANGE,HIGH,Prediction changed by 105.99% (threshold 50.00%)
3246,2026-06-08 00:12:29,2026-06-08 00:13:29,60,mag_y,Ridge,31.444,228.404819820411,196.96081982041105,196.96081982041102,626.3860190192439,LARGE_PREDICTION_CHANGE,HIGH,Prediction changed by 626.39% (threshold 50.00%)
3260,2026-06-08 00:12:32,2026-06-08 00:13:32,60,mag_y,Ridge,74.214,235.3264156134547,161.11241561345471,161.11241561345471,217.0916749042697,LARGE_PREDICTION_CHANGE,HIGH,Prediction changed by 217.09% (threshold 50.00%)
3266,2026-06-08 00:12:34,2026-06-08 00:13:34,60,mag_x,Ridge,86.24001,230.8212499265126,144.58123992651258,144.58123992651258,167.64984132830293,LARGE_PREDICTION_CHANGE,HIGH,Prediction changed by 167.65% (threshold 50.00%)
3274,2026-06-08 00:12:35,2026-06-08 00:13:35,60,mag_y,Ridge,112.714,229.48837490202604,116.77437490202604,116.77437490202604,103.60236962757602,LARGE_PREDICTION_CHANGE,HIGH,Prediction changed by 103.60% (threshold 50.00%)
3282,2026-06-08 00:12:37,2026-06-08 00:13:37,60,mag_z,Ridge,141.932,230.42169233081185,88.48969233081183,88.48969233081186,62.34654082998327,LARGE_PREDICTION_CHANGE,HIGH,Prediction changed by 62.35% (threshold 50.00%)
3296,2026-06-08 00:12:39,2026-06-08 00:13:39,60,mag_z,Ridge,92.12,228.42749948351852,136.30749948351854,136.3074994835185,147.96732466730194,LARGE_PREDICTION_CHANGE,HIGH,Prediction changed by 147.97% (threshold 50.00%)
3301,2026-06-08 00:12:41,2026-06-08 00:13:41,60,mag_x,Ridge,63.966,223.3595175130228,159.3935175130228,159.3935175130228,249.18475051280805,LARGE_PREDICTION_CHANGE,HIGH,Prediction changed by 249.18% (threshold 50.00%)
3303,2026-06-08 00:12:41,2026-06-08 00:13:41,60,mag_z,Ridge,56.154,223.1747676735402,167.0207676735402,167.0207676735402,297.43342891608825,LARGE_PREDICTION_CHANGE,HIGH,Prediction changed by 297.43% (threshold 50.00%)
3309,2026-06-08 00:12:42,2026-06-08 00:13:42,60,mag_y,Ridge,151.634,233.87294200133297,82.23894200133299,82.23894200133299,54.235159661641184,LARGE_PREDICTION_CHANGE,HIGH,Prediction changed by 54.24% (threshold 50.00%)
3317,2026-06-08 00:12:44,2026-06-08 00:13:44,60,mag_z,Ridge,75.418,227.7437596305472,152.32575963054717,152.3257596305472,201.97533696272396,LARGE_PREDICTION_CHANGE,HIGH,Prediction changed by 201.98% (threshold 50.00%)
3330,2026-06-08 00:12:47,2026-06-08 00:13:47,60,mag_y,Ridge,140.91,225.0402133828072,84.13021338280717,84.1302133828072,59.704927530201665,LARGE_PREDICTION_CHANGE,HIGH,Prediction changed by 59.70% (threshold 50.00%)
3337,2026-06-08 00:12:48,2026-06-08 00:13:48,60,mag_y,Ridge,76.272,222.80944783953032,146.53744783953033,146.53744783953033,192.12482672478802,LARGE_PREDICTION_CHANGE,HIGH,Prediction changed by 192.12% (threshold 50.00%)
3345,2026-06-08 00:12:49,2026-06-08 00:13:49,60,mag_z,Ridge,38.094,229.8016895652388,191.7076895652388,191.7076895652388,503.24904070257463,LARGE_PREDICTION_CHANGE,HIGH,Prediction changed by 503.25% (threshold 50.00%)
3357,2026-06-08 00:12:52,2026-06-08 00:13:52,60,mag_x,Ridge,87.89201,240.0656323922769,152.1736223922769,152.1736223922769,173.13703758996627,LARGE_PREDICTION_CHANGE,HIGH,Prediction changed by 173.14% (threshold 50.00%)
3366,2026-06-08 00:12:54,2026-06-08 00:13:54,60,mag_z,Ridge,106.246,229.5767638710069,123.33076387100692,123.33076387100691,116.08038314007767,LARGE_PREDICTION_CHANGE,HIGH,Prediction changed by 116.08% (threshold 50.00%)
3371,2026-06-08 00:12:55,2026-06-08 00:13:55,60,mag_x,Ridge,76.748,240.4577797828436,163.70977978284355,163.7097797828436,213.30820318815285,LARGE_PREDICTION_CHANGE,HIGH,Prediction changed by 213.31% (threshold 50.00%)
3379,2026-06-08 00:12:57,2026-06-08 00:13:57,60,mag_y,Ridge,37.17,229.3811761393616,192.2111761393616,192.2111761393616,517.1137372595147,LARGE_PREDICTION_CHANGE,HIGH,Prediction changed by 517.11% (threshold 50.00%)
3385,2026-06-08 00:12:58,2026-06-08 00:13:58,60,mag_x,Ridge,53.536,241.17633037419324,187.64033037419324,187.64033037419324,350.49374322734843,LARGE_PREDICTION_CHANGE,HIGH,Prediction changed by 350.49% (threshold 50.00%)
3393,2026-06-08 00:12:59,2026-06-08 00:13:59,60,mag_y,Ridge,55.874,232.1121302251058,176.2381302251058,176.2381302251058,315.4206432779214,LARGE_PREDICTION_CHANGE,HIGH,Prediction changed by 315.42% (threshold 50.00%)
3394,2026-06-08 00:12:59,2026-06-08 00:13:59,60,mag_z,Ridge,95.606,231.48172300935263,135.87572300935267,135.87572300935264,142.12049767729295,LARGE_PREDICTION_CHANGE,HIGH,Prediction changed by 142.12% (threshold 50.00%)
3401,2026-06-08 00:13:01,2026-06-08 00:14:01,60,mag_z,Ridge,137.382,226.21716090010295,88.83516090010298,88.83516090010295,64.66288225539223,LARGE_PREDICTION_CHANGE,HIGH,Prediction changed by 64.66% (threshold 50.00%)
3421,2026-06-08 00:13:05,2026-06-08 00:14:05,60,mag_y,Ridge,137.802,230.09066210222952,92.28866210222952,92.28866210222952,66.97193226675195,LARGE_PREDICTION_CHANGE,HIGH,Prediction changed by 66.97% (threshold 50.00%)
3422,2026-06-08 00:13:05,2026-06-08 00:14:05,60,mag_z,Ridge,149.324,233.6374996934482,84.3134996934482,84.3134996934482,56.46346179679635,LARGE_PREDICTION_CHANGE,HIGH,Prediction changed by 56.46% (threshold 50.00%)
3427,2026-06-08 00:13:07,2026-06-08 00:14:07,60,mag_x,Ridge,71.582,234.4760169826021,162.89401698260207,162.8940169826021,227.5628188407729,LARGE_PREDICTION_CHANGE,HIGH,Prediction changed by 227.56% (threshold 50.00%)
3434,2026-06-08 00:13:08,2026-06-08 00:14:08,60,mag_x,Ridge,44.996,232.98622014353236,187.99022014353235,187.99022014353235,417.7931819351328,LARGE_PREDICTION_CHANGE,HIGH,Prediction changed by 417.79% (threshold 50.00%)
3435,2026-06-08 00:13:08,2026-06-08 00:14:08,60,mag_y,Ridge,79.366,227.03366507699684,147.66766507699683,147.66766507699685,186.05909971145934,LARGE_PREDICTION_CHANGE,HIGH,Prediction changed by 186.06% (threshold 50.00%)
3443,2026-06-08 00:13:09,2026-06-08 00:14:09,60,mag_z,Ridge,129.472,229.2067922725114,99.73479227251138,99.73479227251138,77.03193916253042,LARGE_PREDICTION_CHANGE,HIGH,Prediction changed by 77.03% (threshold 50.00%)
3448,2026-06-08 00:13:11,2026-06-08 00:14:11,60,mag_x,Ridge,105.714,231.48043717549447,125.76643717549447,125.76643717549447,118.96857291890808,LARGE_PREDICTION_CHANGE,HIGH,Prediction changed by 118.97% (threshold 50.00%)
3450,2026-06-08 00:13:11,2026-06-08 00:14:11,60,mag_z,Ridge,115.374,232.34493244442865,116.97093244442866,116.97093244442866,101.38413545896708,LARGE_PREDICTION_CHANGE,HIGH,Prediction changed by 101.38% (threshold 50.00%)
3457,2026-06-08 00:13:12,2026-06-08 00:14:12,60,mag_z,Ridge,16.352,226.69727312662368,210.34527312662365,210.34527312662368,1286.3580792968667,LARGE_PREDICTION_CHANGE,HIGH,Prediction changed by 1286.36% (threshold 50.00%)
3462,2026-06-08 00:13:14,2026-06-08 00:14:14,60,mag_x,Ridge,48.23,226.29402064911173,178.06402064911174,178.06402064911174,369.1976376718054,LARGE_PREDICTION_CHANGE,HIGH,Prediction changed by 369.20% (threshold 50.00%)
3463,2026-06-08 00:13:14,2026-06-08 00:14:14,60,mag_y,Ridge,131.88,223.75649138229787,91.87649138229789,91.87649138229787,69.66673595867296,LARGE_PREDICTION_CHANGE,HIGH,Prediction changed by 69.67% (threshold 50.00%)
3470,2026-06-08 00:13:15,2026-06-08 00:14:15,60,mag_y,Ridge,39.186,227.6023167283429,188.4163167283429,188.4163167283429,480.82559263089604,LARGE_PREDICTION_CHANGE,HIGH,Prediction changed by 480.83% (threshold 50.00%)
3477,2026-06-08 00:13:17,2026-06-08 00:14:17,60,mag_y,Ridge,76.468,219.53152817433696,143.06352817433697,143.06352817433697,187.0894075617735,LARGE_PREDICTION_CHANGE,HIGH,Prediction changed by 187.09% (threshold 50.00%)
3478,2026-06-08 00:13:17,2026-06-08 00:14:17,60,mag_z,Ridge,453.306,225.29119906285823,-228.01480093714173,228.01480093714176,-50.300415378826166,LARGE_PREDICTION_CHANGE,HIGH,Prediction changed by 50.30% (threshold 50.00%)
3483,2026-06-08 00:13:18,2026-06-08 00:14:18,60,mag_x,Ridge,85.204,232.18879818403067,146.9847981840307,146.9847981840307,172.50926973385134,LARGE_PREDICTION_CHANGE,HIGH,Prediction changed by 172.51% (threshold 50.00%)
3484,2026-06-08 00:13:18,2026-06-08 00:14:18,60,mag_y,Ridge,110.278,225.48879441469504,115.21079441469506,115.21079441469503,104.47305393160471,LARGE_PREDICTION_CHANGE,HIGH,Prediction changed by 104.47% (threshold 50.00%)
3485,2026-06-08 00:13:18,2026-06-08 00:14:18,60,mag_z,Ridge,24.542,223.05504851818424,198.51304851818423,198.51304851818423,808.870705395584,LARGE_PREDICTION_CHANGE,HIGH,Prediction changed by 808.87% (threshold 50.00%)
3492,2026-06-08 00:13:20,2026-06-08 00:14:20,60,mag_z,Ridge,90.818,220.9292126942154,130.1112126942154,130.1112126942154,143.2658863817915,LARGE_PREDICTION_CHANGE,HIGH,Prediction changed by 143.27% (threshold 50.00%)
3497,2026-06-08 00:13:21,2026-06-08 00:14:21,60,mag_x,Ridge,27.468,230.55409257321423,203.08609257321424,203.08609257321424,739.3552227072021,LARGE_PREDICTION_CHANGE,HIGH,Prediction changed by 739.36% (threshold 50.00%)
3499,2026-06-08 00:13:21,2026-06-08 00:14:21,60,mag_z,Ridge,19.978,231.5080420638321,211.53004206383213,211.5300420638321,1058.8149067165486,LARGE_PREDICTION_CHANGE,HIGH,Prediction changed by 1058.81% (threshold 50.00%)
